2024/07/24 05:50:18 - mmengine - INFO - 
------------------------------------------------------------
System environment:
    sys.platform: linux
    Python: 3.11.9 (main, Apr 19 2024, 16:48:06) [GCC 11.2.0]
    CUDA available: True
    MUSA available: False
    numpy_random_seed: 1153276916
    GPU 0,1,2,3,4,5,6,7: NVIDIA GeForce RTX 4090
    CUDA_HOME: /usr/local/cuda
    NVCC: Cuda compilation tools, release 12.2, V12.2.128
    GCC: gcc (Ubuntu 11.4.0-1ubuntu1~22.04) 11.4.0
    PyTorch: 2.3.1+cu121
    PyTorch compiling details: PyTorch built with:
  - GCC 9.3
  - C++ Version: 201703
  - Intel(R) oneAPI Math Kernel Library Version 2022.2-Product Build 20220804 for Intel(R) 64 architecture applications
  - Intel(R) MKL-DNN v3.3.6 (Git Hash 86e6af5974177e513fd3fee58425e1063e7f1361)
  - OpenMP 201511 (a.k.a. OpenMP 4.5)
  - LAPACK is enabled (usually provided by MKL)
  - NNPACK is enabled
  - CPU capability usage: AVX512
  - CUDA Runtime 12.1
  - NVCC architecture flags: -gencode;arch=compute_50,code=sm_50;-gencode;arch=compute_60,code=sm_60;-gencode;arch=compute_70,code=sm_70;-gencode;arch=compute_75,code=sm_75;-gencode;arch=compute_80,code=sm_80;-gencode;arch=compute_86,code=sm_86;-gencode;arch=compute_90,code=sm_90
  - CuDNN 8.5  (built against CUDA 11.7)
    - Built with CuDNN 8.9.2
  - Magma 2.6.1
  - Build settings: BLAS_INFO=mkl, BUILD_TYPE=Release, CUDA_VERSION=12.1, CUDNN_VERSION=8.9.2, CXX_COMPILER=/opt/rh/devtoolset-9/root/usr/bin/c++, CXX_FLAGS= -D_GLIBCXX_USE_CXX11_ABI=0 -fabi-version=11 -fvisibility-inlines-hidden -DUSE_PTHREADPOOL -DNDEBUG -DUSE_KINETO -DLIBKINETO_NOROCTRACER -DUSE_FBGEMM -DUSE_QNNPACK -DUSE_PYTORCH_QNNPACK -DUSE_XNNPACK -DSYMBOLICATE_MOBILE_DEBUG_HANDLE -O2 -fPIC -Wall -Wextra -Werror=return-type -Werror=non-virtual-dtor -Werror=bool-operation -Wnarrowing -Wno-missing-field-initializers -Wno-type-limits -Wno-array-bounds -Wno-unknown-pragmas -Wno-unused-parameter -Wno-unused-function -Wno-unused-result -Wno-strict-overflow -Wno-strict-aliasing -Wno-stringop-overflow -Wsuggest-override -Wno-psabi -Wno-error=pedantic -Wno-error=old-style-cast -Wno-missing-braces -fdiagnostics-color=always -faligned-new -Wno-unused-but-set-variable -Wno-maybe-uninitialized -fno-math-errno -fno-trapping-math -Werror=format -Wno-stringop-overflow, LAPACK_INFO=mkl, PERF_WITH_AVX=1, PERF_WITH_AVX2=1, PERF_WITH_AVX512=1, TORCH_VERSION=2.3.1, USE_CUDA=ON, USE_CUDNN=ON, USE_CUSPARSELT=1, USE_EXCEPTION_PTR=1, USE_GFLAGS=OFF, USE_GLOG=OFF, USE_GLOO=ON, USE_MKL=ON, USE_MKLDNN=ON, USE_MPI=OFF, USE_NCCL=1, USE_NNPACK=ON, USE_OPENMP=ON, USE_ROCM=OFF, USE_ROCM_KERNEL_ASSERT=OFF, 

    TorchVision: 0.18.1+cu121
    OpenCV: 4.10.0
    MMEngine: 0.10.4

Runtime environment:
    cudnn_benchmark: True
    mp_cfg: {'mp_start_method': 'fork', 'opencv_num_threads': 0}
    dist_cfg: {'backend': 'nccl'}
    seed: 1153276916
    Distributed launcher: pytorch
    Distributed training: True
    GPU number: 8
------------------------------------------------------------

2024/07/24 05:50:20 - mmengine - INFO - Config:
_backend_args = None
_multiscale_resize_transforms = [
    dict(
        transforms=[
            dict(scale=(
                640,
                640,
            ), type='YOLOv5KeepRatioResize'),
            dict(
                allow_scale_up=False,
                pad_val=dict(img=114),
                scale=(
                    640,
                    640,
                ),
                type='LetterResize'),
        ],
        type='Compose'),
    dict(
        transforms=[
            dict(scale=(
                320,
                320,
            ), type='YOLOv5KeepRatioResize'),
            dict(
                allow_scale_up=False,
                pad_val=dict(img=114),
                scale=(
                    320,
                    320,
                ),
                type='LetterResize'),
        ],
        type='Compose'),
    dict(
        transforms=[
            dict(scale=(
                960,
                960,
            ), type='YOLOv5KeepRatioResize'),
            dict(
                allow_scale_up=False,
                pad_val=dict(img=114),
                scale=(
                    960,
                    960,
                ),
                type='LetterResize'),
        ],
        type='Compose'),
]
affine_scale = 0.9
albu_train_transforms = [
    dict(p=0.01, type='Blur'),
    dict(p=0.01, type='MedianBlur'),
    dict(p=0.01, type='ToGray'),
    dict(p=0.01, type='CLAHE'),
]
backend_args = None
base_lr = 0.02
batch_shapes_cfg = None
classes = (
    'pedestrian',
    'people',
    'bicycle',
    'car',
    'van',
    'truck',
    'tricycle',
    'awning-tricycle',
    'bus',
    'motor',
)
close_mosaic_epochs = 10
custom_hooks = [
    dict(
        ema_type='ExpMomentumEMA',
        momentum=0.0001,
        priority=49,
        strict_load=False,
        type='EMAHook',
        update_buffers=True),
    dict(
        switch_epoch=290,
        switch_pipeline=[
            dict(backend_args=None, type='LoadImageFromFile'),
            dict(type='LoadYOLOAnnotations', with_bbox=True),
            dict(scale=(
                640,
                640,
            ), type='YOLOv5KeepRatioResize'),
            dict(
                allow_scale_up=True,
                pad_val=dict(img=114.0),
                scale=(
                    640,
                    640,
                ),
                type='LetterResize'),
            dict(
                border_val=(
                    114,
                    114,
                    114,
                ),
                max_aspect_ratio=100,
                max_rotate_degree=0.0,
                max_shear_degree=0.0,
                scaling_ratio_range=(
                    0.09999999999999998,
                    1.9,
                ),
                type='YOLOv5RandomAffine'),
            dict(
                bbox_params=dict(
                    format='pascal_voc',
                    label_fields=[
                        'gt_bboxes_labels',
                        'gt_ignore_flags',
                    ],
                    type='BboxParams'),
                keymap=dict(gt_bboxes='bboxes', img='image'),
                transforms=[
                    dict(p=0.01, type='Blur'),
                    dict(p=0.01, type='MedianBlur'),
                    dict(p=0.01, type='ToGray'),
                    dict(p=0.01, type='CLAHE'),
                ],
                type='mmdet.Albu'),
            dict(type='YOLOv5HSVRandomAug'),
            dict(prob=0.5, type='mmdet.RandomFlip'),
            dict(
                meta_keys=(
                    'img_id',
                    'img_path',
                    'ori_shape',
                    'img_shape',
                    'flip',
                    'flip_direction',
                ),
                type='mmdet.PackDetInputs'),
        ],
        type='mmdet.PipelineSwitchHook'),
]
data_root = '/mnt/datasets/VisDrone2019-DET-COCO/'
dataset_type = 'YOLOv5CocoDataset'
deepen_factor = 1.0
default_hooks = dict(
    checkpoint=dict(
        interval=10, max_keep_ckpts=2, save_best='auto',
        type='CheckpointHook'),
    logger=dict(interval=50, type='LoggerHook'),
    param_scheduler=dict(
        lr_factor=0.01,
        max_epochs=300,
        scheduler_type='linear',
        type='YOLOv5ParamSchedulerHook',
        warmup_epochs=10),
    sampler_seed=dict(type='DistSamplerSeedHook'),
    timer=dict(type='IterTimerHook'),
    visualization=dict(type='mmdet.DetVisualizationHook'))
default_scope = 'mmdet'
env_cfg = dict(
    cudnn_benchmark=True,
    dist_cfg=dict(backend='nccl'),
    mp_cfg=dict(mp_start_method='fork', opencv_num_threads=0))
img_scale = (
    640,
    640,
)
img_scales = [
    (
        640,
        640,
    ),
    (
        320,
        320,
    ),
    (
        960,
        960,
    ),
]
last_stage_out_channels = 512
last_transform = [
    dict(
        bbox_params=dict(
            format='pascal_voc',
            label_fields=[
                'gt_bboxes_labels',
                'gt_ignore_flags',
            ],
            type='BboxParams'),
        keymap=dict(gt_bboxes='bboxes', img='image'),
        transforms=[
            dict(p=0.01, type='Blur'),
            dict(p=0.01, type='MedianBlur'),
            dict(p=0.01, type='ToGray'),
            dict(p=0.01, type='CLAHE'),
        ],
        type='mmdet.Albu'),
    dict(type='YOLOv5HSVRandomAug'),
    dict(prob=0.5, type='mmdet.RandomFlip'),
    dict(
        meta_keys=(
            'img_id',
            'img_path',
            'ori_shape',
            'img_shape',
            'flip',
            'flip_direction',
        ),
        type='mmdet.PackDetInputs'),
]
launcher = 'pytorch'
load_from = None
log_level = 'INFO'
log_processor = dict(by_epoch=True, type='LogProcessor', window_size=50)
loss_bbox_weight = 7.5
loss_cls_weight = 0.5
loss_dfl_weight = 0.375
lr_factor = 0.01
max_aspect_ratio = 100
max_epochs = 300
max_keep_ckpts = 2
mixup_prob = 0.15
model = dict(
    backbone=dict(
        act_cfg=dict(inplace=True, type='SiLU'),
        arch='P5',
        deepen_factor=1.0,
        last_stage_out_channels=512,
        norm_cfg=dict(eps=0.001, momentum=0.03, type='BN'),
        type='RemNet',
        widen_factor=1.0),
    bbox_head=dict(
        bbox_coder=dict(type='YOLODistancePointBBoxCoder'),
        head_module=dict(
            act_cfg=dict(inplace=True, type='SiLU'),
            featmap_strides=[
                8,
                16,
                32,
            ],
            in_channels=[
                256,
                512,
                512,
            ],
            norm_cfg=dict(eps=0.001, momentum=0.03, type='BN'),
            num_classes=10,
            reg_max=16,
            type='YOLOv8HeadModule',
            widen_factor=1.0),
        loss_bbox=dict(
            bbox_format='xyxy',
            iou_mode='ciou',
            loss_weight=7.5,
            reduction='sum',
            return_iou=False,
            type='YOLO_IoULoss'),
        loss_cls=dict(
            loss_weight=0.5,
            reduction='none',
            type='mmdet.CrossEntropyLoss',
            use_sigmoid=True),
        loss_dfl=dict(
            loss_weight=0.375,
            reduction='mean',
            type='mmdet.DistributionFocalLoss'),
        prior_generator=dict(
            offset=0.5, strides=[
                8,
                16,
                32,
            ], type='mmdet.MlvlPointGenerator'),
        type='YOLOv8Head'),
    data_preprocessor=dict(
        bgr_to_rgb=True,
        mean=[
            0.0,
            0.0,
            0.0,
        ],
        std=[
            255.0,
            255.0,
            255.0,
        ],
        type='YOLOv5DetDataPreprocessor'),
    neck=dict(
        act_cfg=dict(inplace=True, type='SiLU'),
        deepen_factor=1.0,
        in_channels=[
            256,
            512,
            512,
        ],
        norm_cfg=dict(eps=0.001, momentum=0.03, type='BN'),
        num_csp_blocks=3,
        out_channels=[
            256,
            512,
            512,
        ],
        type='RemDetPAFPN',
        widen_factor=1.0),
    test_cfg=dict(
        max_per_img=300,
        multi_label=True,
        nms=dict(iou_threshold=0.7, type='nms'),
        nms_pre=30000,
        score_thr=0.001),
    train_cfg=dict(
        assigner=dict(
            alpha=0.5,
            beta=6.0,
            eps=1e-09,
            num_classes=10,
            topk=10,
            type='BatchTaskAlignedAssigner',
            use_ciou=True)),
    type='YOLODetector')
model_test_cfg = dict(
    max_per_img=300,
    multi_label=True,
    nms=dict(iou_threshold=0.7, type='nms'),
    nms_pre=30000,
    score_thr=0.001)
mosaic_affine_transform = [
    dict(
        img_scale=(
            640,
            640,
        ),
        pad_val=114.0,
        pre_transform=[
            dict(backend_args=None, type='LoadImageFromFile'),
            dict(type='LoadYOLOAnnotations', with_bbox=True),
        ],
        type='YOLO_Mosaic'),
    dict(
        border=(
            -320,
            -320,
        ),
        border_val=(
            114,
            114,
            114,
        ),
        max_aspect_ratio=100,
        max_rotate_degree=0.0,
        max_shear_degree=0.0,
        scaling_ratio_range=(
            0.09999999999999998,
            1.9,
        ),
        type='YOLOv5RandomAffine'),
]
norm_cfg = dict(eps=0.001, momentum=0.03, type='BN')
num_classes = 10
num_det_layers = 3
optim_wrapper = dict(
    clip_grad=dict(max_norm=10.0),
    constructor='YOLOv5OptimizerConstructor',
    loss_scale='dynamic',
    optimizer=dict(
        batch_size_per_gpu=16,
        lr=0.02,
        momentum=0.937,
        nesterov=True,
        type='SGD',
        weight_decay=0.0005),
    type='AmpOptimWrapper')
param_scheduler = None
persistent_workers = True
pre_transform = [
    dict(backend_args=None, type='LoadImageFromFile'),
    dict(type='LoadYOLOAnnotations', with_bbox=True),
]
resume = False
save_epoch_intervals = 10
strides = [
    8,
    16,
    32,
]
tal_alpha = 0.5
tal_beta = 6.0
tal_topk = 10
test_cfg = dict(type='TestLoop')
test_dataloader = dict(
    batch_size=16,
    dataset=dict(
        ann_file='annotations/VisDrone2019-DET_val_coco.json',
        batch_shapes_cfg=None,
        data_prefix=dict(img='images/val'),
        data_root='/mnt/datasets/VisDrone2019-DET-COCO/',
        metainfo=dict(
            classes=(
                'pedestrian',
                'people',
                'bicycle',
                'car',
                'van',
                'truck',
                'tricycle',
                'awning-tricycle',
                'bus',
                'motor',
            )),
        pipeline=[
            dict(backend_args=None, type='LoadImageFromFile'),
            dict(scale=(
                640,
                640,
            ), type='YOLOv5KeepRatioResize'),
            dict(
                allow_scale_up=False,
                pad_val=dict(img=114),
                scale=(
                    640,
                    640,
                ),
                type='LetterResize'),
            dict(_scope_='mmdet', type='LoadAnnotations', with_bbox=True),
            dict(
                meta_keys=(
                    'img_id',
                    'img_path',
                    'ori_shape',
                    'img_shape',
                    'scale_factor',
                    'pad_param',
                ),
                type='mmdet.PackDetInputs'),
        ],
        test_mode=True,
        type='YOLOv5CocoDataset'),
    drop_last=False,
    num_workers=8,
    persistent_workers=True,
    pin_memory=True,
    sampler=dict(shuffle=False, type='DefaultSampler'))
test_evaluator = dict(
    ann_file=
    '/mnt/datasets/VisDrone2019-DET-COCO/annotations/VisDrone2019-DET_val_coco.json',
    metric='bbox',
    proposal_nums=(
        100,
        1,
        10,
    ),
    type='mmdet.CocoMetric')
test_pipeline = [
    dict(backend_args=None, type='LoadImageFromFile'),
    dict(scale=(
        640,
        640,
    ), type='YOLOv5KeepRatioResize'),
    dict(
        allow_scale_up=False,
        pad_val=dict(img=114),
        scale=(
            640,
            640,
        ),
        type='LetterResize'),
    dict(_scope_='mmdet', type='LoadAnnotations', with_bbox=True),
    dict(
        meta_keys=(
            'img_id',
            'img_path',
            'ori_shape',
            'img_shape',
            'scale_factor',
            'pad_param',
        ),
        type='mmdet.PackDetInputs'),
]
train_ann_file = 'annotations/VisDrone2019-DET_train_coco.json'
train_batch_size_per_gpu = 8
train_cfg = dict(
    dynamic_intervals=[
        (
            290,
            10,
        ),
    ],
    max_epochs=300,
    type='EpochBasedTrainLoop',
    val_interval=10)
train_data_prefix = 'images/train'
train_dataloader = dict(
    batch_size=8,
    collate_fn=dict(type='yolov5_collate'),
    dataset=dict(
        ann_file='annotations/VisDrone2019-DET_train_coco.json',
        data_prefix=dict(img='images/train'),
        data_root='/mnt/datasets/VisDrone2019-DET-COCO/',
        filter_cfg=dict(filter_empty_gt=False, min_size=32),
        metainfo=dict(
            classes=(
                'pedestrian',
                'people',
                'bicycle',
                'car',
                'van',
                'truck',
                'tricycle',
                'awning-tricycle',
                'bus',
                'motor',
            )),
        pipeline=[
            dict(backend_args=None, type='LoadImageFromFile'),
            dict(type='LoadYOLOAnnotations', with_bbox=True),
            dict(
                img_scale=(
                    640,
                    640,
                ),
                pad_val=114.0,
                pre_transform=[
                    dict(backend_args=None, type='LoadImageFromFile'),
                    dict(type='LoadYOLOAnnotations', with_bbox=True),
                ],
                type='YOLO_Mosaic'),
            dict(
                border=(
                    -320,
                    -320,
                ),
                border_val=(
                    114,
                    114,
                    114,
                ),
                max_aspect_ratio=100,
                max_rotate_degree=0.0,
                max_shear_degree=0.0,
                scaling_ratio_range=(
                    0.09999999999999998,
                    1.9,
                ),
                type='YOLOv5RandomAffine'),
            dict(
                pre_transform=[
                    dict(backend_args=None, type='LoadImageFromFile'),
                    dict(type='LoadYOLOAnnotations', with_bbox=True),
                    dict(
                        img_scale=(
                            640,
                            640,
                        ),
                        pad_val=114.0,
                        pre_transform=[
                            dict(backend_args=None, type='LoadImageFromFile'),
                            dict(type='LoadYOLOAnnotations', with_bbox=True),
                        ],
                        type='YOLO_Mosaic'),
                    dict(
                        border=(
                            -320,
                            -320,
                        ),
                        border_val=(
                            114,
                            114,
                            114,
                        ),
                        max_aspect_ratio=100,
                        max_rotate_degree=0.0,
                        max_shear_degree=0.0,
                        scaling_ratio_range=(
                            0.09999999999999998,
                            1.9,
                        ),
                        type='YOLOv5RandomAffine'),
                ],
                prob=0.15,
                type='YOLOv5MixUp'),
            dict(
                bbox_params=dict(
                    format='pascal_voc',
                    label_fields=[
                        'gt_bboxes_labels',
                        'gt_ignore_flags',
                    ],
                    type='BboxParams'),
                keymap=dict(gt_bboxes='bboxes', img='image'),
                transforms=[
                    dict(p=0.01, type='Blur'),
                    dict(p=0.01, type='MedianBlur'),
                    dict(p=0.01, type='ToGray'),
                    dict(p=0.01, type='CLAHE'),
                ],
                type='mmdet.Albu'),
            dict(type='YOLOv5HSVRandomAug'),
            dict(prob=0.5, type='mmdet.RandomFlip'),
            dict(
                meta_keys=(
                    'img_id',
                    'img_path',
                    'ori_shape',
                    'img_shape',
                    'flip',
                    'flip_direction',
                ),
                type='mmdet.PackDetInputs'),
        ],
        type='YOLOv5CocoDataset'),
    num_workers=8,
    persistent_workers=True,
    pin_memory=True,
    sampler=dict(shuffle=True, type='DefaultSampler'))
train_num_workers = 8
train_pipeline = [
    dict(backend_args=None, type='LoadImageFromFile'),
    dict(type='LoadYOLOAnnotations', with_bbox=True),
    dict(
        img_scale=(
            640,
            640,
        ),
        pad_val=114.0,
        pre_transform=[
            dict(backend_args=None, type='LoadImageFromFile'),
            dict(type='LoadYOLOAnnotations', with_bbox=True),
        ],
        type='YOLO_Mosaic'),
    dict(
        border=(
            -320,
            -320,
        ),
        border_val=(
            114,
            114,
            114,
        ),
        max_aspect_ratio=100,
        max_rotate_degree=0.0,
        max_shear_degree=0.0,
        scaling_ratio_range=(
            0.09999999999999998,
            1.9,
        ),
        type='YOLOv5RandomAffine'),
    dict(
        pre_transform=[
            dict(backend_args=None, type='LoadImageFromFile'),
            dict(type='LoadYOLOAnnotations', with_bbox=True),
            dict(
                img_scale=(
                    640,
                    640,
                ),
                pad_val=114.0,
                pre_transform=[
                    dict(backend_args=None, type='LoadImageFromFile'),
                    dict(type='LoadYOLOAnnotations', with_bbox=True),
                ],
                type='YOLO_Mosaic'),
            dict(
                border=(
                    -320,
                    -320,
                ),
                border_val=(
                    114,
                    114,
                    114,
                ),
                max_aspect_ratio=100,
                max_rotate_degree=0.0,
                max_shear_degree=0.0,
                scaling_ratio_range=(
                    0.09999999999999998,
                    1.9,
                ),
                type='YOLOv5RandomAffine'),
        ],
        prob=0.15,
        type='YOLOv5MixUp'),
    dict(
        bbox_params=dict(
            format='pascal_voc',
            label_fields=[
                'gt_bboxes_labels',
                'gt_ignore_flags',
            ],
            type='BboxParams'),
        keymap=dict(gt_bboxes='bboxes', img='image'),
        transforms=[
            dict(p=0.01, type='Blur'),
            dict(p=0.01, type='MedianBlur'),
            dict(p=0.01, type='ToGray'),
            dict(p=0.01, type='CLAHE'),
        ],
        type='mmdet.Albu'),
    dict(type='YOLOv5HSVRandomAug'),
    dict(prob=0.5, type='mmdet.RandomFlip'),
    dict(
        meta_keys=(
            'img_id',
            'img_path',
            'ori_shape',
            'img_shape',
            'flip',
            'flip_direction',
        ),
        type='mmdet.PackDetInputs'),
]
train_pipeline_stage2 = [
    dict(backend_args=None, type='LoadImageFromFile'),
    dict(type='LoadYOLOAnnotations', with_bbox=True),
    dict(scale=(
        640,
        640,
    ), type='YOLOv5KeepRatioResize'),
    dict(
        allow_scale_up=True,
        pad_val=dict(img=114.0),
        scale=(
            640,
            640,
        ),
        type='LetterResize'),
    dict(
        border_val=(
            114,
            114,
            114,
        ),
        max_aspect_ratio=100,
        max_rotate_degree=0.0,
        max_shear_degree=0.0,
        scaling_ratio_range=(
            0.09999999999999998,
            1.9,
        ),
        type='YOLOv5RandomAffine'),
    dict(
        bbox_params=dict(
            format='pascal_voc',
            label_fields=[
                'gt_bboxes_labels',
                'gt_ignore_flags',
            ],
            type='BboxParams'),
        keymap=dict(gt_bboxes='bboxes', img='image'),
        transforms=[
            dict(p=0.01, type='Blur'),
            dict(p=0.01, type='MedianBlur'),
            dict(p=0.01, type='ToGray'),
            dict(p=0.01, type='CLAHE'),
        ],
        type='mmdet.Albu'),
    dict(type='YOLOv5HSVRandomAug'),
    dict(prob=0.5, type='mmdet.RandomFlip'),
    dict(
        meta_keys=(
            'img_id',
            'img_path',
            'ori_shape',
            'img_shape',
            'flip',
            'flip_direction',
        ),
        type='mmdet.PackDetInputs'),
]
tta_model = dict(
    tta_cfg=dict(max_per_img=300, nms=dict(iou_threshold=0.65, type='nms')),
    type='mmdet.DetTTAModel')
tta_pipeline = [
    dict(backend_args=None, type='LoadImageFromFile'),
    dict(
        transforms=[
            [
                dict(
                    transforms=[
                        dict(scale=(
                            640,
                            640,
                        ), type='YOLOv5KeepRatioResize'),
                        dict(
                            allow_scale_up=False,
                            pad_val=dict(img=114),
                            scale=(
                                640,
                                640,
                            ),
                            type='LetterResize'),
                    ],
                    type='Compose'),
                dict(
                    transforms=[
                        dict(scale=(
                            320,
                            320,
                        ), type='YOLOv5KeepRatioResize'),
                        dict(
                            allow_scale_up=False,
                            pad_val=dict(img=114),
                            scale=(
                                320,
                                320,
                            ),
                            type='LetterResize'),
                    ],
                    type='Compose'),
                dict(
                    transforms=[
                        dict(scale=(
                            960,
                            960,
                        ), type='YOLOv5KeepRatioResize'),
                        dict(
                            allow_scale_up=False,
                            pad_val=dict(img=114),
                            scale=(
                                960,
                                960,
                            ),
                            type='LetterResize'),
                    ],
                    type='Compose'),
            ],
            [
                dict(prob=1.0, type='mmdet.RandomFlip'),
                dict(prob=0.0, type='mmdet.RandomFlip'),
            ],
            [
                dict(type='mmdet.LoadAnnotations', with_bbox=True),
            ],
            [
                dict(
                    meta_keys=(
                        'img_id',
                        'img_path',
                        'ori_shape',
                        'img_shape',
                        'scale_factor',
                        'pad_param',
                        'flip',
                        'flip_direction',
                    ),
                    type='mmdet.PackDetInputs'),
            ],
        ],
        type='TestTimeAug'),
]
val_ann_file = 'annotations/VisDrone2019-DET_val_coco.json'
val_batch_size_per_gpu = 8
val_cfg = dict(type='ValLoop')
val_data_prefix = 'images/val'
val_dataloader = dict(
    batch_size=8,
    dataset=dict(
        ann_file='annotations/VisDrone2019-DET_val_coco.json',
        batch_shapes_cfg=None,
        data_prefix=dict(img='images/val'),
        data_root='/mnt/datasets/VisDrone2019-DET-COCO/',
        metainfo=dict(
            classes=(
                'pedestrian',
                'people',
                'bicycle',
                'car',
                'van',
                'truck',
                'tricycle',
                'awning-tricycle',
                'bus',
                'motor',
            )),
        pipeline=[
            dict(backend_args=None, type='LoadImageFromFile'),
            dict(scale=(
                640,
                640,
            ), type='YOLOv5KeepRatioResize'),
            dict(
                allow_scale_up=False,
                pad_val=dict(img=114),
                scale=(
                    640,
                    640,
                ),
                type='LetterResize'),
            dict(_scope_='mmdet', type='LoadAnnotations', with_bbox=True),
            dict(
                meta_keys=(
                    'img_id',
                    'img_path',
                    'ori_shape',
                    'img_shape',
                    'scale_factor',
                    'pad_param',
                ),
                type='mmdet.PackDetInputs'),
        ],
        test_mode=True,
        type='YOLOv5CocoDataset'),
    drop_last=False,
    num_workers=8,
    persistent_workers=True,
    pin_memory=True,
    sampler=dict(shuffle=False, type='DefaultSampler'))
val_evaluator = dict(
    ann_file=
    '/mnt/datasets/VisDrone2019-DET-COCO/annotations/VisDrone2019-DET_val_coco.json',
    metric='bbox',
    proposal_nums=(
        100,
        1,
        10,
    ),
    type='mmdet.CocoMetric')
val_interval_stage2 = 10
val_num_workers = 8
vis_backends = [
    dict(type='LocalVisBackend'),
]
visualizer = dict(
    name='visualizer',
    type='mmdet.DetLocalVisualizer',
    vis_backends=[
        dict(type='LocalVisBackend'),
    ])
weight_decay = 0.0005
widen_factor = 1.0
work_dir = '/mnt/exam_log/0723_remdet/remdet_series/visdrone/remdet_l'

2024/07/24 05:50:21 - mmengine - INFO - Using SyncBatchNorm()
2024/07/24 05:50:21 - mmengine - INFO - Hooks will be executed in the following order:
before_run:
(VERY_HIGH   ) RuntimeInfoHook                    
(49          ) EMAHook                            
(BELOW_NORMAL) LoggerHook                         
 -------------------- 
after_load_checkpoint:
(49          ) EMAHook                            
 -------------------- 
before_train:
(9           ) YOLOv5ParamSchedulerHook           
(VERY_HIGH   ) RuntimeInfoHook                    
(49          ) EMAHook                            
(NORMAL      ) IterTimerHook                      
(VERY_LOW    ) CheckpointHook                     
 -------------------- 
before_train_epoch:
(VERY_HIGH   ) RuntimeInfoHook                    
(NORMAL      ) IterTimerHook                      
(NORMAL      ) DistSamplerSeedHook                
(NORMAL      ) PipelineSwitchHook                 
 -------------------- 
before_train_iter:
(9           ) YOLOv5ParamSchedulerHook           
(VERY_HIGH   ) RuntimeInfoHook                    
(NORMAL      ) IterTimerHook                      
 -------------------- 
after_train_iter:
(9           ) YOLOv5ParamSchedulerHook           
(VERY_HIGH   ) RuntimeInfoHook                    
(49          ) EMAHook                            
(NORMAL      ) IterTimerHook                      
(BELOW_NORMAL) LoggerHook                         
(VERY_LOW    ) CheckpointHook                     
 -------------------- 
after_train_epoch:
(9           ) YOLOv5ParamSchedulerHook           
(NORMAL      ) IterTimerHook                      
(VERY_LOW    ) CheckpointHook                     
 -------------------- 
before_val:
(VERY_HIGH   ) RuntimeInfoHook                    
 -------------------- 
before_val_epoch:
(49          ) EMAHook                            
(NORMAL      ) IterTimerHook                      
 -------------------- 
before_val_iter:
(NORMAL      ) IterTimerHook                      
 -------------------- 
after_val_iter:
(NORMAL      ) IterTimerHook                      
(NORMAL      ) DetVisualizationHook               
(BELOW_NORMAL) LoggerHook                         
 -------------------- 
after_val_epoch:
(9           ) YOLOv5ParamSchedulerHook           
(VERY_HIGH   ) RuntimeInfoHook                    
(49          ) EMAHook                            
(NORMAL      ) IterTimerHook                      
(BELOW_NORMAL) LoggerHook                         
(VERY_LOW    ) CheckpointHook                     
 -------------------- 
after_val:
(VERY_HIGH   ) RuntimeInfoHook                    
 -------------------- 
before_save_checkpoint:
(49          ) EMAHook                            
 -------------------- 
after_train:
(VERY_HIGH   ) RuntimeInfoHook                    
(VERY_LOW    ) CheckpointHook                     
 -------------------- 
before_test:
(VERY_HIGH   ) RuntimeInfoHook                    
 -------------------- 
before_test_epoch:
(49          ) EMAHook                            
(NORMAL      ) IterTimerHook                      
 -------------------- 
before_test_iter:
(NORMAL      ) IterTimerHook                      
 -------------------- 
after_test_iter:
(NORMAL      ) IterTimerHook                      
(NORMAL      ) DetVisualizationHook               
(BELOW_NORMAL) LoggerHook                         
 -------------------- 
after_test_epoch:
(VERY_HIGH   ) RuntimeInfoHook                    
(49          ) EMAHook                            
(NORMAL      ) IterTimerHook                      
(BELOW_NORMAL) LoggerHook                         
 -------------------- 
after_test:
(VERY_HIGH   ) RuntimeInfoHook                    
 -------------------- 
after_run:
(BELOW_NORMAL) LoggerHook                         
 -------------------- 
2024/07/24 05:50:26 - mmengine - INFO - Scaled weight_decay to 0.001
2024/07/24 05:50:26 - mmengine - INFO - Optimizer groups: 96 .bias, 92 conv.weight, 90 other
Name of parameter - Initialization information

backbone.stem.conv.weight - torch.Size([64, 3, 3, 3]): 
Initialized by user-defined `init_weights` in RemNet  

backbone.stem.bn.weight - torch.Size([64]): 
The value is the same before and after calling `init_weights` of YOLODetector  

backbone.stem.bn.bias - torch.Size([64]): 
The value is the same before and after calling `init_weights` of YOLODetector  

backbone.stage1.0.conv.weight - torch.Size([128, 64, 3, 3]): 
Initialized by user-defined `init_weights` in RemNet  

backbone.stage1.0.bn.weight - torch.Size([128]): 
The value is the same before and after calling `init_weights` of YOLODetector  

backbone.stage1.0.bn.bias - torch.Size([128]): 
The value is the same before and after calling `init_weights` of YOLODetector  

backbone.stage1.1.proj.conv.weight - torch.Size([768, 128, 1, 1]): 
Initialized by user-defined `init_weights` in RemNet  

backbone.stage1.1.proj.bn.weight - torch.Size([768]): 
The value is the same before and after calling `init_weights` of YOLODetector  

backbone.stage1.1.proj.bn.bias - torch.Size([768]): 
The value is the same before and after calling `init_weights` of YOLODetector  

backbone.stage1.1.rep.rbr_identity.weight - torch.Size([384]): 
The value is the same before and after calling `init_weights` of YOLODetector  

backbone.stage1.1.rep.rbr_identity.bias - torch.Size([384]): 
The value is the same before and after calling `init_weights` of YOLODetector  

backbone.stage1.1.rep.rbr_dense.conv.weight - torch.Size([384, 1, 3, 3]): 
Initialized by user-defined `init_weights` in RemNet  

backbone.stage1.1.rep.rbr_dense.bn.weight - torch.Size([384]): 
The value is the same before and after calling `init_weights` of YOLODetector  

backbone.stage1.1.rep.rbr_dense.bn.bias - torch.Size([384]): 
The value is the same before and after calling `init_weights` of YOLODetector  

backbone.stage1.1.rep.rbr_1x1.conv.weight - torch.Size([384, 384, 1, 1]): 
Initialized by user-defined `init_weights` in RemNet  

backbone.stage1.1.rep.rbr_1x1.bn.weight - torch.Size([384]): 
The value is the same before and after calling `init_weights` of YOLODetector  

backbone.stage1.1.rep.rbr_1x1.bn.bias - torch.Size([384]): 
The value is the same before and after calling `init_weights` of YOLODetector  

backbone.stage1.1.m.0.conv.weight - torch.Size([384, 1, 3, 3]): 
Initialized by user-defined `init_weights` in RemNet  

backbone.stage1.1.m.0.bn.weight - torch.Size([384]): 
The value is the same before and after calling `init_weights` of YOLODetector  

backbone.stage1.1.m.0.bn.bias - torch.Size([384]): 
The value is the same before and after calling `init_weights` of YOLODetector  

backbone.stage1.1.m.1.conv.weight - torch.Size([384, 1, 3, 3]): 
Initialized by user-defined `init_weights` in RemNet  

backbone.stage1.1.m.1.bn.weight - torch.Size([384]): 
The value is the same before and after calling `init_weights` of YOLODetector  

backbone.stage1.1.m.1.bn.bias - torch.Size([384]): 
The value is the same before and after calling `init_weights` of YOLODetector  

backbone.stage1.1.cv2.conv.weight - torch.Size([128, 384, 1, 1]): 
Initialized by user-defined `init_weights` in RemNet  

backbone.stage1.1.cv2.bn.weight - torch.Size([128]): 
The value is the same before and after calling `init_weights` of YOLODetector  

backbone.stage1.1.cv2.bn.bias - torch.Size([128]): 
The value is the same before and after calling `init_weights` of YOLODetector  

backbone.stage2.0.cv1.conv.weight - torch.Size([256, 128, 1, 1]): 
Initialized by user-defined `init_weights` in RemNet  

backbone.stage2.0.cv1.bn.weight - torch.Size([256]): 
The value is the same before and after calling `init_weights` of YOLODetector  

backbone.stage2.0.cv1.bn.bias - torch.Size([256]): 
The value is the same before and after calling `init_weights` of YOLODetector  

backbone.stage2.0.cv2.conv.weight - torch.Size([256, 1024, 1, 1]): 
Initialized by user-defined `init_weights` in RemNet  

backbone.stage2.0.cv2.bn.weight - torch.Size([256]): 
The value is the same before and after calling `init_weights` of YOLODetector  

backbone.stage2.0.cv2.bn.bias - torch.Size([256]): 
The value is the same before and after calling `init_weights` of YOLODetector  

backbone.stage2.0.dwconv.conv.weight - torch.Size([256, 1, 3, 3]): 
Initialized by user-defined `init_weights` in RemNet  

backbone.stage2.0.dwconv.bn.weight - torch.Size([256]): 
The value is the same before and after calling `init_weights` of YOLODetector  

backbone.stage2.0.dwconv.bn.bias - torch.Size([256]): 
The value is the same before and after calling `init_weights` of YOLODetector  

backbone.stage2.1.proj.conv.weight - torch.Size([1536, 256, 1, 1]): 
Initialized by user-defined `init_weights` in RemNet  

backbone.stage2.1.proj.bn.weight - torch.Size([1536]): 
The value is the same before and after calling `init_weights` of YOLODetector  

backbone.stage2.1.proj.bn.bias - torch.Size([1536]): 
The value is the same before and after calling `init_weights` of YOLODetector  

backbone.stage2.1.rep.rbr_identity.weight - torch.Size([768]): 
The value is the same before and after calling `init_weights` of YOLODetector  

backbone.stage2.1.rep.rbr_identity.bias - torch.Size([768]): 
The value is the same before and after calling `init_weights` of YOLODetector  

backbone.stage2.1.rep.rbr_dense.conv.weight - torch.Size([768, 1, 3, 3]): 
Initialized by user-defined `init_weights` in RemNet  

backbone.stage2.1.rep.rbr_dense.bn.weight - torch.Size([768]): 
The value is the same before and after calling `init_weights` of YOLODetector  

backbone.stage2.1.rep.rbr_dense.bn.bias - torch.Size([768]): 
The value is the same before and after calling `init_weights` of YOLODetector  

backbone.stage2.1.rep.rbr_1x1.conv.weight - torch.Size([768, 768, 1, 1]): 
Initialized by user-defined `init_weights` in RemNet  

backbone.stage2.1.rep.rbr_1x1.bn.weight - torch.Size([768]): 
The value is the same before and after calling `init_weights` of YOLODetector  

backbone.stage2.1.rep.rbr_1x1.bn.bias - torch.Size([768]): 
The value is the same before and after calling `init_weights` of YOLODetector  

backbone.stage2.1.m.0.conv.weight - torch.Size([768, 1, 3, 3]): 
Initialized by user-defined `init_weights` in RemNet  

backbone.stage2.1.m.0.bn.weight - torch.Size([768]): 
The value is the same before and after calling `init_weights` of YOLODetector  

backbone.stage2.1.m.0.bn.bias - torch.Size([768]): 
The value is the same before and after calling `init_weights` of YOLODetector  

backbone.stage2.1.m.1.conv.weight - torch.Size([768, 1, 3, 3]): 
Initialized by user-defined `init_weights` in RemNet  

backbone.stage2.1.m.1.bn.weight - torch.Size([768]): 
The value is the same before and after calling `init_weights` of YOLODetector  

backbone.stage2.1.m.1.bn.bias - torch.Size([768]): 
The value is the same before and after calling `init_weights` of YOLODetector  

backbone.stage2.1.cv2.conv.weight - torch.Size([256, 768, 1, 1]): 
Initialized by user-defined `init_weights` in RemNet  

backbone.stage2.1.cv2.bn.weight - torch.Size([256]): 
The value is the same before and after calling `init_weights` of YOLODetector  

backbone.stage2.1.cv2.bn.bias - torch.Size([256]): 
The value is the same before and after calling `init_weights` of YOLODetector  

backbone.stage3.0.cv1.conv.weight - torch.Size([512, 256, 1, 1]): 
Initialized by user-defined `init_weights` in RemNet  

backbone.stage3.0.cv1.bn.weight - torch.Size([512]): 
The value is the same before and after calling `init_weights` of YOLODetector  

backbone.stage3.0.cv1.bn.bias - torch.Size([512]): 
The value is the same before and after calling `init_weights` of YOLODetector  

backbone.stage3.0.cv2.conv.weight - torch.Size([512, 2048, 1, 1]): 
Initialized by user-defined `init_weights` in RemNet  

backbone.stage3.0.cv2.bn.weight - torch.Size([512]): 
The value is the same before and after calling `init_weights` of YOLODetector  

backbone.stage3.0.cv2.bn.bias - torch.Size([512]): 
The value is the same before and after calling `init_weights` of YOLODetector  

backbone.stage3.0.dwconv.conv.weight - torch.Size([512, 1, 3, 3]): 
Initialized by user-defined `init_weights` in RemNet  

backbone.stage3.0.dwconv.bn.weight - torch.Size([512]): 
The value is the same before and after calling `init_weights` of YOLODetector  

backbone.stage3.0.dwconv.bn.bias - torch.Size([512]): 
The value is the same before and after calling `init_weights` of YOLODetector  

backbone.stage3.1.proj.conv.weight - torch.Size([3072, 512, 1, 1]): 
Initialized by user-defined `init_weights` in RemNet  

backbone.stage3.1.proj.bn.weight - torch.Size([3072]): 
The value is the same before and after calling `init_weights` of YOLODetector  

backbone.stage3.1.proj.bn.bias - torch.Size([3072]): 
The value is the same before and after calling `init_weights` of YOLODetector  

backbone.stage3.1.rep.rbr_identity.weight - torch.Size([1536]): 
The value is the same before and after calling `init_weights` of YOLODetector  

backbone.stage3.1.rep.rbr_identity.bias - torch.Size([1536]): 
The value is the same before and after calling `init_weights` of YOLODetector  

backbone.stage3.1.rep.rbr_dense.conv.weight - torch.Size([1536, 1, 3, 3]): 
Initialized by user-defined `init_weights` in RemNet  

backbone.stage3.1.rep.rbr_dense.bn.weight - torch.Size([1536]): 
The value is the same before and after calling `init_weights` of YOLODetector  

backbone.stage3.1.rep.rbr_dense.bn.bias - torch.Size([1536]): 
The value is the same before and after calling `init_weights` of YOLODetector  

backbone.stage3.1.rep.rbr_1x1.conv.weight - torch.Size([1536, 1536, 1, 1]): 
Initialized by user-defined `init_weights` in RemNet  

backbone.stage3.1.rep.rbr_1x1.bn.weight - torch.Size([1536]): 
The value is the same before and after calling `init_weights` of YOLODetector  

backbone.stage3.1.rep.rbr_1x1.bn.bias - torch.Size([1536]): 
The value is the same before and after calling `init_weights` of YOLODetector  

backbone.stage3.1.m.0.conv.weight - torch.Size([1536, 1, 3, 3]): 
Initialized by user-defined `init_weights` in RemNet  

backbone.stage3.1.m.0.bn.weight - torch.Size([1536]): 
The value is the same before and after calling `init_weights` of YOLODetector  

backbone.stage3.1.m.0.bn.bias - torch.Size([1536]): 
The value is the same before and after calling `init_weights` of YOLODetector  

backbone.stage3.1.m.1.conv.weight - torch.Size([1536, 1, 3, 3]): 
Initialized by user-defined `init_weights` in RemNet  

backbone.stage3.1.m.1.bn.weight - torch.Size([1536]): 
The value is the same before and after calling `init_weights` of YOLODetector  

backbone.stage3.1.m.1.bn.bias - torch.Size([1536]): 
The value is the same before and after calling `init_weights` of YOLODetector  

backbone.stage3.1.m.2.conv.weight - torch.Size([1536, 1, 3, 3]): 
Initialized by user-defined `init_weights` in RemNet  

backbone.stage3.1.m.2.bn.weight - torch.Size([1536]): 
The value is the same before and after calling `init_weights` of YOLODetector  

backbone.stage3.1.m.2.bn.bias - torch.Size([1536]): 
The value is the same before and after calling `init_weights` of YOLODetector  

backbone.stage3.1.m.3.conv.weight - torch.Size([1536, 1, 3, 3]): 
Initialized by user-defined `init_weights` in RemNet  

backbone.stage3.1.m.3.bn.weight - torch.Size([1536]): 
The value is the same before and after calling `init_weights` of YOLODetector  

backbone.stage3.1.m.3.bn.bias - torch.Size([1536]): 
The value is the same before and after calling `init_weights` of YOLODetector  

backbone.stage3.1.m.4.conv.weight - torch.Size([1536, 1, 3, 3]): 
Initialized by user-defined `init_weights` in RemNet  

backbone.stage3.1.m.4.bn.weight - torch.Size([1536]): 
The value is the same before and after calling `init_weights` of YOLODetector  

backbone.stage3.1.m.4.bn.bias - torch.Size([1536]): 
The value is the same before and after calling `init_weights` of YOLODetector  

backbone.stage3.1.cv2.conv.weight - torch.Size([512, 1536, 1, 1]): 
Initialized by user-defined `init_weights` in RemNet  

backbone.stage3.1.cv2.bn.weight - torch.Size([512]): 
The value is the same before and after calling `init_weights` of YOLODetector  

backbone.stage3.1.cv2.bn.bias - torch.Size([512]): 
The value is the same before and after calling `init_weights` of YOLODetector  

backbone.stage4.0.cv1.conv.weight - torch.Size([512, 512, 1, 1]): 
Initialized by user-defined `init_weights` in RemNet  

backbone.stage4.0.cv1.bn.weight - torch.Size([512]): 
The value is the same before and after calling `init_weights` of YOLODetector  

backbone.stage4.0.cv1.bn.bias - torch.Size([512]): 
The value is the same before and after calling `init_weights` of YOLODetector  

backbone.stage4.0.cv2.conv.weight - torch.Size([512, 2048, 1, 1]): 
Initialized by user-defined `init_weights` in RemNet  

backbone.stage4.0.cv2.bn.weight - torch.Size([512]): 
The value is the same before and after calling `init_weights` of YOLODetector  

backbone.stage4.0.cv2.bn.bias - torch.Size([512]): 
The value is the same before and after calling `init_weights` of YOLODetector  

backbone.stage4.0.dwconv.conv.weight - torch.Size([512, 1, 3, 3]): 
Initialized by user-defined `init_weights` in RemNet  

backbone.stage4.0.dwconv.bn.weight - torch.Size([512]): 
The value is the same before and after calling `init_weights` of YOLODetector  

backbone.stage4.0.dwconv.bn.bias - torch.Size([512]): 
The value is the same before and after calling `init_weights` of YOLODetector  

backbone.stage4.1.proj.conv.weight - torch.Size([3072, 512, 1, 1]): 
Initialized by user-defined `init_weights` in RemNet  

backbone.stage4.1.proj.bn.weight - torch.Size([3072]): 
The value is the same before and after calling `init_weights` of YOLODetector  

backbone.stage4.1.proj.bn.bias - torch.Size([3072]): 
The value is the same before and after calling `init_weights` of YOLODetector  

backbone.stage4.1.rep.rbr_identity.weight - torch.Size([1536]): 
The value is the same before and after calling `init_weights` of YOLODetector  

backbone.stage4.1.rep.rbr_identity.bias - torch.Size([1536]): 
The value is the same before and after calling `init_weights` of YOLODetector  

backbone.stage4.1.rep.rbr_dense.conv.weight - torch.Size([1536, 1, 3, 3]): 
Initialized by user-defined `init_weights` in RemNet  

backbone.stage4.1.rep.rbr_dense.bn.weight - torch.Size([1536]): 
The value is the same before and after calling `init_weights` of YOLODetector  

backbone.stage4.1.rep.rbr_dense.bn.bias - torch.Size([1536]): 
The value is the same before and after calling `init_weights` of YOLODetector  

backbone.stage4.1.rep.rbr_1x1.conv.weight - torch.Size([1536, 1536, 1, 1]): 
Initialized by user-defined `init_weights` in RemNet  

backbone.stage4.1.rep.rbr_1x1.bn.weight - torch.Size([1536]): 
The value is the same before and after calling `init_weights` of YOLODetector  

backbone.stage4.1.rep.rbr_1x1.bn.bias - torch.Size([1536]): 
The value is the same before and after calling `init_weights` of YOLODetector  

backbone.stage4.1.m.0.conv.weight - torch.Size([1536, 1, 3, 3]): 
Initialized by user-defined `init_weights` in RemNet  

backbone.stage4.1.m.0.bn.weight - torch.Size([1536]): 
The value is the same before and after calling `init_weights` of YOLODetector  

backbone.stage4.1.m.0.bn.bias - torch.Size([1536]): 
The value is the same before and after calling `init_weights` of YOLODetector  

backbone.stage4.1.m.1.conv.weight - torch.Size([1536, 1, 3, 3]): 
Initialized by user-defined `init_weights` in RemNet  

backbone.stage4.1.m.1.bn.weight - torch.Size([1536]): 
The value is the same before and after calling `init_weights` of YOLODetector  

backbone.stage4.1.m.1.bn.bias - torch.Size([1536]): 
The value is the same before and after calling `init_weights` of YOLODetector  

backbone.stage4.1.cv2.conv.weight - torch.Size([512, 1536, 1, 1]): 
Initialized by user-defined `init_weights` in RemNet  

backbone.stage4.1.cv2.bn.weight - torch.Size([512]): 
The value is the same before and after calling `init_weights` of YOLODetector  

backbone.stage4.1.cv2.bn.bias - torch.Size([512]): 
The value is the same before and after calling `init_weights` of YOLODetector  

backbone.stage4.2.conv1.conv.weight - torch.Size([256, 512, 1, 1]): 
Initialized by user-defined `init_weights` in RemNet  

backbone.stage4.2.conv1.bn.weight - torch.Size([256]): 
The value is the same before and after calling `init_weights` of YOLODetector  

backbone.stage4.2.conv1.bn.bias - torch.Size([256]): 
The value is the same before and after calling `init_weights` of YOLODetector  

backbone.stage4.2.conv2.conv.weight - torch.Size([512, 1024, 1, 1]): 
Initialized by user-defined `init_weights` in RemNet  

backbone.stage4.2.conv2.bn.weight - torch.Size([512]): 
The value is the same before and after calling `init_weights` of YOLODetector  

backbone.stage4.2.conv2.bn.bias - torch.Size([512]): 
The value is the same before and after calling `init_weights` of YOLODetector  

neck.top_down_layers.0.cv1.conv.weight - torch.Size([1024, 1024, 1, 1]): 
Initialized by user-defined `init_weights` in RemDetPAFPN  

neck.top_down_layers.0.cv1.bn.weight - torch.Size([1024]): 
The value is the same before and after calling `init_weights` of YOLODetector  

neck.top_down_layers.0.cv1.bn.bias - torch.Size([1024]): 
The value is the same before and after calling `init_weights` of YOLODetector  

neck.top_down_layers.0.cv2.conv.weight - torch.Size([512, 2560, 1, 1]): 
Initialized by user-defined `init_weights` in RemDetPAFPN  

neck.top_down_layers.0.cv2.bn.weight - torch.Size([512]): 
The value is the same before and after calling `init_weights` of YOLODetector  

neck.top_down_layers.0.cv2.bn.bias - torch.Size([512]): 
The value is the same before and after calling `init_weights` of YOLODetector  

neck.top_down_layers.0.m.0.conv1.conv.weight - torch.Size([128, 512, 3, 3]): 
Initialized by user-defined `init_weights` in RemDetPAFPN  

neck.top_down_layers.0.m.0.conv1.bn.weight - torch.Size([128]): 
The value is the same before and after calling `init_weights` of YOLODetector  

neck.top_down_layers.0.m.0.conv1.bn.bias - torch.Size([128]): 
The value is the same before and after calling `init_weights` of YOLODetector  

neck.top_down_layers.0.m.0.conv2.conv.weight - torch.Size([512, 128, 3, 3]): 
Initialized by user-defined `init_weights` in RemDetPAFPN  

neck.top_down_layers.0.m.0.conv2.bn.weight - torch.Size([512]): 
The value is the same before and after calling `init_weights` of YOLODetector  

neck.top_down_layers.0.m.0.conv2.bn.bias - torch.Size([512]): 
The value is the same before and after calling `init_weights` of YOLODetector  

neck.top_down_layers.0.m.1.conv1.conv.weight - torch.Size([128, 512, 3, 3]): 
Initialized by user-defined `init_weights` in RemDetPAFPN  

neck.top_down_layers.0.m.1.conv1.bn.weight - torch.Size([128]): 
The value is the same before and after calling `init_weights` of YOLODetector  

neck.top_down_layers.0.m.1.conv1.bn.bias - torch.Size([128]): 
The value is the same before and after calling `init_weights` of YOLODetector  

neck.top_down_layers.0.m.1.conv2.conv.weight - torch.Size([512, 128, 3, 3]): 
Initialized by user-defined `init_weights` in RemDetPAFPN  

neck.top_down_layers.0.m.1.conv2.bn.weight - torch.Size([512]): 
The value is the same before and after calling `init_weights` of YOLODetector  

neck.top_down_layers.0.m.1.conv2.bn.bias - torch.Size([512]): 
The value is the same before and after calling `init_weights` of YOLODetector  

neck.top_down_layers.0.m.2.conv1.conv.weight - torch.Size([128, 512, 3, 3]): 
Initialized by user-defined `init_weights` in RemDetPAFPN  

neck.top_down_layers.0.m.2.conv1.bn.weight - torch.Size([128]): 
The value is the same before and after calling `init_weights` of YOLODetector  

neck.top_down_layers.0.m.2.conv1.bn.bias - torch.Size([128]): 
The value is the same before and after calling `init_weights` of YOLODetector  

neck.top_down_layers.0.m.2.conv2.conv.weight - torch.Size([512, 128, 3, 3]): 
Initialized by user-defined `init_weights` in RemDetPAFPN  

neck.top_down_layers.0.m.2.conv2.bn.weight - torch.Size([512]): 
The value is the same before and after calling `init_weights` of YOLODetector  

neck.top_down_layers.0.m.2.conv2.bn.bias - torch.Size([512]): 
The value is the same before and after calling `init_weights` of YOLODetector  

neck.top_down_layers.1.cv1.conv.weight - torch.Size([512, 768, 1, 1]): 
Initialized by user-defined `init_weights` in RemDetPAFPN  

neck.top_down_layers.1.cv1.bn.weight - torch.Size([512]): 
The value is the same before and after calling `init_weights` of YOLODetector  

neck.top_down_layers.1.cv1.bn.bias - torch.Size([512]): 
The value is the same before and after calling `init_weights` of YOLODetector  

neck.top_down_layers.1.cv2.conv.weight - torch.Size([256, 1280, 1, 1]): 
Initialized by user-defined `init_weights` in RemDetPAFPN  

neck.top_down_layers.1.cv2.bn.weight - torch.Size([256]): 
The value is the same before and after calling `init_weights` of YOLODetector  

neck.top_down_layers.1.cv2.bn.bias - torch.Size([256]): 
The value is the same before and after calling `init_weights` of YOLODetector  

neck.top_down_layers.1.m.0.conv1.conv.weight - torch.Size([64, 256, 3, 3]): 
Initialized by user-defined `init_weights` in RemDetPAFPN  

neck.top_down_layers.1.m.0.conv1.bn.weight - torch.Size([64]): 
The value is the same before and after calling `init_weights` of YOLODetector  

neck.top_down_layers.1.m.0.conv1.bn.bias - torch.Size([64]): 
The value is the same before and after calling `init_weights` of YOLODetector  

neck.top_down_layers.1.m.0.conv2.conv.weight - torch.Size([256, 64, 3, 3]): 
Initialized by user-defined `init_weights` in RemDetPAFPN  

neck.top_down_layers.1.m.0.conv2.bn.weight - torch.Size([256]): 
The value is the same before and after calling `init_weights` of YOLODetector  

neck.top_down_layers.1.m.0.conv2.bn.bias - torch.Size([256]): 
The value is the same before and after calling `init_weights` of YOLODetector  

neck.top_down_layers.1.m.1.conv1.conv.weight - torch.Size([64, 256, 3, 3]): 
Initialized by user-defined `init_weights` in RemDetPAFPN  

neck.top_down_layers.1.m.1.conv1.bn.weight - torch.Size([64]): 
The value is the same before and after calling `init_weights` of YOLODetector  

neck.top_down_layers.1.m.1.conv1.bn.bias - torch.Size([64]): 
The value is the same before and after calling `init_weights` of YOLODetector  

neck.top_down_layers.1.m.1.conv2.conv.weight - torch.Size([256, 64, 3, 3]): 
Initialized by user-defined `init_weights` in RemDetPAFPN  

neck.top_down_layers.1.m.1.conv2.bn.weight - torch.Size([256]): 
The value is the same before and after calling `init_weights` of YOLODetector  

neck.top_down_layers.1.m.1.conv2.bn.bias - torch.Size([256]): 
The value is the same before and after calling `init_weights` of YOLODetector  

neck.top_down_layers.1.m.2.conv1.conv.weight - torch.Size([64, 256, 3, 3]): 
Initialized by user-defined `init_weights` in RemDetPAFPN  

neck.top_down_layers.1.m.2.conv1.bn.weight - torch.Size([64]): 
The value is the same before and after calling `init_weights` of YOLODetector  

neck.top_down_layers.1.m.2.conv1.bn.bias - torch.Size([64]): 
The value is the same before and after calling `init_weights` of YOLODetector  

neck.top_down_layers.1.m.2.conv2.conv.weight - torch.Size([256, 64, 3, 3]): 
Initialized by user-defined `init_weights` in RemDetPAFPN  

neck.top_down_layers.1.m.2.conv2.bn.weight - torch.Size([256]): 
The value is the same before and after calling `init_weights` of YOLODetector  

neck.top_down_layers.1.m.2.conv2.bn.bias - torch.Size([256]): 
The value is the same before and after calling `init_weights` of YOLODetector  

neck.downsample_layers.0.conv.weight - torch.Size([256, 256, 3, 3]): 
Initialized by user-defined `init_weights` in RemDetPAFPN  

neck.downsample_layers.0.bn.weight - torch.Size([256]): 
The value is the same before and after calling `init_weights` of YOLODetector  

neck.downsample_layers.0.bn.bias - torch.Size([256]): 
The value is the same before and after calling `init_weights` of YOLODetector  

neck.downsample_layers.1.conv.weight - torch.Size([512, 512, 3, 3]): 
Initialized by user-defined `init_weights` in RemDetPAFPN  

neck.downsample_layers.1.bn.weight - torch.Size([512]): 
The value is the same before and after calling `init_weights` of YOLODetector  

neck.downsample_layers.1.bn.bias - torch.Size([512]): 
The value is the same before and after calling `init_weights` of YOLODetector  

neck.bottom_up_layers.0.cv1.conv.weight - torch.Size([1024, 768, 1, 1]): 
Initialized by user-defined `init_weights` in RemDetPAFPN  

neck.bottom_up_layers.0.cv1.bn.weight - torch.Size([1024]): 
The value is the same before and after calling `init_weights` of YOLODetector  

neck.bottom_up_layers.0.cv1.bn.bias - torch.Size([1024]): 
The value is the same before and after calling `init_weights` of YOLODetector  

neck.bottom_up_layers.0.cv2.conv.weight - torch.Size([512, 2560, 1, 1]): 
Initialized by user-defined `init_weights` in RemDetPAFPN  

neck.bottom_up_layers.0.cv2.bn.weight - torch.Size([512]): 
The value is the same before and after calling `init_weights` of YOLODetector  

neck.bottom_up_layers.0.cv2.bn.bias - torch.Size([512]): 
The value is the same before and after calling `init_weights` of YOLODetector  

neck.bottom_up_layers.0.m.0.conv1.conv.weight - torch.Size([128, 512, 3, 3]): 
Initialized by user-defined `init_weights` in RemDetPAFPN  

neck.bottom_up_layers.0.m.0.conv1.bn.weight - torch.Size([128]): 
The value is the same before and after calling `init_weights` of YOLODetector  

neck.bottom_up_layers.0.m.0.conv1.bn.bias - torch.Size([128]): 
The value is the same before and after calling `init_weights` of YOLODetector  

neck.bottom_up_layers.0.m.0.conv2.conv.weight - torch.Size([512, 128, 3, 3]): 
Initialized by user-defined `init_weights` in RemDetPAFPN  

neck.bottom_up_layers.0.m.0.conv2.bn.weight - torch.Size([512]): 
The value is the same before and after calling `init_weights` of YOLODetector  

neck.bottom_up_layers.0.m.0.conv2.bn.bias - torch.Size([512]): 
The value is the same before and after calling `init_weights` of YOLODetector  

neck.bottom_up_layers.0.m.1.conv1.conv.weight - torch.Size([128, 512, 3, 3]): 
Initialized by user-defined `init_weights` in RemDetPAFPN  

neck.bottom_up_layers.0.m.1.conv1.bn.weight - torch.Size([128]): 
The value is the same before and after calling `init_weights` of YOLODetector  

neck.bottom_up_layers.0.m.1.conv1.bn.bias - torch.Size([128]): 
The value is the same before and after calling `init_weights` of YOLODetector  

neck.bottom_up_layers.0.m.1.conv2.conv.weight - torch.Size([512, 128, 3, 3]): 
Initialized by user-defined `init_weights` in RemDetPAFPN  

neck.bottom_up_layers.0.m.1.conv2.bn.weight - torch.Size([512]): 
The value is the same before and after calling `init_weights` of YOLODetector  

neck.bottom_up_layers.0.m.1.conv2.bn.bias - torch.Size([512]): 
The value is the same before and after calling `init_weights` of YOLODetector  

neck.bottom_up_layers.0.m.2.conv1.conv.weight - torch.Size([128, 512, 3, 3]): 
Initialized by user-defined `init_weights` in RemDetPAFPN  

neck.bottom_up_layers.0.m.2.conv1.bn.weight - torch.Size([128]): 
The value is the same before and after calling `init_weights` of YOLODetector  

neck.bottom_up_layers.0.m.2.conv1.bn.bias - torch.Size([128]): 
The value is the same before and after calling `init_weights` of YOLODetector  

neck.bottom_up_layers.0.m.2.conv2.conv.weight - torch.Size([512, 128, 3, 3]): 
Initialized by user-defined `init_weights` in RemDetPAFPN  

neck.bottom_up_layers.0.m.2.conv2.bn.weight - torch.Size([512]): 
The value is the same before and after calling `init_weights` of YOLODetector  

neck.bottom_up_layers.0.m.2.conv2.bn.bias - torch.Size([512]): 
The value is the same before and after calling `init_weights` of YOLODetector  

neck.bottom_up_layers.1.cv1.conv.weight - torch.Size([1024, 1024, 1, 1]): 
Initialized by user-defined `init_weights` in RemDetPAFPN  

neck.bottom_up_layers.1.cv1.bn.weight - torch.Size([1024]): 
The value is the same before and after calling `init_weights` of YOLODetector  

neck.bottom_up_layers.1.cv1.bn.bias - torch.Size([1024]): 
The value is the same before and after calling `init_weights` of YOLODetector  

neck.bottom_up_layers.1.cv2.conv.weight - torch.Size([512, 2560, 1, 1]): 
Initialized by user-defined `init_weights` in RemDetPAFPN  

neck.bottom_up_layers.1.cv2.bn.weight - torch.Size([512]): 
The value is the same before and after calling `init_weights` of YOLODetector  

neck.bottom_up_layers.1.cv2.bn.bias - torch.Size([512]): 
The value is the same before and after calling `init_weights` of YOLODetector  

neck.bottom_up_layers.1.m.0.conv1.conv.weight - torch.Size([128, 512, 3, 3]): 
Initialized by user-defined `init_weights` in RemDetPAFPN  

neck.bottom_up_layers.1.m.0.conv1.bn.weight - torch.Size([128]): 
The value is the same before and after calling `init_weights` of YOLODetector  

neck.bottom_up_layers.1.m.0.conv1.bn.bias - torch.Size([128]): 
The value is the same before and after calling `init_weights` of YOLODetector  

neck.bottom_up_layers.1.m.0.conv2.conv.weight - torch.Size([512, 128, 3, 3]): 
Initialized by user-defined `init_weights` in RemDetPAFPN  

neck.bottom_up_layers.1.m.0.conv2.bn.weight - torch.Size([512]): 
The value is the same before and after calling `init_weights` of YOLODetector  

neck.bottom_up_layers.1.m.0.conv2.bn.bias - torch.Size([512]): 
The value is the same before and after calling `init_weights` of YOLODetector  

neck.bottom_up_layers.1.m.1.conv1.conv.weight - torch.Size([128, 512, 3, 3]): 
Initialized by user-defined `init_weights` in RemDetPAFPN  

neck.bottom_up_layers.1.m.1.conv1.bn.weight - torch.Size([128]): 
The value is the same before and after calling `init_weights` of YOLODetector  

neck.bottom_up_layers.1.m.1.conv1.bn.bias - torch.Size([128]): 
The value is the same before and after calling `init_weights` of YOLODetector  

neck.bottom_up_layers.1.m.1.conv2.conv.weight - torch.Size([512, 128, 3, 3]): 
Initialized by user-defined `init_weights` in RemDetPAFPN  

neck.bottom_up_layers.1.m.1.conv2.bn.weight - torch.Size([512]): 
The value is the same before and after calling `init_weights` of YOLODetector  

neck.bottom_up_layers.1.m.1.conv2.bn.bias - torch.Size([512]): 
The value is the same before and after calling `init_weights` of YOLODetector  

neck.bottom_up_layers.1.m.2.conv1.conv.weight - torch.Size([128, 512, 3, 3]): 
Initialized by user-defined `init_weights` in RemDetPAFPN  

neck.bottom_up_layers.1.m.2.conv1.bn.weight - torch.Size([128]): 
The value is the same before and after calling `init_weights` of YOLODetector  

neck.bottom_up_layers.1.m.2.conv1.bn.bias - torch.Size([128]): 
The value is the same before and after calling `init_weights` of YOLODetector  

neck.bottom_up_layers.1.m.2.conv2.conv.weight - torch.Size([512, 128, 3, 3]): 
Initialized by user-defined `init_weights` in RemDetPAFPN  

neck.bottom_up_layers.1.m.2.conv2.bn.weight - torch.Size([512]): 
The value is the same before and after calling `init_weights` of YOLODetector  

neck.bottom_up_layers.1.m.2.conv2.bn.bias - torch.Size([512]): 
The value is the same before and after calling `init_weights` of YOLODetector  

bbox_head.head_module.cls_preds.0.0.conv.weight - torch.Size([256, 256, 3, 3]): 
The value is the same before and after calling `init_weights` of YOLODetector  

bbox_head.head_module.cls_preds.0.0.bn.weight - torch.Size([256]): 
The value is the same before and after calling `init_weights` of YOLODetector  

bbox_head.head_module.cls_preds.0.0.bn.bias - torch.Size([256]): 
The value is the same before and after calling `init_weights` of YOLODetector  

bbox_head.head_module.cls_preds.0.1.conv.weight - torch.Size([256, 256, 3, 3]): 
The value is the same before and after calling `init_weights` of YOLODetector  

bbox_head.head_module.cls_preds.0.1.bn.weight - torch.Size([256]): 
The value is the same before and after calling `init_weights` of YOLODetector  

bbox_head.head_module.cls_preds.0.1.bn.bias - torch.Size([256]): 
The value is the same before and after calling `init_weights` of YOLODetector  

bbox_head.head_module.cls_preds.0.2.weight - torch.Size([10, 256, 1, 1]): 
The value is the same before and after calling `init_weights` of YOLODetector  

bbox_head.head_module.cls_preds.0.2.bias - torch.Size([10]): 
Initialized by user-defined `init_weights` in YOLOv8HeadModule  

bbox_head.head_module.cls_preds.1.0.conv.weight - torch.Size([256, 512, 3, 3]): 
The value is the same before and after calling `init_weights` of YOLODetector  

bbox_head.head_module.cls_preds.1.0.bn.weight - torch.Size([256]): 
The value is the same before and after calling `init_weights` of YOLODetector  

bbox_head.head_module.cls_preds.1.0.bn.bias - torch.Size([256]): 
The value is the same before and after calling `init_weights` of YOLODetector  

bbox_head.head_module.cls_preds.1.1.conv.weight - torch.Size([256, 256, 3, 3]): 
The value is the same before and after calling `init_weights` of YOLODetector  

bbox_head.head_module.cls_preds.1.1.bn.weight - torch.Size([256]): 
The value is the same before and after calling `init_weights` of YOLODetector  

bbox_head.head_module.cls_preds.1.1.bn.bias - torch.Size([256]): 
The value is the same before and after calling `init_weights` of YOLODetector  

bbox_head.head_module.cls_preds.1.2.weight - torch.Size([10, 256, 1, 1]): 
The value is the same before and after calling `init_weights` of YOLODetector  

bbox_head.head_module.cls_preds.1.2.bias - torch.Size([10]): 
Initialized by user-defined `init_weights` in YOLOv8HeadModule  

bbox_head.head_module.cls_preds.2.0.conv.weight - torch.Size([256, 512, 3, 3]): 
The value is the same before and after calling `init_weights` of YOLODetector  

bbox_head.head_module.cls_preds.2.0.bn.weight - torch.Size([256]): 
The value is the same before and after calling `init_weights` of YOLODetector  

bbox_head.head_module.cls_preds.2.0.bn.bias - torch.Size([256]): 
The value is the same before and after calling `init_weights` of YOLODetector  

bbox_head.head_module.cls_preds.2.1.conv.weight - torch.Size([256, 256, 3, 3]): 
The value is the same before and after calling `init_weights` of YOLODetector  

bbox_head.head_module.cls_preds.2.1.bn.weight - torch.Size([256]): 
The value is the same before and after calling `init_weights` of YOLODetector  

bbox_head.head_module.cls_preds.2.1.bn.bias - torch.Size([256]): 
The value is the same before and after calling `init_weights` of YOLODetector  

bbox_head.head_module.cls_preds.2.2.weight - torch.Size([10, 256, 1, 1]): 
The value is the same before and after calling `init_weights` of YOLODetector  

bbox_head.head_module.cls_preds.2.2.bias - torch.Size([10]): 
Initialized by user-defined `init_weights` in YOLOv8HeadModule  

bbox_head.head_module.reg_preds.0.0.conv.weight - torch.Size([64, 256, 3, 3]): 
The value is the same before and after calling `init_weights` of YOLODetector  

bbox_head.head_module.reg_preds.0.0.bn.weight - torch.Size([64]): 
The value is the same before and after calling `init_weights` of YOLODetector  

bbox_head.head_module.reg_preds.0.0.bn.bias - torch.Size([64]): 
The value is the same before and after calling `init_weights` of YOLODetector  

bbox_head.head_module.reg_preds.0.1.conv.weight - torch.Size([64, 64, 3, 3]): 
The value is the same before and after calling `init_weights` of YOLODetector  

bbox_head.head_module.reg_preds.0.1.bn.weight - torch.Size([64]): 
The value is the same before and after calling `init_weights` of YOLODetector  

bbox_head.head_module.reg_preds.0.1.bn.bias - torch.Size([64]): 
The value is the same before and after calling `init_weights` of YOLODetector  

bbox_head.head_module.reg_preds.0.2.weight - torch.Size([64, 64, 1, 1]): 
The value is the same before and after calling `init_weights` of YOLODetector  

bbox_head.head_module.reg_preds.0.2.bias - torch.Size([64]): 
Initialized by user-defined `init_weights` in YOLOv8HeadModule  

bbox_head.head_module.reg_preds.1.0.conv.weight - torch.Size([64, 512, 3, 3]): 
The value is the same before and after calling `init_weights` of YOLODetector  

bbox_head.head_module.reg_preds.1.0.bn.weight - torch.Size([64]): 
The value is the same before and after calling `init_weights` of YOLODetector  

bbox_head.head_module.reg_preds.1.0.bn.bias - torch.Size([64]): 
The value is the same before and after calling `init_weights` of YOLODetector  

bbox_head.head_module.reg_preds.1.1.conv.weight - torch.Size([64, 64, 3, 3]): 
The value is the same before and after calling `init_weights` of YOLODetector  

bbox_head.head_module.reg_preds.1.1.bn.weight - torch.Size([64]): 
The value is the same before and after calling `init_weights` of YOLODetector  

bbox_head.head_module.reg_preds.1.1.bn.bias - torch.Size([64]): 
The value is the same before and after calling `init_weights` of YOLODetector  

bbox_head.head_module.reg_preds.1.2.weight - torch.Size([64, 64, 1, 1]): 
The value is the same before and after calling `init_weights` of YOLODetector  

bbox_head.head_module.reg_preds.1.2.bias - torch.Size([64]): 
Initialized by user-defined `init_weights` in YOLOv8HeadModule  

bbox_head.head_module.reg_preds.2.0.conv.weight - torch.Size([64, 512, 3, 3]): 
The value is the same before and after calling `init_weights` of YOLODetector  

bbox_head.head_module.reg_preds.2.0.bn.weight - torch.Size([64]): 
The value is the same before and after calling `init_weights` of YOLODetector  

bbox_head.head_module.reg_preds.2.0.bn.bias - torch.Size([64]): 
The value is the same before and after calling `init_weights` of YOLODetector  

bbox_head.head_module.reg_preds.2.1.conv.weight - torch.Size([64, 64, 3, 3]): 
The value is the same before and after calling `init_weights` of YOLODetector  

bbox_head.head_module.reg_preds.2.1.bn.weight - torch.Size([64]): 
The value is the same before and after calling `init_weights` of YOLODetector  

bbox_head.head_module.reg_preds.2.1.bn.bias - torch.Size([64]): 
The value is the same before and after calling `init_weights` of YOLODetector  

bbox_head.head_module.reg_preds.2.2.weight - torch.Size([64, 64, 1, 1]): 
The value is the same before and after calling `init_weights` of YOLODetector  

bbox_head.head_module.reg_preds.2.2.bias - torch.Size([64]): 
Initialized by user-defined `init_weights` in YOLOv8HeadModule  
2024/07/24 05:50:28 - mmengine - WARNING - "FileClient" will be deprecated in future. Please use io functions in https://mmengine.readthedocs.io/en/latest/api/fileio.html#file-io
2024/07/24 05:50:28 - mmengine - WARNING - "HardDiskBackend" is the alias of "LocalBackend" and the former will be deprecated in future.
2024/07/24 05:50:28 - mmengine - INFO - Checkpoints will be saved to /mnt/exam_log/0723_remdet/remdet_series/visdrone/remdet_l.
2024/07/24 05:50:55 - mmengine - INFO - Epoch(train)   [1][ 50/102]  base_lr: 2.0000e-02 lr: 9.6078e-04  eta: 4:36:32  time: 0.5431  data_time: 0.0176  memory: 21535  grad_norm: nan  loss: 1017.3798  loss_cls: 399.7811  loss_bbox: 348.4716  loss_dfl: 269.1272
2024/07/24 05:51:08 - mmengine - INFO - Epoch(train)   [1][100/102]  base_lr: 2.0000e-02 lr: 1.9412e-03  eta: 3:25:52  time: 0.2669  data_time: 0.0009  memory: 11560  grad_norm: 3590.1633  loss: 939.2346  loss_cls: 348.7053  loss_bbox: 336.5111  loss_dfl: 254.0183
2024/07/24 05:51:15 - mmengine - INFO - Exp name: remdet_l-300e_coco_20240724_055016
2024/07/24 05:51:29 - mmengine - INFO - Epoch(train)   [2][ 50/102]  base_lr: 2.0000e-02 lr: 2.9510e-03  eta: 3:24:01  time: 0.2733  data_time: 0.0172  memory: 21223  grad_norm: 664.9392  loss: 756.2981  loss_cls: 265.9372  loss_bbox: 297.5042  loss_dfl: 192.8567
2024/07/24 05:51:41 - mmengine - INFO - Epoch(train)   [2][100/102]  base_lr: 2.0000e-02 lr: 3.9282e-03  eta: 3:04:27  time: 0.2487  data_time: 0.0010  memory: 12242  grad_norm: 441.8438  loss: 611.2220  loss_cls: 220.4643  loss_bbox: 246.8125  loss_dfl: 143.9453
2024/07/24 05:51:42 - mmengine - INFO - Exp name: remdet_l-300e_coco_20240724_055016
2024/07/24 05:51:55 - mmengine - INFO - Epoch(train)   [3][ 50/102]  base_lr: 2.0000e-02 lr: 4.9280e-03  eta: 2:54:25  time: 0.2735  data_time: 0.0162  memory: 11781  grad_norm: 419.5233  loss: 530.5063  loss_cls: 194.9637  loss_bbox: 214.2704  loss_dfl: 121.2722
2024/07/24 05:52:08 - mmengine - INFO - Epoch(train)   [3][100/102]  base_lr: 2.0000e-02 lr: 5.9020e-03  eta: 2:46:47  time: 0.2565  data_time: 0.0010  memory: 11841  grad_norm: 420.7099  loss: 479.3172  loss_cls: 176.6952  loss_bbox: 196.2915  loss_dfl: 106.3305
2024/07/24 05:52:09 - mmengine - INFO - Exp name: remdet_l-300e_coco_20240724_055016
2024/07/24 05:52:22 - mmengine - INFO - Epoch(train)   [4][ 50/102]  base_lr: 2.0000e-02 lr: 6.8919e-03  eta: 2:42:25  time: 0.2782  data_time: 0.0125  memory: 11707  grad_norm: 411.6122  loss: 436.1842  loss_cls: 160.0003  loss_bbox: 179.8262  loss_dfl: 96.3576
2024/07/24 05:52:35 - mmengine - INFO - Epoch(train)   [4][100/102]  base_lr: 2.0000e-02 lr: 7.8626e-03  eta: 2:37:56  time: 0.2544  data_time: 0.0010  memory: 11914  grad_norm: 382.2304  loss: 403.2212  loss_cls: 147.7319  loss_bbox: 165.1460  loss_dfl: 90.3433
2024/07/24 05:52:36 - mmengine - INFO - Exp name: remdet_l-300e_coco_20240724_055016
2024/07/24 05:52:49 - mmengine - INFO - Epoch(train)   [5][ 50/102]  base_lr: 2.0000e-02 lr: 8.8425e-03  eta: 2:35:26  time: 0.2777  data_time: 0.0113  memory: 11634  grad_norm: 379.3934  loss: 390.4335  loss_cls: 143.1659  loss_bbox: 158.0614  loss_dfl: 89.2062
2024/07/24 05:53:02 - mmengine - INFO - Epoch(train)   [5][100/102]  base_lr: 2.0000e-02 lr: 9.8100e-03  eta: 2:32:18  time: 0.2511  data_time: 0.0010  memory: 12461  grad_norm: 359.0042  loss: 382.0245  loss_cls: 140.0113  loss_bbox: 155.2594  loss_dfl: 86.7538
2024/07/24 05:53:02 - mmengine - INFO - Exp name: remdet_l-300e_coco_20240724_055016
2024/07/24 05:53:16 - mmengine - INFO - Epoch(train)   [6][ 50/102]  base_lr: 2.0000e-02 lr: 1.0780e-02  eta: 2:30:36  time: 0.2759  data_time: 0.0106  memory: 11781  grad_norm: 327.2842  loss: 366.9283  loss_cls: 133.7850  loss_bbox: 149.3595  loss_dfl: 83.7838
2024/07/24 05:53:29 - mmengine - INFO - Epoch(train)   [6][100/102]  base_lr: 2.0000e-02 lr: 1.1744e-02  eta: 2:28:28  time: 0.2548  data_time: 0.0010  memory: 11681  grad_norm: 309.9488  loss: 354.6771  loss_cls: 128.5108  loss_bbox: 143.5040  loss_dfl: 82.6623
2024/07/24 05:53:29 - mmengine - INFO - Exp name: remdet_l-300e_coco_20240724_055016
2024/07/24 05:53:43 - mmengine - INFO - Epoch(train)   [7][ 50/102]  base_lr: 2.0000e-02 lr: 1.2704e-02  eta: 2:27:16  time: 0.2760  data_time: 0.0115  memory: 12907  grad_norm: 291.7986  loss: 345.3916  loss_cls: 123.6552  loss_bbox: 140.7742  loss_dfl: 80.9623
2024/07/24 05:53:56 - mmengine - INFO - Epoch(train)   [7][100/102]  base_lr: 2.0000e-02 lr: 1.3665e-02  eta: 2:25:33  time: 0.2534  data_time: 0.0010  memory: 12094  grad_norm: 268.8087  loss: 338.7010  loss_cls: 120.9392  loss_bbox: 137.7937  loss_dfl: 79.9682
2024/07/24 05:53:56 - mmengine - INFO - Exp name: remdet_l-300e_coco_20240724_055016
2024/07/24 05:54:10 - mmengine - INFO - Epoch(train)   [8][ 50/102]  base_lr: 2.0000e-02 lr: 1.4615e-02  eta: 2:24:29  time: 0.2708  data_time: 0.0137  memory: 11767  grad_norm: 252.3649  loss: 330.2320  loss_cls: 117.0051  loss_bbox: 135.5712  loss_dfl: 77.6557
2024/07/24 05:54:22 - mmengine - INFO - Epoch(train)   [8][100/102]  base_lr: 2.0000e-02 lr: 1.5573e-02  eta: 2:22:57  time: 0.2485  data_time: 0.0010  memory: 12141  grad_norm: 233.4089  loss: 323.5335  loss_cls: 113.7570  loss_bbox: 132.0643  loss_dfl: 77.7123
2024/07/24 05:54:23 - mmengine - INFO - Exp name: remdet_l-300e_coco_20240724_055016
2024/07/24 05:54:36 - mmengine - INFO - Epoch(train)   [9][ 50/102]  base_lr: 2.0000e-02 lr: 1.6513e-02  eta: 2:22:05  time: 0.2702  data_time: 0.0106  memory: 11754  grad_norm: 217.7125  loss: 320.7183  loss_cls: 111.8331  loss_bbox: 131.7338  loss_dfl: 77.1514
2024/07/24 05:54:48 - mmengine - INFO - Epoch(train)   [9][100/102]  base_lr: 2.0000e-02 lr: 1.7468e-02  eta: 2:20:48  time: 0.2478  data_time: 0.0009  memory: 12061  grad_norm: 197.3951  loss: 304.9458  loss_cls: 104.9419  loss_bbox: 126.0123  loss_dfl: 73.9917
2024/07/24 05:54:49 - mmengine - INFO - Exp name: remdet_l-300e_coco_20240724_055016
2024/07/24 05:55:02 - mmengine - INFO - Epoch(train)  [10][ 50/102]  base_lr: 2.0000e-02 lr: 1.8398e-02  eta: 2:20:01  time: 0.2679  data_time: 0.0114  memory: 11874  grad_norm: 185.3988  loss: 303.3063  loss_cls: 105.5469  loss_bbox: 124.0053  loss_dfl: 73.7540
2024/07/24 05:55:10 - mmengine - INFO - Exp name: remdet_l-300e_coco_20240724_055016
2024/07/24 05:55:15 - mmengine - INFO - Epoch(train)  [10][100/102]  base_lr: 2.0000e-02 lr: 1.9349e-02  eta: 2:18:57  time: 0.2488  data_time: 0.0010  memory: 12481  grad_norm: 165.2924  loss: 301.9286  loss_cls: 103.7729  loss_bbox: 124.2404  loss_dfl: 73.9153
2024/07/24 05:55:15 - mmengine - INFO - Exp name: remdet_l-300e_coco_20240724_055016
2024/07/24 05:55:15 - mmengine - INFO - Saving checkpoint at 10 epochs
2024/07/24 05:55:16 - mmengine - WARNING - `save_param_scheduler` is True but `self.param_schedulers` is None, so skip saving parameter schedulers
2024/07/24 05:55:32 - mmengine - INFO - Evaluating bbox...
2024/07/24 05:55:55 - mmengine - INFO - bbox_mAP_copypaste: 0.063 0.124 0.058 0.027 0.102 0.153
2024/07/24 05:55:56 - mmengine - INFO - Epoch(val) [10][9/9]    coco/bbox_mAP: 0.0630  coco/bbox_mAP_50: 0.1240  coco/bbox_mAP_75: 0.0580  coco/bbox_mAP_s: 0.0270  coco/bbox_mAP_m: 0.1020  coco/bbox_mAP_l: 0.1530  data_time: 0.3991  time: 1.4249
2024/07/24 05:55:57 - mmengine - INFO - The best checkpoint with 0.0630 coco/bbox_mAP at 10 epoch is saved to best_coco_bbox_mAP_epoch_10.pth.
2024/07/24 05:56:12 - mmengine - INFO - Epoch(train)  [11][ 50/102]  base_lr: 2.0000e-02 lr: 1.9340e-02  eta: 2:18:14  time: 0.2646  data_time: 0.0131  memory: 20589  grad_norm: 157.1961  loss: 296.0170  loss_cls: 101.8185  loss_bbox: 121.3811  loss_dfl: 72.8173
2024/07/24 05:56:25 - mmengine - INFO - Epoch(train)  [11][100/102]  base_lr: 2.0000e-02 lr: 1.9340e-02  eta: 2:17:20  time: 0.2505  data_time: 0.0010  memory: 13776  grad_norm: 140.8399  loss: 286.1151  loss_cls: 97.5189  loss_bbox: 116.6267  loss_dfl: 71.9696
2024/07/24 05:56:25 - mmengine - INFO - Exp name: remdet_l-300e_coco_20240724_055016
2024/07/24 05:56:39 - mmengine - INFO - Epoch(train)  [12][ 50/102]  base_lr: 2.0000e-02 lr: 1.9340e-02  eta: 2:16:51  time: 0.2721  data_time: 0.0141  memory: 11762  grad_norm: 129.1431  loss: 284.4213  loss_cls: 97.2992  loss_bbox: 116.1578  loss_dfl: 70.9644
2024/07/24 05:56:51 - mmengine - INFO - Epoch(train)  [12][100/102]  base_lr: 2.0000e-02 lr: 1.9340e-02  eta: 2:16:02  time: 0.2495  data_time: 0.0009  memory: 11756  grad_norm: 120.9965  loss: 275.8507  loss_cls: 92.3671  loss_bbox: 112.9046  loss_dfl: 70.5790
2024/07/24 05:56:52 - mmengine - INFO - Exp name: remdet_l-300e_coco_20240724_055016
2024/07/24 05:57:05 - mmengine - INFO - Epoch(train)  [13][ 50/102]  base_lr: 2.0000e-02 lr: 1.9274e-02  eta: 2:15:33  time: 0.2686  data_time: 0.0163  memory: 11856  grad_norm: 116.3386  loss: 279.1095  loss_cls: 93.9176  loss_bbox: 114.1331  loss_dfl: 71.0587
2024/07/24 05:57:18 - mmengine - INFO - Epoch(train)  [13][100/102]  base_lr: 2.0000e-02 lr: 1.9274e-02  eta: 2:14:48  time: 0.2494  data_time: 0.0009  memory: 12596  grad_norm: 111.9521  loss: 268.7393  loss_cls: 89.9320  loss_bbox: 110.4745  loss_dfl: 68.3328
2024/07/24 05:57:18 - mmengine - INFO - Exp name: remdet_l-300e_coco_20240724_055016
2024/07/24 05:57:31 - mmengine - INFO - Epoch(train)  [14][ 50/102]  base_lr: 2.0000e-02 lr: 1.9208e-02  eta: 2:14:24  time: 0.2703  data_time: 0.0141  memory: 12116  grad_norm: 106.8207  loss: 265.6184  loss_cls: 87.8027  loss_bbox: 109.2240  loss_dfl: 68.5917
2024/07/24 05:57:44 - mmengine - INFO - Epoch(train)  [14][100/102]  base_lr: 2.0000e-02 lr: 1.9208e-02  eta: 2:13:43  time: 0.2497  data_time: 0.0009  memory: 12002  grad_norm: 102.4235  loss: 262.4851  loss_cls: 87.1214  loss_bbox: 107.7239  loss_dfl: 67.6398
2024/07/24 05:57:44 - mmengine - INFO - Exp name: remdet_l-300e_coco_20240724_055016
2024/07/24 05:57:58 - mmengine - INFO - Epoch(train)  [15][ 50/102]  base_lr: 2.0000e-02 lr: 1.9142e-02  eta: 2:13:31  time: 0.2799  data_time: 0.0103  memory: 11422  grad_norm: 101.1591  loss: 257.8272  loss_cls: 85.2533  loss_bbox: 105.1076  loss_dfl: 67.4663
2024/07/24 05:58:11 - mmengine - INFO - Epoch(train)  [15][100/102]  base_lr: 2.0000e-02 lr: 1.9142e-02  eta: 2:13:03  time: 0.2601  data_time: 0.0010  memory: 11989  grad_norm: 95.2185  loss: 258.2798  loss_cls: 84.1090  loss_bbox: 106.3517  loss_dfl: 67.8191
2024/07/24 05:58:12 - mmengine - INFO - Exp name: remdet_l-300e_coco_20240724_055016
2024/07/24 05:58:26 - mmengine - INFO - Epoch(train)  [16][ 50/102]  base_lr: 2.0000e-02 lr: 1.9076e-02  eta: 2:12:53  time: 0.2832  data_time: 0.0149  memory: 12729  grad_norm: 94.3953  loss: 253.3410  loss_cls: 82.2717  loss_bbox: 103.1164  loss_dfl: 67.9529
2024/07/24 05:58:39 - mmengine - INFO - Epoch(train)  [16][100/102]  base_lr: 2.0000e-02 lr: 1.9076e-02  eta: 2:12:28  time: 0.2626  data_time: 0.0009  memory: 12009  grad_norm: 92.3892  loss: 251.3997  loss_cls: 82.0852  loss_bbox: 103.0216  loss_dfl: 66.2928
2024/07/24 05:58:39 - mmengine - INFO - Exp name: remdet_l-300e_coco_20240724_055016
2024/07/24 05:58:53 - mmengine - INFO - Epoch(train)  [17][ 50/102]  base_lr: 2.0000e-02 lr: 1.9010e-02  eta: 2:12:10  time: 0.2736  data_time: 0.0119  memory: 12296  grad_norm: 88.5618  loss: 251.3424  loss_cls: 82.0300  loss_bbox: 102.5746  loss_dfl: 66.7378
2024/07/24 05:59:06 - mmengine - INFO - Epoch(train)  [17][100/102]  base_lr: 2.0000e-02 lr: 1.9010e-02  eta: 2:11:35  time: 0.2487  data_time: 0.0009  memory: 13196  grad_norm: 85.8610  loss: 246.4213  loss_cls: 78.3604  loss_bbox: 101.3748  loss_dfl: 66.6861
2024/07/24 05:59:06 - mmengine - INFO - Exp name: remdet_l-300e_coco_20240724_055016
2024/07/24 05:59:19 - mmengine - INFO - Epoch(train)  [18][ 50/102]  base_lr: 2.0000e-02 lr: 1.8944e-02  eta: 2:11:16  time: 0.2705  data_time: 0.0130  memory: 11749  grad_norm: 87.6286  loss: 252.0143  loss_cls: 81.8216  loss_bbox: 104.0159  loss_dfl: 66.1768
2024/07/24 05:59:32 - mmengine - INFO - Epoch(train)  [18][100/102]  base_lr: 2.0000e-02 lr: 1.8944e-02  eta: 2:10:41  time: 0.2465  data_time: 0.0009  memory: 11922  grad_norm: 85.4757  loss: 246.8765  loss_cls: 78.3298  loss_bbox: 102.9918  loss_dfl: 65.5549
2024/07/24 05:59:32 - mmengine - INFO - Exp name: remdet_l-300e_coco_20240724_055016
2024/07/24 05:59:46 - mmengine - INFO - Epoch(train)  [19][ 50/102]  base_lr: 2.0000e-02 lr: 1.8878e-02  eta: 2:10:20  time: 0.2670  data_time: 0.0134  memory: 11356  grad_norm: 84.3486  loss: 246.3877  loss_cls: 78.9256  loss_bbox: 102.4393  loss_dfl: 65.0228
2024/07/24 05:59:58 - mmengine - INFO - Epoch(train)  [19][100/102]  base_lr: 2.0000e-02 lr: 1.8878e-02  eta: 2:09:48  time: 0.2471  data_time: 0.0009  memory: 11269  grad_norm: 80.3303  loss: 248.0423  loss_cls: 79.9624  loss_bbox: 102.6469  loss_dfl: 65.4330
2024/07/24 05:59:58 - mmengine - INFO - Exp name: remdet_l-300e_coco_20240724_055016
2024/07/24 06:00:12 - mmengine - INFO - Epoch(train)  [20][ 50/102]  base_lr: 2.0000e-02 lr: 1.8812e-02  eta: 2:09:29  time: 0.2680  data_time: 0.0129  memory: 11349  grad_norm: 80.9031  loss: 241.3921  loss_cls: 76.6897  loss_bbox: 99.4944  loss_dfl: 65.2080
2024/07/24 06:00:15 - mmengine - INFO - Exp name: remdet_l-300e_coco_20240724_055016
2024/07/24 06:00:24 - mmengine - INFO - Epoch(train)  [20][100/102]  base_lr: 2.0000e-02 lr: 1.8812e-02  eta: 2:08:59  time: 0.2490  data_time: 0.0009  memory: 11776  grad_norm: 81.0333  loss: 242.3948  loss_cls: 77.4578  loss_bbox: 100.5530  loss_dfl: 64.3841
2024/07/24 06:00:24 - mmengine - INFO - Exp name: remdet_l-300e_coco_20240724_055016
2024/07/24 06:00:24 - mmengine - INFO - Saving checkpoint at 20 epochs
2024/07/24 06:00:30 - mmengine - INFO - Evaluating bbox...
2024/07/24 06:00:54 - mmengine - INFO - bbox_mAP_copypaste: 0.159 0.283 0.158 0.086 0.247 0.346
2024/07/24 06:00:55 - mmengine - INFO - Epoch(val) [20][9/9]    coco/bbox_mAP: 0.1590  coco/bbox_mAP_50: 0.2830  coco/bbox_mAP_75: 0.1580  coco/bbox_mAP_s: 0.0860  coco/bbox_mAP_m: 0.2470  coco/bbox_mAP_l: 0.3460  data_time: 0.0153  time: 0.2600
2024/07/24 06:00:55 - mmengine - INFO - The previous best checkpoint /mnt/exam_log/0723_remdet/remdet_series/visdrone/remdet_l/best_coco_bbox_mAP_epoch_10.pth is removed
2024/07/24 06:00:56 - mmengine - INFO - The best checkpoint with 0.1590 coco/bbox_mAP at 20 epoch is saved to best_coco_bbox_mAP_epoch_20.pth.
2024/07/24 06:01:11 - mmengine - INFO - Epoch(train)  [21][ 50/102]  base_lr: 2.0000e-02 lr: 1.8746e-02  eta: 2:08:37  time: 0.2625  data_time: 0.0094  memory: 11809  grad_norm: 81.4033  loss: 246.2083  loss_cls: 78.9510  loss_bbox: 102.2065  loss_dfl: 65.0508
2024/07/24 06:01:24 - mmengine - INFO - Epoch(train)  [21][100/102]  base_lr: 2.0000e-02 lr: 1.8746e-02  eta: 2:08:08  time: 0.2477  data_time: 0.0009  memory: 11509  grad_norm: 78.8788  loss: 247.5521  loss_cls: 79.6975  loss_bbox: 101.9967  loss_dfl: 65.8578
2024/07/24 06:01:24 - mmengine - INFO - Exp name: remdet_l-300e_coco_20240724_055016
2024/07/24 06:01:37 - mmengine - INFO - Epoch(train)  [22][ 50/102]  base_lr: 2.0000e-02 lr: 1.8680e-02  eta: 2:07:52  time: 0.2694  data_time: 0.0162  memory: 11502  grad_norm: 76.9765  loss: 239.8351  loss_cls: 76.7274  loss_bbox: 99.0441  loss_dfl: 64.0636
2024/07/24 06:01:50 - mmengine - INFO - Epoch(train)  [22][100/102]  base_lr: 2.0000e-02 lr: 1.8680e-02  eta: 2:07:23  time: 0.2456  data_time: 0.0009  memory: 12742  grad_norm: 76.6757  loss: 241.4324  loss_cls: 77.3332  loss_bbox: 99.9459  loss_dfl: 64.1533
2024/07/24 06:01:50 - mmengine - INFO - Exp name: remdet_l-300e_coco_20240724_055016
2024/07/24 06:02:04 - mmengine - INFO - Epoch(train)  [23][ 50/102]  base_lr: 2.0000e-02 lr: 1.8614e-02  eta: 2:07:09  time: 0.2726  data_time: 0.0128  memory: 12036  grad_norm: 78.1946  loss: 236.2048  loss_cls: 75.4193  loss_bbox: 97.7725  loss_dfl: 63.0130
2024/07/24 06:02:16 - mmengine - INFO - Epoch(train)  [23][100/102]  base_lr: 2.0000e-02 lr: 1.8614e-02  eta: 2:06:42  time: 0.2474  data_time: 0.0009  memory: 11649  grad_norm: 76.9929  loss: 235.4231  loss_cls: 74.8123  loss_bbox: 96.7683  loss_dfl: 63.8426
2024/07/24 06:02:17 - mmengine - INFO - Exp name: remdet_l-300e_coco_20240724_055016
2024/07/24 06:02:30 - mmengine - INFO - Epoch(train)  [24][ 50/102]  base_lr: 2.0000e-02 lr: 1.8548e-02  eta: 2:06:27  time: 0.2712  data_time: 0.0109  memory: 11302  grad_norm: 74.3610  loss: 239.5118  loss_cls: 76.2687  loss_bbox: 99.0374  loss_dfl: 64.2057
2024/07/24 06:02:43 - mmengine - INFO - Epoch(train)  [24][100/102]  base_lr: 2.0000e-02 lr: 1.8548e-02  eta: 2:06:05  time: 0.2530  data_time: 0.0010  memory: 12249  grad_norm: 74.0212  loss: 232.9542  loss_cls: 73.1979  loss_bbox: 96.0772  loss_dfl: 63.6792
2024/07/24 06:02:43 - mmengine - INFO - Exp name: remdet_l-300e_coco_20240724_055016
2024/07/24 06:02:56 - mmengine - INFO - Epoch(train)  [25][ 50/102]  base_lr: 2.0000e-02 lr: 1.8482e-02  eta: 2:05:47  time: 0.2650  data_time: 0.0137  memory: 11869  grad_norm: 74.3836  loss: 233.4033  loss_cls: 74.0784  loss_bbox: 96.0892  loss_dfl: 63.2357
2024/07/24 06:03:09 - mmengine - INFO - Epoch(train)  [25][100/102]  base_lr: 2.0000e-02 lr: 1.8482e-02  eta: 2:05:20  time: 0.2448  data_time: 0.0009  memory: 12956  grad_norm: 73.2569  loss: 234.8258  loss_cls: 74.0336  loss_bbox: 97.1256  loss_dfl: 63.6665
2024/07/24 06:03:09 - mmengine - INFO - Exp name: remdet_l-300e_coco_20240724_055016
2024/07/24 06:03:22 - mmengine - INFO - Epoch(train)  [26][ 50/102]  base_lr: 2.0000e-02 lr: 1.8416e-02  eta: 2:05:04  time: 0.2663  data_time: 0.0138  memory: 11429  grad_norm: 72.4460  loss: 231.4834  loss_cls: 72.0863  loss_bbox: 97.0791  loss_dfl: 62.3179
2024/07/24 06:03:35 - mmengine - INFO - Epoch(train)  [26][100/102]  base_lr: 2.0000e-02 lr: 1.8416e-02  eta: 2:04:42  time: 0.2512  data_time: 0.0009  memory: 11862  grad_norm: 72.1734  loss: 233.8570  loss_cls: 73.7372  loss_bbox: 97.1686  loss_dfl: 62.9512
2024/07/24 06:03:35 - mmengine - INFO - Exp name: remdet_l-300e_coco_20240724_055016
2024/07/24 06:03:49 - mmengine - INFO - Epoch(train)  [27][ 50/102]  base_lr: 2.0000e-02 lr: 1.8350e-02  eta: 2:04:28  time: 0.2707  data_time: 0.0122  memory: 13042  grad_norm: 71.6764  loss: 235.7100  loss_cls: 73.8847  loss_bbox: 98.0441  loss_dfl: 63.7812
2024/07/24 06:04:01 - mmengine - INFO - Epoch(train)  [27][100/102]  base_lr: 2.0000e-02 lr: 1.8350e-02  eta: 2:04:04  time: 0.2474  data_time: 0.0010  memory: 11996  grad_norm: 73.0819  loss: 230.9795  loss_cls: 71.8263  loss_bbox: 96.1819  loss_dfl: 62.9712
2024/07/24 06:04:02 - mmengine - INFO - Exp name: remdet_l-300e_coco_20240724_055016
2024/07/24 06:04:15 - mmengine - INFO - Epoch(train)  [28][ 50/102]  base_lr: 2.0000e-02 lr: 1.8284e-02  eta: 2:03:50  time: 0.2690  data_time: 0.0118  memory: 11656  grad_norm: 71.7576  loss: 235.5945  loss_cls: 73.8370  loss_bbox: 97.4711  loss_dfl: 64.2864
2024/07/24 06:04:27 - mmengine - INFO - Epoch(train)  [28][100/102]  base_lr: 2.0000e-02 lr: 1.8284e-02  eta: 2:03:27  time: 0.2480  data_time: 0.0009  memory: 12042  grad_norm: 72.1445  loss: 225.8400  loss_cls: 70.3330  loss_bbox: 93.0640  loss_dfl: 62.4430
2024/07/24 06:04:28 - mmengine - INFO - Exp name: remdet_l-300e_coco_20240724_055016
2024/07/24 06:04:41 - mmengine - INFO - Epoch(train)  [29][ 50/102]  base_lr: 2.0000e-02 lr: 1.8218e-02  eta: 2:03:10  time: 0.2646  data_time: 0.0130  memory: 12056  grad_norm: 71.5901  loss: 227.8972  loss_cls: 71.1705  loss_bbox: 93.5755  loss_dfl: 63.1512
2024/07/24 06:04:54 - mmengine - INFO - Epoch(train)  [29][100/102]  base_lr: 2.0000e-02 lr: 1.8218e-02  eta: 2:02:51  time: 0.2539  data_time: 0.0010  memory: 12169  grad_norm: 70.6147  loss: 227.2673  loss_cls: 71.0174  loss_bbox: 92.9222  loss_dfl: 63.3277
2024/07/24 06:04:54 - mmengine - INFO - Exp name: remdet_l-300e_coco_20240724_055016
2024/07/24 06:05:06 - mmengine - INFO - Exp name: remdet_l-300e_coco_20240724_055016
2024/07/24 06:05:08 - mmengine - INFO - Epoch(train)  [30][ 50/102]  base_lr: 2.0000e-02 lr: 1.8152e-02  eta: 2:02:42  time: 0.2800  data_time: 0.0126  memory: 12716  grad_norm: 71.2522  loss: 232.9514  loss_cls: 73.3512  loss_bbox: 96.5393  loss_dfl: 63.0609
2024/07/24 06:05:21 - mmengine - INFO - Epoch(train)  [30][100/102]  base_lr: 2.0000e-02 lr: 1.8152e-02  eta: 2:02:27  time: 0.2630  data_time: 0.0009  memory: 12369  grad_norm: 70.8020  loss: 225.9143  loss_cls: 69.9088  loss_bbox: 93.1309  loss_dfl: 62.8746
2024/07/24 06:05:22 - mmengine - INFO - Exp name: remdet_l-300e_coco_20240724_055016
2024/07/24 06:05:22 - mmengine - INFO - Saving checkpoint at 30 epochs
2024/07/24 06:05:27 - mmengine - INFO - Evaluating bbox...
2024/07/24 06:05:52 - mmengine - INFO - bbox_mAP_copypaste: 0.198 0.341 0.199 0.111 0.306 0.359
2024/07/24 06:05:52 - mmengine - INFO - Epoch(val) [30][9/9]    coco/bbox_mAP: 0.1980  coco/bbox_mAP_50: 0.3410  coco/bbox_mAP_75: 0.1990  coco/bbox_mAP_s: 0.1110  coco/bbox_mAP_m: 0.3060  coco/bbox_mAP_l: 0.3590  data_time: 0.0224  time: 0.0964
2024/07/24 06:05:52 - mmengine - INFO - The previous best checkpoint /mnt/exam_log/0723_remdet/remdet_series/visdrone/remdet_l/best_coco_bbox_mAP_epoch_20.pth is removed
2024/07/24 06:05:53 - mmengine - INFO - The best checkpoint with 0.1980 coco/bbox_mAP at 30 epoch is saved to best_coco_bbox_mAP_epoch_30.pth.
2024/07/24 06:06:09 - mmengine - INFO - Epoch(train)  [31][ 50/102]  base_lr: 2.0000e-02 lr: 1.8086e-02  eta: 2:02:13  time: 0.2707  data_time: 0.0136  memory: 11556  grad_norm: 70.5881  loss: 232.5407  loss_cls: 72.4658  loss_bbox: 96.3823  loss_dfl: 63.6926
2024/07/24 06:06:21 - mmengine - INFO - Epoch(train)  [31][100/102]  base_lr: 2.0000e-02 lr: 1.8086e-02  eta: 2:01:55  time: 0.2554  data_time: 0.0009  memory: 11896  grad_norm: 68.9365  loss: 225.3205  loss_cls: 69.6189  loss_bbox: 93.1771  loss_dfl: 62.5245
2024/07/24 06:06:22 - mmengine - INFO - Exp name: remdet_l-300e_coco_20240724_055016
2024/07/24 06:06:35 - mmengine - INFO - Epoch(train)  [32][ 50/102]  base_lr: 2.0000e-02 lr: 1.8020e-02  eta: 2:01:40  time: 0.2683  data_time: 0.0124  memory: 11796  grad_norm: 69.4637  loss: 227.7874  loss_cls: 70.1034  loss_bbox: 94.7498  loss_dfl: 62.9342
2024/07/24 06:06:48 - mmengine - INFO - Epoch(train)  [32][100/102]  base_lr: 2.0000e-02 lr: 1.8020e-02  eta: 2:01:19  time: 0.2476  data_time: 0.0009  memory: 11662  grad_norm: 67.5007  loss: 225.2966  loss_cls: 69.6647  loss_bbox: 92.3371  loss_dfl: 63.2947
2024/07/24 06:06:48 - mmengine - INFO - Exp name: remdet_l-300e_coco_20240724_055016
2024/07/24 06:07:01 - mmengine - INFO - Epoch(train)  [33][ 50/102]  base_lr: 2.0000e-02 lr: 1.7954e-02  eta: 2:01:05  time: 0.2692  data_time: 0.0125  memory: 11636  grad_norm: 70.4471  loss: 225.5380  loss_cls: 70.4132  loss_bbox: 92.8634  loss_dfl: 62.2614
2024/07/24 06:07:14 - mmengine - INFO - Epoch(train)  [33][100/102]  base_lr: 2.0000e-02 lr: 1.7954e-02  eta: 2:00:44  time: 0.2480  data_time: 0.0009  memory: 11836  grad_norm: 68.1596  loss: 229.4217  loss_cls: 70.6396  loss_bbox: 95.7263  loss_dfl: 63.0557
2024/07/24 06:07:14 - mmengine - INFO - Exp name: remdet_l-300e_coco_20240724_055016
2024/07/24 06:07:28 - mmengine - INFO - Epoch(train)  [34][ 50/102]  base_lr: 2.0000e-02 lr: 1.7888e-02  eta: 2:00:30  time: 0.2687  data_time: 0.0101  memory: 11556  grad_norm: 67.1636  loss: 224.7158  loss_cls: 69.6873  loss_bbox: 92.9366  loss_dfl: 62.0919
2024/07/24 06:07:40 - mmengine - INFO - Epoch(train)  [34][100/102]  base_lr: 2.0000e-02 lr: 1.7888e-02  eta: 2:00:09  time: 0.2464  data_time: 0.0009  memory: 12669  grad_norm: 68.9350  loss: 224.7945  loss_cls: 69.6523  loss_bbox: 93.5246  loss_dfl: 61.6176
2024/07/24 06:07:40 - mmengine - INFO - Exp name: remdet_l-300e_coco_20240724_055016
2024/07/24 06:07:54 - mmengine - INFO - Epoch(train)  [35][ 50/102]  base_lr: 2.0000e-02 lr: 1.7822e-02  eta: 1:59:58  time: 0.2749  data_time: 0.0107  memory: 13036  grad_norm: 67.9873  loss: 226.8948  loss_cls: 70.2210  loss_bbox: 94.6066  loss_dfl: 62.0672
2024/07/24 06:08:07 - mmengine - INFO - Epoch(train)  [35][100/102]  base_lr: 2.0000e-02 lr: 1.7822e-02  eta: 1:59:38  time: 0.2487  data_time: 0.0009  memory: 11456  grad_norm: 67.5191  loss: 226.2458  loss_cls: 69.4547  loss_bbox: 94.8885  loss_dfl: 61.9026
2024/07/24 06:08:07 - mmengine - INFO - Exp name: remdet_l-300e_coco_20240724_055016
2024/07/24 06:08:20 - mmengine - INFO - Epoch(train)  [36][ 50/102]  base_lr: 2.0000e-02 lr: 1.7756e-02  eta: 1:59:24  time: 0.2674  data_time: 0.0134  memory: 11609  grad_norm: 69.0264  loss: 223.0461  loss_cls: 67.8580  loss_bbox: 92.7631  loss_dfl: 62.4249
2024/07/24 06:08:33 - mmengine - INFO - Epoch(train)  [36][100/102]  base_lr: 2.0000e-02 lr: 1.7756e-02  eta: 1:59:04  time: 0.2493  data_time: 0.0010  memory: 11522  grad_norm: 68.1142  loss: 224.2476  loss_cls: 69.0105  loss_bbox: 92.5134  loss_dfl: 62.7238
2024/07/24 06:08:33 - mmengine - INFO - Exp name: remdet_l-300e_coco_20240724_055016
2024/07/24 06:08:47 - mmengine - INFO - Epoch(train)  [37][ 50/102]  base_lr: 2.0000e-02 lr: 1.7690e-02  eta: 1:58:53  time: 0.2747  data_time: 0.0214  memory: 11869  grad_norm: 68.0195  loss: 224.3892  loss_cls: 69.3608  loss_bbox: 91.6708  loss_dfl: 63.3576
2024/07/24 06:09:00 - mmengine - INFO - Epoch(train)  [37][100/102]  base_lr: 2.0000e-02 lr: 1.7690e-02  eta: 1:58:35  time: 0.2524  data_time: 0.0009  memory: 11642  grad_norm: 66.0636  loss: 221.8696  loss_cls: 68.0011  loss_bbox: 92.9037  loss_dfl: 60.9649
2024/07/24 06:09:00 - mmengine - INFO - Exp name: remdet_l-300e_coco_20240724_055016
2024/07/24 06:09:13 - mmengine - INFO - Epoch(train)  [38][ 50/102]  base_lr: 2.0000e-02 lr: 1.7624e-02  eta: 1:58:22  time: 0.2710  data_time: 0.0113  memory: 12389  grad_norm: 65.9414  loss: 220.3973  loss_cls: 67.6152  loss_bbox: 90.8003  loss_dfl: 61.9818
2024/07/24 06:09:26 - mmengine - INFO - Epoch(train)  [38][100/102]  base_lr: 2.0000e-02 lr: 1.7624e-02  eta: 1:58:03  time: 0.2491  data_time: 0.0009  memory: 12882  grad_norm: 66.3857  loss: 221.5440  loss_cls: 67.5904  loss_bbox: 92.2559  loss_dfl: 61.6977
2024/07/24 06:09:26 - mmengine - INFO - Exp name: remdet_l-300e_coco_20240724_055016
2024/07/24 06:09:40 - mmengine - INFO - Epoch(train)  [39][ 50/102]  base_lr: 2.0000e-02 lr: 1.7558e-02  eta: 1:57:50  time: 0.2711  data_time: 0.0213  memory: 11856  grad_norm: 65.8480  loss: 218.5447  loss_cls: 66.3498  loss_bbox: 90.5823  loss_dfl: 61.6127
2024/07/24 06:09:52 - mmengine - INFO - Epoch(train)  [39][100/102]  base_lr: 2.0000e-02 lr: 1.7558e-02  eta: 1:57:32  time: 0.2498  data_time: 0.0010  memory: 12422  grad_norm: 67.7140  loss: 222.9116  loss_cls: 68.0618  loss_bbox: 92.7111  loss_dfl: 62.1387
2024/07/24 06:09:53 - mmengine - INFO - Exp name: remdet_l-300e_coco_20240724_055016
2024/07/24 06:09:59 - mmengine - INFO - Exp name: remdet_l-300e_coco_20240724_055016
2024/07/24 06:10:06 - mmengine - INFO - Epoch(train)  [40][ 50/102]  base_lr: 2.0000e-02 lr: 1.7492e-02  eta: 1:57:18  time: 0.2668  data_time: 0.0128  memory: 11376  grad_norm: 66.8674  loss: 219.2552  loss_cls: 66.3053  loss_bbox: 90.7693  loss_dfl: 62.1805
2024/07/24 06:10:18 - mmengine - INFO - Epoch(train)  [40][100/102]  base_lr: 2.0000e-02 lr: 1.7492e-02  eta: 1:56:59  time: 0.2480  data_time: 0.0009  memory: 11589  grad_norm: 68.4553  loss: 219.9603  loss_cls: 66.5168  loss_bbox: 91.3987  loss_dfl: 62.0448
2024/07/24 06:10:19 - mmengine - INFO - Exp name: remdet_l-300e_coco_20240724_055016
2024/07/24 06:10:19 - mmengine - INFO - Saving checkpoint at 40 epochs
2024/07/24 06:10:23 - mmengine - INFO - Evaluating bbox...
2024/07/24 06:10:48 - mmengine - INFO - bbox_mAP_copypaste: 0.215 0.368 0.216 0.122 0.328 0.417
2024/07/24 06:10:48 - mmengine - INFO - Epoch(val) [40][9/9]    coco/bbox_mAP: 0.2150  coco/bbox_mAP_50: 0.3680  coco/bbox_mAP_75: 0.2160  coco/bbox_mAP_s: 0.1220  coco/bbox_mAP_m: 0.3280  coco/bbox_mAP_l: 0.4170  data_time: 0.0203  time: 0.0946
2024/07/24 06:10:48 - mmengine - INFO - The previous best checkpoint /mnt/exam_log/0723_remdet/remdet_series/visdrone/remdet_l/best_coco_bbox_mAP_epoch_30.pth is removed
2024/07/24 06:10:49 - mmengine - INFO - The best checkpoint with 0.2150 coco/bbox_mAP at 40 epoch is saved to best_coco_bbox_mAP_epoch_40.pth.
2024/07/24 06:11:05 - mmengine - INFO - Epoch(train)  [41][ 50/102]  base_lr: 2.0000e-02 lr: 1.7426e-02  eta: 1:56:47  time: 0.2714  data_time: 0.0147  memory: 12089  grad_norm: 65.8676  loss: 222.9739  loss_cls: 68.4233  loss_bbox: 92.4921  loss_dfl: 62.0585
2024/07/24 06:11:17 - mmengine - INFO - Epoch(train)  [41][100/102]  base_lr: 2.0000e-02 lr: 1.7426e-02  eta: 1:56:30  time: 0.2538  data_time: 0.0009  memory: 13102  grad_norm: 65.8590  loss: 222.2778  loss_cls: 68.4629  loss_bbox: 91.5363  loss_dfl: 62.2786
2024/07/24 06:11:18 - mmengine - INFO - Exp name: remdet_l-300e_coco_20240724_055016
2024/07/24 06:11:31 - mmengine - INFO - Epoch(train)  [42][ 50/102]  base_lr: 2.0000e-02 lr: 1.7360e-02  eta: 1:56:16  time: 0.2666  data_time: 0.0101  memory: 11809  grad_norm: 66.5492  loss: 219.1095  loss_cls: 66.6733  loss_bbox: 90.7862  loss_dfl: 61.6500
2024/07/24 06:11:44 - mmengine - INFO - Epoch(train)  [42][100/102]  base_lr: 2.0000e-02 lr: 1.7360e-02  eta: 1:55:58  time: 0.2476  data_time: 0.0009  memory: 12036  grad_norm: 66.3722  loss: 223.7880  loss_cls: 68.7994  loss_bbox: 92.8216  loss_dfl: 62.1670
2024/07/24 06:11:44 - mmengine - INFO - Exp name: remdet_l-300e_coco_20240724_055016
2024/07/24 06:11:57 - mmengine - INFO - Epoch(train)  [43][ 50/102]  base_lr: 2.0000e-02 lr: 1.7294e-02  eta: 1:55:45  time: 0.2698  data_time: 0.0152  memory: 12456  grad_norm: 65.6467  loss: 217.0085  loss_cls: 65.3944  loss_bbox: 90.2951  loss_dfl: 61.3190
2024/07/24 06:12:10 - mmengine - INFO - Epoch(train)  [43][100/102]  base_lr: 2.0000e-02 lr: 1.7294e-02  eta: 1:55:27  time: 0.2493  data_time: 0.0009  memory: 11789  grad_norm: 66.7897  loss: 218.1608  loss_cls: 66.6116  loss_bbox: 90.2758  loss_dfl: 61.2734
2024/07/24 06:12:10 - mmengine - INFO - Exp name: remdet_l-300e_coco_20240724_055016
2024/07/24 06:12:24 - mmengine - INFO - Epoch(train)  [44][ 50/102]  base_lr: 2.0000e-02 lr: 1.7228e-02  eta: 1:55:14  time: 0.2709  data_time: 0.0118  memory: 11649  grad_norm: 65.6029  loss: 218.0934  loss_cls: 66.0427  loss_bbox: 91.0254  loss_dfl: 61.0252
2024/07/24 06:12:37 - mmengine - INFO - Epoch(train)  [44][100/102]  base_lr: 2.0000e-02 lr: 1.7228e-02  eta: 1:55:03  time: 0.2712  data_time: 0.0009  memory: 11470  grad_norm: 64.8905  loss: 216.0446  loss_cls: 64.7367  loss_bbox: 89.3322  loss_dfl: 61.9758
2024/07/24 06:12:38 - mmengine - INFO - Exp name: remdet_l-300e_coco_20240724_055016
2024/07/24 06:12:51 - mmengine - INFO - Epoch(train)  [45][ 50/102]  base_lr: 2.0000e-02 lr: 1.7162e-02  eta: 1:54:51  time: 0.2742  data_time: 0.0148  memory: 11709  grad_norm: 67.2813  loss: 217.2684  loss_cls: 65.4402  loss_bbox: 90.7372  loss_dfl: 61.0910
2024/07/24 06:13:04 - mmengine - INFO - Epoch(train)  [45][100/102]  base_lr: 2.0000e-02 lr: 1.7162e-02  eta: 1:54:36  time: 0.2578  data_time: 0.0009  memory: 11462  grad_norm: 65.1275  loss: 217.8129  loss_cls: 65.6859  loss_bbox: 90.4596  loss_dfl: 61.6674
2024/07/24 06:13:05 - mmengine - INFO - Exp name: remdet_l-300e_coco_20240724_055016
2024/07/24 06:13:18 - mmengine - INFO - Epoch(train)  [46][ 50/102]  base_lr: 2.0000e-02 lr: 1.7096e-02  eta: 1:54:24  time: 0.2725  data_time: 0.0148  memory: 12316  grad_norm: 64.9681  loss: 216.2540  loss_cls: 64.7431  loss_bbox: 90.0472  loss_dfl: 61.4637
2024/07/24 06:13:31 - mmengine - INFO - Epoch(train)  [46][100/102]  base_lr: 2.0000e-02 lr: 1.7096e-02  eta: 1:54:06  time: 0.2481  data_time: 0.0009  memory: 11709  grad_norm: 65.3752  loss: 220.1398  loss_cls: 67.0633  loss_bbox: 91.3821  loss_dfl: 61.6944
2024/07/24 06:13:31 - mmengine - INFO - Exp name: remdet_l-300e_coco_20240724_055016
2024/07/24 06:13:44 - mmengine - INFO - Epoch(train)  [47][ 50/102]  base_lr: 2.0000e-02 lr: 1.7030e-02  eta: 1:53:52  time: 0.2679  data_time: 0.0126  memory: 12502  grad_norm: 66.3489  loss: 216.5398  loss_cls: 65.4451  loss_bbox: 89.7441  loss_dfl: 61.3506
2024/07/24 06:13:57 - mmengine - INFO - Epoch(train)  [47][100/102]  base_lr: 2.0000e-02 lr: 1.7030e-02  eta: 1:53:35  time: 0.2496  data_time: 0.0009  memory: 12436  grad_norm: 64.6110  loss: 215.6026  loss_cls: 64.3467  loss_bbox: 89.3854  loss_dfl: 61.8705
2024/07/24 06:13:57 - mmengine - INFO - Exp name: remdet_l-300e_coco_20240724_055016
2024/07/24 06:14:11 - mmengine - INFO - Epoch(train)  [48][ 50/102]  base_lr: 2.0000e-02 lr: 1.6964e-02  eta: 1:53:22  time: 0.2684  data_time: 0.0131  memory: 11576  grad_norm: 67.0106  loss: 213.7291  loss_cls: 63.9303  loss_bbox: 88.7336  loss_dfl: 61.0652
2024/07/24 06:14:23 - mmengine - INFO - Epoch(train)  [48][100/102]  base_lr: 2.0000e-02 lr: 1.6964e-02  eta: 1:53:05  time: 0.2514  data_time: 0.0010  memory: 14209  grad_norm: 63.8481  loss: 216.5397  loss_cls: 65.5671  loss_bbox: 88.8909  loss_dfl: 62.0817
2024/07/24 06:14:24 - mmengine - INFO - Exp name: remdet_l-300e_coco_20240724_055016
2024/07/24 06:14:37 - mmengine - INFO - Epoch(train)  [49][ 50/102]  base_lr: 2.0000e-02 lr: 1.6898e-02  eta: 1:52:51  time: 0.2665  data_time: 0.0113  memory: 11542  grad_norm: 65.2369  loss: 218.4396  loss_cls: 67.2287  loss_bbox: 90.0361  loss_dfl: 61.1748
2024/07/24 06:14:50 - mmengine - INFO - Epoch(train)  [49][100/102]  base_lr: 2.0000e-02 lr: 1.6898e-02  eta: 1:52:34  time: 0.2490  data_time: 0.0009  memory: 12482  grad_norm: 64.5106  loss: 214.7623  loss_cls: 64.7521  loss_bbox: 88.9211  loss_dfl: 61.0892
2024/07/24 06:14:50 - mmengine - INFO - Exp name: remdet_l-300e_coco_20240724_055016
2024/07/24 06:14:51 - mmengine - INFO - Exp name: remdet_l-300e_coco_20240724_055016
2024/07/24 06:15:03 - mmengine - INFO - Epoch(train)  [50][ 50/102]  base_lr: 2.0000e-02 lr: 1.6832e-02  eta: 1:52:20  time: 0.2670  data_time: 0.0113  memory: 11542  grad_norm: 67.1394  loss: 212.2937  loss_cls: 63.1006  loss_bbox: 87.6106  loss_dfl: 61.5825
2024/07/24 06:15:16 - mmengine - INFO - Epoch(train)  [50][100/102]  base_lr: 2.0000e-02 lr: 1.6832e-02  eta: 1:52:03  time: 0.2473  data_time: 0.0009  memory: 11802  grad_norm: 64.2704  loss: 212.9610  loss_cls: 63.4851  loss_bbox: 88.1129  loss_dfl: 61.3631
2024/07/24 06:15:16 - mmengine - INFO - Exp name: remdet_l-300e_coco_20240724_055016
2024/07/24 06:15:16 - mmengine - INFO - Saving checkpoint at 50 epochs
2024/07/24 06:15:21 - mmengine - INFO - Evaluating bbox...
2024/07/24 06:15:45 - mmengine - INFO - bbox_mAP_copypaste: 0.227 0.386 0.228 0.129 0.349 0.447
2024/07/24 06:15:45 - mmengine - INFO - Epoch(val) [50][9/9]    coco/bbox_mAP: 0.2270  coco/bbox_mAP_50: 0.3860  coco/bbox_mAP_75: 0.2280  coco/bbox_mAP_s: 0.1290  coco/bbox_mAP_m: 0.3490  coco/bbox_mAP_l: 0.4470  data_time: 0.0230  time: 0.0956
2024/07/24 06:15:45 - mmengine - INFO - The previous best checkpoint /mnt/exam_log/0723_remdet/remdet_series/visdrone/remdet_l/best_coco_bbox_mAP_epoch_40.pth is removed
2024/07/24 06:15:47 - mmengine - INFO - The best checkpoint with 0.2270 coco/bbox_mAP at 50 epoch is saved to best_coco_bbox_mAP_epoch_50.pth.
2024/07/24 06:16:02 - mmengine - INFO - Epoch(train)  [51][ 50/102]  base_lr: 2.0000e-02 lr: 1.6766e-02  eta: 1:51:49  time: 0.2650  data_time: 0.0114  memory: 11882  grad_norm: 64.5261  loss: 216.5450  loss_cls: 64.3651  loss_bbox: 90.9157  loss_dfl: 61.2643
2024/07/24 06:16:14 - mmengine - INFO - Epoch(train)  [51][100/102]  base_lr: 2.0000e-02 lr: 1.6766e-02  eta: 1:51:32  time: 0.2468  data_time: 0.0009  memory: 11522  grad_norm: 64.1137  loss: 210.8010  loss_cls: 62.5364  loss_bbox: 88.0342  loss_dfl: 60.2304
2024/07/24 06:16:14 - mmengine - INFO - Exp name: remdet_l-300e_coco_20240724_055016
2024/07/24 06:16:28 - mmengine - INFO - Epoch(train)  [52][ 50/102]  base_lr: 2.0000e-02 lr: 1.6700e-02  eta: 1:51:20  time: 0.2742  data_time: 0.0130  memory: 11816  grad_norm: 65.8419  loss: 215.4115  loss_cls: 65.8363  loss_bbox: 88.3673  loss_dfl: 61.2080
2024/07/24 06:16:41 - mmengine - INFO - Epoch(train)  [52][100/102]  base_lr: 2.0000e-02 lr: 1.6700e-02  eta: 1:51:03  time: 0.2493  data_time: 0.0010  memory: 12789  grad_norm: 65.3289  loss: 216.2701  loss_cls: 64.8021  loss_bbox: 90.0894  loss_dfl: 61.3786
2024/07/24 06:16:41 - mmengine - INFO - Exp name: remdet_l-300e_coco_20240724_055016
2024/07/24 06:16:54 - mmengine - INFO - Epoch(train)  [53][ 50/102]  base_lr: 2.0000e-02 lr: 1.6634e-02  eta: 1:50:50  time: 0.2698  data_time: 0.0118  memory: 11276  grad_norm: 64.6405  loss: 212.9552  loss_cls: 62.7265  loss_bbox: 88.9583  loss_dfl: 61.2704
2024/07/24 06:17:07 - mmengine - INFO - Epoch(train)  [53][100/102]  base_lr: 2.0000e-02 lr: 1.6634e-02  eta: 1:50:34  time: 0.2519  data_time: 0.0009  memory: 11876  grad_norm: 63.6040  loss: 210.5719  loss_cls: 62.7833  loss_bbox: 87.2503  loss_dfl: 60.5383
2024/07/24 06:17:07 - mmengine - INFO - Exp name: remdet_l-300e_coco_20240724_055016
2024/07/24 06:17:21 - mmengine - INFO - Epoch(train)  [54][ 50/102]  base_lr: 2.0000e-02 lr: 1.6568e-02  eta: 1:50:22  time: 0.2725  data_time: 0.0103  memory: 11989  grad_norm: 64.8467  loss: 213.9323  loss_cls: 64.0211  loss_bbox: 89.0090  loss_dfl: 60.9022
2024/07/24 06:17:33 - mmengine - INFO - Epoch(train)  [54][100/102]  base_lr: 2.0000e-02 lr: 1.6568e-02  eta: 1:50:05  time: 0.2481  data_time: 0.0010  memory: 11762  grad_norm: 63.4096  loss: 211.0735  loss_cls: 62.6762  loss_bbox: 87.6288  loss_dfl: 60.7685
2024/07/24 06:17:34 - mmengine - INFO - Exp name: remdet_l-300e_coco_20240724_055016
2024/07/24 06:17:47 - mmengine - INFO - Epoch(train)  [55][ 50/102]  base_lr: 2.0000e-02 lr: 1.6502e-02  eta: 1:49:53  time: 0.2696  data_time: 0.0140  memory: 11956  grad_norm: 65.1369  loss: 211.6097  loss_cls: 63.6334  loss_bbox: 86.8694  loss_dfl: 61.1069
2024/07/24 06:18:00 - mmengine - INFO - Epoch(train)  [55][100/102]  base_lr: 2.0000e-02 lr: 1.6502e-02  eta: 1:49:36  time: 0.2471  data_time: 0.0010  memory: 11322  grad_norm: 64.6896  loss: 213.1957  loss_cls: 63.8679  loss_bbox: 88.1123  loss_dfl: 61.2156
2024/07/24 06:18:00 - mmengine - INFO - Exp name: remdet_l-300e_coco_20240724_055016
2024/07/24 06:18:13 - mmengine - INFO - Epoch(train)  [56][ 50/102]  base_lr: 2.0000e-02 lr: 1.6436e-02  eta: 1:49:22  time: 0.2678  data_time: 0.0121  memory: 12149  grad_norm: 65.0260  loss: 212.0120  loss_cls: 63.7582  loss_bbox: 87.0179  loss_dfl: 61.2359
2024/07/24 06:18:26 - mmengine - INFO - Epoch(train)  [56][100/102]  base_lr: 2.0000e-02 lr: 1.6436e-02  eta: 1:49:06  time: 0.2478  data_time: 0.0009  memory: 11669  grad_norm: 65.5125  loss: 208.3458  loss_cls: 61.3314  loss_bbox: 86.5510  loss_dfl: 60.4633
2024/07/24 06:18:26 - mmengine - INFO - Exp name: remdet_l-300e_coco_20240724_055016
2024/07/24 06:18:40 - mmengine - INFO - Epoch(train)  [57][ 50/102]  base_lr: 2.0000e-02 lr: 1.6370e-02  eta: 1:48:53  time: 0.2693  data_time: 0.0171  memory: 11482  grad_norm: 64.1567  loss: 209.7345  loss_cls: 61.7187  loss_bbox: 86.5713  loss_dfl: 61.4446
2024/07/24 06:18:52 - mmengine - INFO - Epoch(train)  [57][100/102]  base_lr: 2.0000e-02 lr: 1.6370e-02  eta: 1:48:37  time: 0.2480  data_time: 0.0009  memory: 11629  grad_norm: 65.1038  loss: 213.2846  loss_cls: 62.9055  loss_bbox: 89.7184  loss_dfl: 60.6607
2024/07/24 06:18:52 - mmengine - INFO - Exp name: remdet_l-300e_coco_20240724_055016
2024/07/24 06:19:06 - mmengine - INFO - Epoch(train)  [58][ 50/102]  base_lr: 2.0000e-02 lr: 1.6304e-02  eta: 1:48:25  time: 0.2738  data_time: 0.0115  memory: 11282  grad_norm: 63.2469  loss: 210.4101  loss_cls: 62.3669  loss_bbox: 87.6585  loss_dfl: 60.3847
2024/07/24 06:19:20 - mmengine - INFO - Epoch(train)  [58][100/102]  base_lr: 2.0000e-02 lr: 1.6304e-02  eta: 1:48:12  time: 0.2677  data_time: 0.0009  memory: 11796  grad_norm: 64.2264  loss: 210.9186  loss_cls: 62.8644  loss_bbox: 87.7311  loss_dfl: 60.3231
2024/07/24 06:19:20 - mmengine - INFO - Exp name: remdet_l-300e_coco_20240724_055016
2024/07/24 06:19:34 - mmengine - INFO - Epoch(train)  [59][ 50/102]  base_lr: 2.0000e-02 lr: 1.6238e-02  eta: 1:48:02  time: 0.2803  data_time: 0.0127  memory: 13389  grad_norm: 64.7152  loss: 212.2804  loss_cls: 63.2614  loss_bbox: 87.9492  loss_dfl: 61.0698
2024/07/24 06:19:43 - mmengine - INFO - Exp name: remdet_l-300e_coco_20240724_055016
2024/07/24 06:19:47 - mmengine - INFO - Epoch(train)  [59][100/102]  base_lr: 2.0000e-02 lr: 1.6238e-02  eta: 1:47:47  time: 0.2557  data_time: 0.0009  memory: 11556  grad_norm: 64.2758  loss: 210.4949  loss_cls: 62.3781  loss_bbox: 87.7617  loss_dfl: 60.3551
2024/07/24 06:19:47 - mmengine - INFO - Exp name: remdet_l-300e_coco_20240724_055016
2024/07/24 06:20:01 - mmengine - INFO - Epoch(train)  [60][ 50/102]  base_lr: 2.0000e-02 lr: 1.6172e-02  eta: 1:47:35  time: 0.2719  data_time: 0.0109  memory: 12496  grad_norm: 65.2169  loss: 206.6798  loss_cls: 60.7403  loss_bbox: 85.4796  loss_dfl: 60.4598
2024/07/24 06:20:13 - mmengine - INFO - Epoch(train)  [60][100/102]  base_lr: 2.0000e-02 lr: 1.6172e-02  eta: 1:47:18  time: 0.2482  data_time: 0.0010  memory: 11582  grad_norm: 64.3006  loss: 211.4545  loss_cls: 63.2107  loss_bbox: 86.8594  loss_dfl: 61.3844
2024/07/24 06:20:13 - mmengine - INFO - Exp name: remdet_l-300e_coco_20240724_055016
2024/07/24 06:20:13 - mmengine - INFO - Saving checkpoint at 60 epochs
2024/07/24 06:20:18 - mmengine - INFO - Evaluating bbox...
2024/07/24 06:20:42 - mmengine - INFO - bbox_mAP_copypaste: 0.239 0.400 0.241 0.137 0.366 0.472
2024/07/24 06:20:43 - mmengine - INFO - Epoch(val) [60][9/9]    coco/bbox_mAP: 0.2390  coco/bbox_mAP_50: 0.4000  coco/bbox_mAP_75: 0.2410  coco/bbox_mAP_s: 0.1370  coco/bbox_mAP_m: 0.3660  coco/bbox_mAP_l: 0.4720  data_time: 0.0191  time: 0.0918
2024/07/24 06:20:43 - mmengine - INFO - The previous best checkpoint /mnt/exam_log/0723_remdet/remdet_series/visdrone/remdet_l/best_coco_bbox_mAP_epoch_50.pth is removed
2024/07/24 06:20:44 - mmengine - INFO - The best checkpoint with 0.2390 coco/bbox_mAP at 60 epoch is saved to best_coco_bbox_mAP_epoch_60.pth.
2024/07/24 06:20:59 - mmengine - INFO - Epoch(train)  [61][ 50/102]  base_lr: 2.0000e-02 lr: 1.6106e-02  eta: 1:47:06  time: 0.2729  data_time: 0.0120  memory: 12109  grad_norm: 66.3141  loss: 209.7102  loss_cls: 62.0698  loss_bbox: 87.1717  loss_dfl: 60.4688
2024/07/24 06:21:12 - mmengine - INFO - Epoch(train)  [61][100/102]  base_lr: 2.0000e-02 lr: 1.6106e-02  eta: 1:46:50  time: 0.2492  data_time: 0.0010  memory: 11776  grad_norm: 63.2981  loss: 209.4778  loss_cls: 61.1963  loss_bbox: 87.9313  loss_dfl: 60.3502
2024/07/24 06:21:12 - mmengine - INFO - Exp name: remdet_l-300e_coco_20240724_055016
2024/07/24 06:21:26 - mmengine - INFO - Epoch(train)  [62][ 50/102]  base_lr: 2.0000e-02 lr: 1.6040e-02  eta: 1:46:38  time: 0.2738  data_time: 0.0117  memory: 11462  grad_norm: 64.1670  loss: 208.0055  loss_cls: 61.3322  loss_bbox: 86.3866  loss_dfl: 60.2868
2024/07/24 06:21:38 - mmengine - INFO - Epoch(train)  [62][100/102]  base_lr: 2.0000e-02 lr: 1.6040e-02  eta: 1:46:22  time: 0.2495  data_time: 0.0010  memory: 12176  grad_norm: 64.1257  loss: 209.8188  loss_cls: 61.8599  loss_bbox: 87.0908  loss_dfl: 60.8681
2024/07/24 06:21:39 - mmengine - INFO - Exp name: remdet_l-300e_coco_20240724_055016
2024/07/24 06:21:52 - mmengine - INFO - Epoch(train)  [63][ 50/102]  base_lr: 2.0000e-02 lr: 1.5974e-02  eta: 1:46:09  time: 0.2664  data_time: 0.0105  memory: 11902  grad_norm: 64.2892  loss: 205.8040  loss_cls: 60.0544  loss_bbox: 85.9269  loss_dfl: 59.8228
2024/07/24 06:22:04 - mmengine - INFO - Epoch(train)  [63][100/102]  base_lr: 2.0000e-02 lr: 1.5974e-02  eta: 1:45:52  time: 0.2469  data_time: 0.0010  memory: 11629  grad_norm: 64.1533  loss: 207.4023  loss_cls: 60.8297  loss_bbox: 86.6371  loss_dfl: 59.9356
2024/07/24 06:22:05 - mmengine - INFO - Exp name: remdet_l-300e_coco_20240724_055016
2024/07/24 06:22:18 - mmengine - INFO - Epoch(train)  [64][ 50/102]  base_lr: 2.0000e-02 lr: 1.5908e-02  eta: 1:45:39  time: 0.2646  data_time: 0.0109  memory: 11369  grad_norm: 64.1909  loss: 210.8846  loss_cls: 62.5857  loss_bbox: 87.7129  loss_dfl: 60.5861
2024/07/24 06:22:30 - mmengine - INFO - Epoch(train)  [64][100/102]  base_lr: 2.0000e-02 lr: 1.5908e-02  eta: 1:45:24  time: 0.2522  data_time: 0.0010  memory: 11929  grad_norm: 65.2151  loss: 211.2233  loss_cls: 62.4425  loss_bbox: 88.5237  loss_dfl: 60.2572
2024/07/24 06:22:31 - mmengine - INFO - Exp name: remdet_l-300e_coco_20240724_055016
2024/07/24 06:22:44 - mmengine - INFO - Epoch(train)  [65][ 50/102]  base_lr: 2.0000e-02 lr: 1.5842e-02  eta: 1:45:10  time: 0.2677  data_time: 0.0139  memory: 12596  grad_norm: 65.4021  loss: 207.1310  loss_cls: 60.9952  loss_bbox: 85.9802  loss_dfl: 60.1555
2024/07/24 06:22:57 - mmengine - INFO - Epoch(train)  [65][100/102]  base_lr: 2.0000e-02 lr: 1.5842e-02  eta: 1:44:54  time: 0.2456  data_time: 0.0010  memory: 11856  grad_norm: 62.4603  loss: 207.1225  loss_cls: 60.5631  loss_bbox: 86.0634  loss_dfl: 60.4960
2024/07/24 06:22:57 - mmengine - INFO - Exp name: remdet_l-300e_coco_20240724_055016
2024/07/24 06:23:10 - mmengine - INFO - Epoch(train)  [66][ 50/102]  base_lr: 2.0000e-02 lr: 1.5776e-02  eta: 1:44:40  time: 0.2651  data_time: 0.0105  memory: 12016  grad_norm: 63.8877  loss: 206.6869  loss_cls: 61.2919  loss_bbox: 84.9654  loss_dfl: 60.4296
2024/07/24 06:23:23 - mmengine - INFO - Epoch(train)  [66][100/102]  base_lr: 2.0000e-02 lr: 1.5776e-02  eta: 1:44:24  time: 0.2470  data_time: 0.0010  memory: 11909  grad_norm: 64.6038  loss: 204.8519  loss_cls: 59.9133  loss_bbox: 84.7053  loss_dfl: 60.2333
2024/07/24 06:23:23 - mmengine - INFO - Exp name: remdet_l-300e_coco_20240724_055016
2024/07/24 06:23:36 - mmengine - INFO - Epoch(train)  [67][ 50/102]  base_lr: 2.0000e-02 lr: 1.5710e-02  eta: 1:44:11  time: 0.2681  data_time: 0.0124  memory: 11489  grad_norm: 64.4922  loss: 210.1962  loss_cls: 62.5887  loss_bbox: 86.5824  loss_dfl: 61.0251
2024/07/24 06:23:49 - mmengine - INFO - Epoch(train)  [67][100/102]  base_lr: 2.0000e-02 lr: 1.5710e-02  eta: 1:43:55  time: 0.2465  data_time: 0.0010  memory: 11942  grad_norm: 65.5273  loss: 205.9389  loss_cls: 61.2007  loss_bbox: 84.4925  loss_dfl: 60.2456
2024/07/24 06:23:49 - mmengine - INFO - Exp name: remdet_l-300e_coco_20240724_055016
2024/07/24 06:24:03 - mmengine - INFO - Epoch(train)  [68][ 50/102]  base_lr: 2.0000e-02 lr: 1.5644e-02  eta: 1:43:43  time: 0.2751  data_time: 0.0169  memory: 11876  grad_norm: 64.8860  loss: 206.8935  loss_cls: 61.4456  loss_bbox: 85.4697  loss_dfl: 59.9781
2024/07/24 06:24:15 - mmengine - INFO - Epoch(train)  [68][100/102]  base_lr: 2.0000e-02 lr: 1.5644e-02  eta: 1:43:28  time: 0.2499  data_time: 0.0009  memory: 11509  grad_norm: 63.4470  loss: 205.8804  loss_cls: 60.9682  loss_bbox: 84.4512  loss_dfl: 60.4610
2024/07/24 06:24:16 - mmengine - INFO - Exp name: remdet_l-300e_coco_20240724_055016
2024/07/24 06:24:29 - mmengine - INFO - Epoch(train)  [69][ 50/102]  base_lr: 2.0000e-02 lr: 1.5578e-02  eta: 1:43:15  time: 0.2665  data_time: 0.0146  memory: 11916  grad_norm: 65.2744  loss: 210.0615  loss_cls: 62.0305  loss_bbox: 87.6830  loss_dfl: 60.3481
2024/07/24 06:24:32 - mmengine - INFO - Exp name: remdet_l-300e_coco_20240724_055016
2024/07/24 06:24:41 - mmengine - INFO - Epoch(train)  [69][100/102]  base_lr: 2.0000e-02 lr: 1.5578e-02  eta: 1:42:59  time: 0.2476  data_time: 0.0009  memory: 12189  grad_norm: 65.8901  loss: 213.6888  loss_cls: 63.6566  loss_bbox: 89.0415  loss_dfl: 60.9907
2024/07/24 06:24:42 - mmengine - INFO - Exp name: remdet_l-300e_coco_20240724_055016
2024/07/24 06:24:55 - mmengine - INFO - Epoch(train)  [70][ 50/102]  base_lr: 2.0000e-02 lr: 1.5512e-02  eta: 1:42:46  time: 0.2683  data_time: 0.0102  memory: 11942  grad_norm: 64.6558  loss: 207.9099  loss_cls: 61.3047  loss_bbox: 86.3765  loss_dfl: 60.2287
2024/07/24 06:25:08 - mmengine - INFO - Epoch(train)  [70][100/102]  base_lr: 2.0000e-02 lr: 1.5512e-02  eta: 1:42:30  time: 0.2474  data_time: 0.0010  memory: 11796  grad_norm: 64.4965  loss: 214.0481  loss_cls: 63.8566  loss_bbox: 89.1706  loss_dfl: 61.0209
2024/07/24 06:25:08 - mmengine - INFO - Exp name: remdet_l-300e_coco_20240724_055016
2024/07/24 06:25:08 - mmengine - INFO - Saving checkpoint at 70 epochs
2024/07/24 06:25:12 - mmengine - INFO - Evaluating bbox...
2024/07/24 06:25:37 - mmengine - INFO - bbox_mAP_copypaste: 0.248 0.414 0.254 0.144 0.378 0.475
2024/07/24 06:25:37 - mmengine - INFO - Epoch(val) [70][9/9]    coco/bbox_mAP: 0.2480  coco/bbox_mAP_50: 0.4140  coco/bbox_mAP_75: 0.2540  coco/bbox_mAP_s: 0.1440  coco/bbox_mAP_m: 0.3780  coco/bbox_mAP_l: 0.4750  data_time: 0.0204  time: 0.0933
2024/07/24 06:25:37 - mmengine - INFO - The previous best checkpoint /mnt/exam_log/0723_remdet/remdet_series/visdrone/remdet_l/best_coco_bbox_mAP_epoch_60.pth is removed
2024/07/24 06:25:38 - mmengine - INFO - The best checkpoint with 0.2480 coco/bbox_mAP at 70 epoch is saved to best_coco_bbox_mAP_epoch_70.pth.
2024/07/24 06:25:53 - mmengine - INFO - Epoch(train)  [71][ 50/102]  base_lr: 2.0000e-02 lr: 1.5446e-02  eta: 1:42:16  time: 0.2617  data_time: 0.0112  memory: 11589  grad_norm: 64.7320  loss: 209.9425  loss_cls: 62.2460  loss_bbox: 86.7846  loss_dfl: 60.9119
2024/07/24 06:26:06 - mmengine - INFO - Epoch(train)  [71][100/102]  base_lr: 2.0000e-02 lr: 1.5446e-02  eta: 1:42:01  time: 0.2495  data_time: 0.0010  memory: 12049  grad_norm: 64.6111  loss: 207.5547  loss_cls: 60.8126  loss_bbox: 85.3934  loss_dfl: 61.3487
2024/07/24 06:26:06 - mmengine - INFO - Exp name: remdet_l-300e_coco_20240724_055016
2024/07/24 06:26:20 - mmengine - INFO - Epoch(train)  [72][ 50/102]  base_lr: 2.0000e-02 lr: 1.5380e-02  eta: 1:41:48  time: 0.2703  data_time: 0.0112  memory: 11849  grad_norm: 64.3672  loss: 208.1946  loss_cls: 61.2946  loss_bbox: 86.3359  loss_dfl: 60.5641
2024/07/24 06:26:32 - mmengine - INFO - Epoch(train)  [72][100/102]  base_lr: 2.0000e-02 lr: 1.5380e-02  eta: 1:41:33  time: 0.2497  data_time: 0.0009  memory: 11342  grad_norm: 64.1507  loss: 206.8987  loss_cls: 60.8664  loss_bbox: 85.5164  loss_dfl: 60.5159
2024/07/24 06:26:33 - mmengine - INFO - Exp name: remdet_l-300e_coco_20240724_055016
2024/07/24 06:26:47 - mmengine - INFO - Epoch(train)  [73][ 50/102]  base_lr: 2.0000e-02 lr: 1.5314e-02  eta: 1:41:22  time: 0.2833  data_time: 0.0132  memory: 15502  grad_norm: 63.2904  loss: 206.8721  loss_cls: 60.4576  loss_bbox: 86.1081  loss_dfl: 60.3064
2024/07/24 06:27:00 - mmengine - INFO - Epoch(train)  [73][100/102]  base_lr: 2.0000e-02 lr: 1.5314e-02  eta: 1:41:08  time: 0.2567  data_time: 0.0009  memory: 11636  grad_norm: 64.2175  loss: 206.8775  loss_cls: 60.0078  loss_bbox: 86.1001  loss_dfl: 60.7696
2024/07/24 06:27:00 - mmengine - INFO - Exp name: remdet_l-300e_coco_20240724_055016
2024/07/24 06:27:14 - mmengine - INFO - Epoch(train)  [74][ 50/102]  base_lr: 2.0000e-02 lr: 1.5248e-02  eta: 1:40:56  time: 0.2728  data_time: 0.0137  memory: 11769  grad_norm: 66.1199  loss: 208.9740  loss_cls: 60.9904  loss_bbox: 87.0903  loss_dfl: 60.8933
2024/07/24 06:27:26 - mmengine - INFO - Epoch(train)  [74][100/102]  base_lr: 2.0000e-02 lr: 1.5248e-02  eta: 1:40:41  time: 0.2485  data_time: 0.0010  memory: 11982  grad_norm: 64.9034  loss: 208.2203  loss_cls: 61.1396  loss_bbox: 86.5554  loss_dfl: 60.5252
2024/07/24 06:27:26 - mmengine - INFO - Exp name: remdet_l-300e_coco_20240724_055016
2024/07/24 06:27:40 - mmengine - INFO - Epoch(train)  [75][ 50/102]  base_lr: 2.0000e-02 lr: 1.5182e-02  eta: 1:40:27  time: 0.2669  data_time: 0.0131  memory: 12589  grad_norm: 65.2501  loss: 205.6034  loss_cls: 59.9521  loss_bbox: 84.9939  loss_dfl: 60.6574
2024/07/24 06:27:52 - mmengine - INFO - Epoch(train)  [75][100/102]  base_lr: 2.0000e-02 lr: 1.5182e-02  eta: 1:40:12  time: 0.2481  data_time: 0.0010  memory: 12482  grad_norm: 62.8401  loss: 206.9358  loss_cls: 60.1346  loss_bbox: 86.5840  loss_dfl: 60.2173
2024/07/24 06:27:53 - mmengine - INFO - Exp name: remdet_l-300e_coco_20240724_055016
2024/07/24 06:28:06 - mmengine - INFO - Epoch(train)  [76][ 50/102]  base_lr: 2.0000e-02 lr: 1.5116e-02  eta: 1:40:00  time: 0.2750  data_time: 0.0104  memory: 12036  grad_norm: 64.4964  loss: 206.6208  loss_cls: 59.8348  loss_bbox: 85.8761  loss_dfl: 60.9099
2024/07/24 06:28:19 - mmengine - INFO - Epoch(train)  [76][100/102]  base_lr: 2.0000e-02 lr: 1.5116e-02  eta: 1:39:45  time: 0.2514  data_time: 0.0009  memory: 11569  grad_norm: 65.5922  loss: 205.7600  loss_cls: 60.4121  loss_bbox: 85.2210  loss_dfl: 60.1270
2024/07/24 06:28:19 - mmengine - INFO - Exp name: remdet_l-300e_coco_20240724_055016
2024/07/24 06:28:33 - mmengine - INFO - Epoch(train)  [77][ 50/102]  base_lr: 2.0000e-02 lr: 1.5050e-02  eta: 1:39:33  time: 0.2706  data_time: 0.0119  memory: 12022  grad_norm: 66.7185  loss: 202.8744  loss_cls: 58.8314  loss_bbox: 84.5781  loss_dfl: 59.4649
2024/07/24 06:28:45 - mmengine - INFO - Epoch(train)  [77][100/102]  base_lr: 2.0000e-02 lr: 1.5050e-02  eta: 1:39:18  time: 0.2498  data_time: 0.0010  memory: 11876  grad_norm: 63.7836  loss: 205.8665  loss_cls: 60.0586  loss_bbox: 85.7283  loss_dfl: 60.0796
2024/07/24 06:28:46 - mmengine - INFO - Exp name: remdet_l-300e_coco_20240724_055016
2024/07/24 06:28:59 - mmengine - INFO - Epoch(train)  [78][ 50/102]  base_lr: 2.0000e-02 lr: 1.4984e-02  eta: 1:39:05  time: 0.2714  data_time: 0.0118  memory: 11556  grad_norm: 64.9379  loss: 206.8805  loss_cls: 59.8978  loss_bbox: 86.4894  loss_dfl: 60.4933
2024/07/24 06:29:12 - mmengine - INFO - Epoch(train)  [78][100/102]  base_lr: 2.0000e-02 lr: 1.4984e-02  eta: 1:38:50  time: 0.2498  data_time: 0.0009  memory: 11709  grad_norm: 65.9797  loss: 206.7582  loss_cls: 60.6695  loss_bbox: 86.5833  loss_dfl: 59.5054
2024/07/24 06:29:12 - mmengine - INFO - Exp name: remdet_l-300e_coco_20240724_055016
2024/07/24 06:29:24 - mmengine - INFO - Exp name: remdet_l-300e_coco_20240724_055016
2024/07/24 06:29:26 - mmengine - INFO - Epoch(train)  [79][ 50/102]  base_lr: 2.0000e-02 lr: 1.4918e-02  eta: 1:38:38  time: 0.2745  data_time: 0.0205  memory: 11802  grad_norm: 63.9059  loss: 200.4848  loss_cls: 58.0891  loss_bbox: 83.0658  loss_dfl: 59.3298
2024/07/24 06:29:38 - mmengine - INFO - Epoch(train)  [79][100/102]  base_lr: 2.0000e-02 lr: 1.4918e-02  eta: 1:38:23  time: 0.2482  data_time: 0.0009  memory: 11569  grad_norm: 65.1728  loss: 204.4510  loss_cls: 59.2114  loss_bbox: 85.0957  loss_dfl: 60.1439
2024/07/24 06:29:39 - mmengine - INFO - Exp name: remdet_l-300e_coco_20240724_055016
2024/07/24 06:29:52 - mmengine - INFO - Epoch(train)  [80][ 50/102]  base_lr: 2.0000e-02 lr: 1.4852e-02  eta: 1:38:10  time: 0.2673  data_time: 0.0126  memory: 11689  grad_norm: 65.1169  loss: 205.5674  loss_cls: 60.0253  loss_bbox: 85.6880  loss_dfl: 59.8542
2024/07/24 06:30:04 - mmengine - INFO - Epoch(train)  [80][100/102]  base_lr: 2.0000e-02 lr: 1.4852e-02  eta: 1:37:55  time: 0.2486  data_time: 0.0009  memory: 11762  grad_norm: 64.0531  loss: 205.8670  loss_cls: 59.5115  loss_bbox: 86.2708  loss_dfl: 60.0847
2024/07/24 06:30:05 - mmengine - INFO - Exp name: remdet_l-300e_coco_20240724_055016
2024/07/24 06:30:05 - mmengine - INFO - Saving checkpoint at 80 epochs
2024/07/24 06:30:09 - mmengine - INFO - Evaluating bbox...
2024/07/24 06:30:34 - mmengine - INFO - bbox_mAP_copypaste: 0.256 0.425 0.262 0.154 0.386 0.480
2024/07/24 06:30:34 - mmengine - INFO - Epoch(val) [80][9/9]    coco/bbox_mAP: 0.2560  coco/bbox_mAP_50: 0.4250  coco/bbox_mAP_75: 0.2620  coco/bbox_mAP_s: 0.1540  coco/bbox_mAP_m: 0.3860  coco/bbox_mAP_l: 0.4800  data_time: 0.0228  time: 0.0961
2024/07/24 06:30:34 - mmengine - INFO - The previous best checkpoint /mnt/exam_log/0723_remdet/remdet_series/visdrone/remdet_l/best_coco_bbox_mAP_epoch_70.pth is removed
2024/07/24 06:30:36 - mmengine - INFO - The best checkpoint with 0.2560 coco/bbox_mAP at 80 epoch is saved to best_coco_bbox_mAP_epoch_80.pth.
2024/07/24 06:30:51 - mmengine - INFO - Epoch(train)  [81][ 50/102]  base_lr: 2.0000e-02 lr: 1.4786e-02  eta: 1:37:42  time: 0.2700  data_time: 0.0145  memory: 11396  grad_norm: 67.2333  loss: 205.2963  loss_cls: 59.5627  loss_bbox: 85.1185  loss_dfl: 60.6151
2024/07/24 06:31:04 - mmengine - INFO - Epoch(train)  [81][100/102]  base_lr: 2.0000e-02 lr: 1.4786e-02  eta: 1:37:27  time: 0.2513  data_time: 0.0010  memory: 11956  grad_norm: 65.9905  loss: 206.5567  loss_cls: 60.1490  loss_bbox: 86.0969  loss_dfl: 60.3108
2024/07/24 06:31:04 - mmengine - INFO - Exp name: remdet_l-300e_coco_20240724_055016
2024/07/24 06:31:18 - mmengine - INFO - Epoch(train)  [82][ 50/102]  base_lr: 2.0000e-02 lr: 1.4720e-02  eta: 1:37:14  time: 0.2700  data_time: 0.0130  memory: 12222  grad_norm: 64.3326  loss: 203.5712  loss_cls: 59.6248  loss_bbox: 84.3243  loss_dfl: 59.6221
2024/07/24 06:31:30 - mmengine - INFO - Epoch(train)  [82][100/102]  base_lr: 2.0000e-02 lr: 1.4720e-02  eta: 1:36:59  time: 0.2469  data_time: 0.0010  memory: 12862  grad_norm: 66.3310  loss: 204.7936  loss_cls: 59.6874  loss_bbox: 85.0541  loss_dfl: 60.0520
2024/07/24 06:31:31 - mmengine - INFO - Exp name: remdet_l-300e_coco_20240724_055016
2024/07/24 06:31:44 - mmengine - INFO - Epoch(train)  [83][ 50/102]  base_lr: 2.0000e-02 lr: 1.4654e-02  eta: 1:36:47  time: 0.2755  data_time: 0.0125  memory: 13982  grad_norm: 63.6128  loss: 207.2130  loss_cls: 60.6632  loss_bbox: 85.9922  loss_dfl: 60.5576
2024/07/24 06:31:57 - mmengine - INFO - Epoch(train)  [83][100/102]  base_lr: 2.0000e-02 lr: 1.4654e-02  eta: 1:36:32  time: 0.2497  data_time: 0.0009  memory: 12376  grad_norm: 64.6273  loss: 207.4179  loss_cls: 61.4238  loss_bbox: 85.6246  loss_dfl: 60.3695
2024/07/24 06:31:57 - mmengine - INFO - Exp name: remdet_l-300e_coco_20240724_055016
2024/07/24 06:32:11 - mmengine - INFO - Epoch(train)  [84][ 50/102]  base_lr: 2.0000e-02 lr: 1.4588e-02  eta: 1:36:20  time: 0.2727  data_time: 0.0114  memory: 12156  grad_norm: 63.9693  loss: 204.1085  loss_cls: 59.1730  loss_bbox: 84.6990  loss_dfl: 60.2365
2024/07/24 06:32:24 - mmengine - INFO - Epoch(train)  [84][100/102]  base_lr: 2.0000e-02 lr: 1.4588e-02  eta: 1:36:06  time: 0.2543  data_time: 0.0009  memory: 11809  grad_norm: 66.1104  loss: 206.6417  loss_cls: 60.8893  loss_bbox: 85.7387  loss_dfl: 60.0138
2024/07/24 06:32:24 - mmengine - INFO - Exp name: remdet_l-300e_coco_20240724_055016
2024/07/24 06:32:37 - mmengine - INFO - Epoch(train)  [85][ 50/102]  base_lr: 2.0000e-02 lr: 1.4522e-02  eta: 1:35:53  time: 0.2709  data_time: 0.0119  memory: 12956  grad_norm: 65.9819  loss: 207.7723  loss_cls: 61.5118  loss_bbox: 86.2808  loss_dfl: 59.9798
2024/07/24 06:32:50 - mmengine - INFO - Epoch(train)  [85][100/102]  base_lr: 2.0000e-02 lr: 1.4522e-02  eta: 1:35:38  time: 0.2467  data_time: 0.0010  memory: 11929  grad_norm: 65.3055  loss: 204.4681  loss_cls: 59.6064  loss_bbox: 84.8081  loss_dfl: 60.0535
2024/07/24 06:32:50 - mmengine - INFO - Exp name: remdet_l-300e_coco_20240724_055016
2024/07/24 06:33:04 - mmengine - INFO - Epoch(train)  [86][ 50/102]  base_lr: 2.0000e-02 lr: 1.4456e-02  eta: 1:35:25  time: 0.2713  data_time: 0.0129  memory: 11669  grad_norm: 65.1311  loss: 207.2231  loss_cls: 60.3231  loss_bbox: 86.4874  loss_dfl: 60.4126
2024/07/24 06:33:16 - mmengine - INFO - Epoch(train)  [86][100/102]  base_lr: 2.0000e-02 lr: 1.4456e-02  eta: 1:35:11  time: 0.2501  data_time: 0.0010  memory: 11776  grad_norm: 65.6068  loss: 204.9168  loss_cls: 60.2886  loss_bbox: 84.3902  loss_dfl: 60.2379
2024/07/24 06:33:17 - mmengine - INFO - Exp name: remdet_l-300e_coco_20240724_055016
2024/07/24 06:33:30 - mmengine - INFO - Epoch(train)  [87][ 50/102]  base_lr: 2.0000e-02 lr: 1.4390e-02  eta: 1:34:58  time: 0.2739  data_time: 0.0121  memory: 12582  grad_norm: 65.8016  loss: 203.2986  loss_cls: 59.6175  loss_bbox: 83.8849  loss_dfl: 59.7963
2024/07/24 06:33:43 - mmengine - INFO - Epoch(train)  [87][100/102]  base_lr: 2.0000e-02 lr: 1.4390e-02  eta: 1:34:44  time: 0.2567  data_time: 0.0009  memory: 11722  grad_norm: 64.5101  loss: 206.9813  loss_cls: 60.0980  loss_bbox: 86.8321  loss_dfl: 60.0512
2024/07/24 06:33:44 - mmengine - INFO - Exp name: remdet_l-300e_coco_20240724_055016
2024/07/24 06:33:58 - mmengine - INFO - Epoch(train)  [88][ 50/102]  base_lr: 2.0000e-02 lr: 1.4324e-02  eta: 1:34:33  time: 0.2825  data_time: 0.0105  memory: 11276  grad_norm: 64.2579  loss: 201.6094  loss_cls: 58.0797  loss_bbox: 83.8641  loss_dfl: 59.6656
2024/07/24 06:34:10 - mmengine - INFO - Epoch(train)  [88][100/102]  base_lr: 2.0000e-02 lr: 1.4324e-02  eta: 1:34:19  time: 0.2517  data_time: 0.0010  memory: 12356  grad_norm: 65.7169  loss: 201.1559  loss_cls: 57.9651  loss_bbox: 83.4426  loss_dfl: 59.7483
2024/07/24 06:34:11 - mmengine - INFO - Exp name: remdet_l-300e_coco_20240724_055016
2024/07/24 06:34:18 - mmengine - INFO - Exp name: remdet_l-300e_coco_20240724_055016
2024/07/24 06:34:24 - mmengine - INFO - Epoch(train)  [89][ 50/102]  base_lr: 2.0000e-02 lr: 1.4258e-02  eta: 1:34:05  time: 0.2668  data_time: 0.0131  memory: 11816  grad_norm: 65.3722  loss: 202.1534  loss_cls: 58.0299  loss_bbox: 84.6299  loss_dfl: 59.4936
2024/07/24 06:34:36 - mmengine - INFO - Epoch(train)  [89][100/102]  base_lr: 2.0000e-02 lr: 1.4258e-02  eta: 1:33:51  time: 0.2479  data_time: 0.0010  memory: 13769  grad_norm: 67.2674  loss: 203.1116  loss_cls: 57.7907  loss_bbox: 84.9171  loss_dfl: 60.4037
2024/07/24 06:34:37 - mmengine - INFO - Exp name: remdet_l-300e_coco_20240724_055016
2024/07/24 06:34:50 - mmengine - INFO - Epoch(train)  [90][ 50/102]  base_lr: 2.0000e-02 lr: 1.4192e-02  eta: 1:33:37  time: 0.2681  data_time: 0.0138  memory: 11342  grad_norm: 67.5263  loss: 202.9489  loss_cls: 58.7758  loss_bbox: 84.5929  loss_dfl: 59.5801
2024/07/24 06:35:03 - mmengine - INFO - Epoch(train)  [90][100/102]  base_lr: 2.0000e-02 lr: 1.4192e-02  eta: 1:33:23  time: 0.2524  data_time: 0.0010  memory: 12056  grad_norm: 65.7878  loss: 203.3894  loss_cls: 59.0391  loss_bbox: 84.5347  loss_dfl: 59.8156
2024/07/24 06:35:03 - mmengine - INFO - Exp name: remdet_l-300e_coco_20240724_055016
2024/07/24 06:35:03 - mmengine - INFO - Saving checkpoint at 90 epochs
2024/07/24 06:35:08 - mmengine - INFO - Evaluating bbox...
2024/07/24 06:35:32 - mmengine - INFO - bbox_mAP_copypaste: 0.262 0.435 0.269 0.157 0.396 0.492
2024/07/24 06:35:32 - mmengine - INFO - Epoch(val) [90][9/9]    coco/bbox_mAP: 0.2620  coco/bbox_mAP_50: 0.4350  coco/bbox_mAP_75: 0.2690  coco/bbox_mAP_s: 0.1570  coco/bbox_mAP_m: 0.3960  coco/bbox_mAP_l: 0.4920  data_time: 0.0236  time: 0.0966
2024/07/24 06:35:32 - mmengine - INFO - The previous best checkpoint /mnt/exam_log/0723_remdet/remdet_series/visdrone/remdet_l/best_coco_bbox_mAP_epoch_80.pth is removed
2024/07/24 06:35:34 - mmengine - INFO - The best checkpoint with 0.2620 coco/bbox_mAP at 90 epoch is saved to best_coco_bbox_mAP_epoch_90.pth.
2024/07/24 06:35:49 - mmengine - INFO - Epoch(train)  [91][ 50/102]  base_lr: 2.0000e-02 lr: 1.4126e-02  eta: 1:33:10  time: 0.2688  data_time: 0.0130  memory: 11769  grad_norm: 66.5821  loss: 200.9528  loss_cls: 58.1287  loss_bbox: 83.0309  loss_dfl: 59.7931
2024/07/24 06:36:02 - mmengine - INFO - Epoch(train)  [91][100/102]  base_lr: 2.0000e-02 lr: 1.4126e-02  eta: 1:32:55  time: 0.2475  data_time: 0.0010  memory: 11529  grad_norm: 66.8364  loss: 202.8396  loss_cls: 58.1331  loss_bbox: 85.2316  loss_dfl: 59.4750
2024/07/24 06:36:02 - mmengine - INFO - Exp name: remdet_l-300e_coco_20240724_055016
2024/07/24 06:36:16 - mmengine - INFO - Epoch(train)  [92][ 50/102]  base_lr: 2.0000e-02 lr: 1.4060e-02  eta: 1:32:43  time: 0.2722  data_time: 0.0188  memory: 14336  grad_norm: 66.3800  loss: 203.4900  loss_cls: 58.9035  loss_bbox: 84.3780  loss_dfl: 60.2084
2024/07/24 06:36:28 - mmengine - INFO - Epoch(train)  [92][100/102]  base_lr: 2.0000e-02 lr: 1.4060e-02  eta: 1:32:28  time: 0.2492  data_time: 0.0010  memory: 11542  grad_norm: 65.8499  loss: 203.1419  loss_cls: 59.0470  loss_bbox: 84.9998  loss_dfl: 59.0952
2024/07/24 06:36:28 - mmengine - INFO - Exp name: remdet_l-300e_coco_20240724_055016
2024/07/24 06:36:42 - mmengine - INFO - Epoch(train)  [93][ 50/102]  base_lr: 2.0000e-02 lr: 1.3994e-02  eta: 1:32:15  time: 0.2659  data_time: 0.0112  memory: 12502  grad_norm: 66.6577  loss: 205.2935  loss_cls: 59.5598  loss_bbox: 85.8798  loss_dfl: 59.8538
2024/07/24 06:36:54 - mmengine - INFO - Epoch(train)  [93][100/102]  base_lr: 2.0000e-02 lr: 1.3994e-02  eta: 1:32:01  time: 0.2521  data_time: 0.0009  memory: 12422  grad_norm: 65.6267  loss: 202.3577  loss_cls: 58.0333  loss_bbox: 84.9005  loss_dfl: 59.4239
2024/07/24 06:36:55 - mmengine - INFO - Exp name: remdet_l-300e_coco_20240724_055016
2024/07/24 06:37:08 - mmengine - INFO - Epoch(train)  [94][ 50/102]  base_lr: 2.0000e-02 lr: 1.3928e-02  eta: 1:31:48  time: 0.2722  data_time: 0.0138  memory: 11456  grad_norm: 66.6188  loss: 205.8331  loss_cls: 60.3276  loss_bbox: 85.1311  loss_dfl: 60.3744
2024/07/24 06:37:21 - mmengine - INFO - Epoch(train)  [94][100/102]  base_lr: 2.0000e-02 lr: 1.3928e-02  eta: 1:31:34  time: 0.2500  data_time: 0.0010  memory: 12102  grad_norm: 66.0072  loss: 204.5455  loss_cls: 59.2595  loss_bbox: 85.3660  loss_dfl: 59.9200
2024/07/24 06:37:21 - mmengine - INFO - Exp name: remdet_l-300e_coco_20240724_055016
2024/07/24 06:37:35 - mmengine - INFO - Epoch(train)  [95][ 50/102]  base_lr: 2.0000e-02 lr: 1.3862e-02  eta: 1:31:20  time: 0.2675  data_time: 0.0118  memory: 13936  grad_norm: 67.1835  loss: 203.2941  loss_cls: 59.4678  loss_bbox: 83.8626  loss_dfl: 59.9637
2024/07/24 06:37:47 - mmengine - INFO - Epoch(train)  [95][100/102]  base_lr: 2.0000e-02 lr: 1.3862e-02  eta: 1:31:06  time: 0.2464  data_time: 0.0010  memory: 11516  grad_norm: 67.6542  loss: 198.8111  loss_cls: 57.0932  loss_bbox: 81.8290  loss_dfl: 59.8890
2024/07/24 06:37:47 - mmengine - INFO - Exp name: remdet_l-300e_coco_20240724_055016
2024/07/24 06:38:01 - mmengine - INFO - Epoch(train)  [96][ 50/102]  base_lr: 2.0000e-02 lr: 1.3796e-02  eta: 1:30:53  time: 0.2756  data_time: 0.0117  memory: 11969  grad_norm: 68.4017  loss: 206.4734  loss_cls: 60.3124  loss_bbox: 85.5363  loss_dfl: 60.6247
2024/07/24 06:38:13 - mmengine - INFO - Epoch(train)  [96][100/102]  base_lr: 2.0000e-02 lr: 1.3796e-02  eta: 1:30:39  time: 0.2465  data_time: 0.0009  memory: 13069  grad_norm: 65.9814  loss: 201.3211  loss_cls: 57.8252  loss_bbox: 84.2655  loss_dfl: 59.2304
2024/07/24 06:38:14 - mmengine - INFO - Exp name: remdet_l-300e_coco_20240724_055016
2024/07/24 06:38:27 - mmengine - INFO - Epoch(train)  [97][ 50/102]  base_lr: 2.0000e-02 lr: 1.3730e-02  eta: 1:30:26  time: 0.2730  data_time: 0.0132  memory: 12029  grad_norm: 67.1992  loss: 201.8100  loss_cls: 57.2824  loss_bbox: 84.9310  loss_dfl: 59.5966
2024/07/24 06:38:40 - mmengine - INFO - Epoch(train)  [97][100/102]  base_lr: 2.0000e-02 lr: 1.3730e-02  eta: 1:30:12  time: 0.2494  data_time: 0.0010  memory: 12302  grad_norm: 65.8929  loss: 203.6813  loss_cls: 58.9376  loss_bbox: 84.7807  loss_dfl: 59.9629
2024/07/24 06:38:40 - mmengine - INFO - Exp name: remdet_l-300e_coco_20240724_055016
2024/07/24 06:38:54 - mmengine - INFO - Epoch(train)  [98][ 50/102]  base_lr: 2.0000e-02 lr: 1.3664e-02  eta: 1:29:59  time: 0.2715  data_time: 0.0121  memory: 11709  grad_norm: 66.4947  loss: 203.6883  loss_cls: 59.2453  loss_bbox: 84.3535  loss_dfl: 60.0894
2024/07/24 06:39:06 - mmengine - INFO - Epoch(train)  [98][100/102]  base_lr: 2.0000e-02 lr: 1.3664e-02  eta: 1:29:44  time: 0.2459  data_time: 0.0009  memory: 12369  grad_norm: 67.0205  loss: 204.6612  loss_cls: 58.8815  loss_bbox: 86.2424  loss_dfl: 59.5373
2024/07/24 06:39:07 - mmengine - INFO - Exp name: remdet_l-300e_coco_20240724_055016
2024/07/24 06:39:08 - mmengine - INFO - Exp name: remdet_l-300e_coco_20240724_055016
2024/07/24 06:39:20 - mmengine - INFO - Epoch(train)  [99][ 50/102]  base_lr: 2.0000e-02 lr: 1.3598e-02  eta: 1:29:31  time: 0.2666  data_time: 0.0113  memory: 11856  grad_norm: 68.4118  loss: 207.8008  loss_cls: 60.5301  loss_bbox: 87.2078  loss_dfl: 60.0629
2024/07/24 06:39:32 - mmengine - INFO - Epoch(train)  [99][100/102]  base_lr: 2.0000e-02 lr: 1.3598e-02  eta: 1:29:16  time: 0.2477  data_time: 0.0010  memory: 11496  grad_norm: 64.4278  loss: 194.3340  loss_cls: 54.9089  loss_bbox: 80.1411  loss_dfl: 59.2841
2024/07/24 06:39:33 - mmengine - INFO - Exp name: remdet_l-300e_coco_20240724_055016
2024/07/24 06:39:46 - mmengine - INFO - Epoch(train) [100][ 50/102]  base_lr: 2.0000e-02 lr: 1.3532e-02  eta: 1:29:03  time: 0.2680  data_time: 0.0122  memory: 12202  grad_norm: 67.0902  loss: 201.7812  loss_cls: 57.8627  loss_bbox: 84.7140  loss_dfl: 59.2045
2024/07/24 06:39:58 - mmengine - INFO - Epoch(train) [100][100/102]  base_lr: 2.0000e-02 lr: 1.3532e-02  eta: 1:28:49  time: 0.2463  data_time: 0.0010  memory: 11396  grad_norm: 68.5522  loss: 200.2075  loss_cls: 56.9355  loss_bbox: 83.8155  loss_dfl: 59.4564
2024/07/24 06:39:59 - mmengine - INFO - Exp name: remdet_l-300e_coco_20240724_055016
2024/07/24 06:39:59 - mmengine - INFO - Saving checkpoint at 100 epochs
2024/07/24 06:40:03 - mmengine - INFO - Evaluating bbox...
2024/07/24 06:40:28 - mmengine - INFO - bbox_mAP_copypaste: 0.268 0.443 0.275 0.162 0.404 0.501
2024/07/24 06:40:28 - mmengine - INFO - Epoch(val) [100][9/9]    coco/bbox_mAP: 0.2680  coco/bbox_mAP_50: 0.4430  coco/bbox_mAP_75: 0.2750  coco/bbox_mAP_s: 0.1620  coco/bbox_mAP_m: 0.4040  coco/bbox_mAP_l: 0.5010  data_time: 0.0180  time: 0.0894
2024/07/24 06:40:28 - mmengine - INFO - The previous best checkpoint /mnt/exam_log/0723_remdet/remdet_series/visdrone/remdet_l/best_coco_bbox_mAP_epoch_90.pth is removed
2024/07/24 06:40:29 - mmengine - INFO - The best checkpoint with 0.2680 coco/bbox_mAP at 100 epoch is saved to best_coco_bbox_mAP_epoch_100.pth.
2024/07/24 06:40:44 - mmengine - INFO - Epoch(train) [101][ 50/102]  base_lr: 2.0000e-02 lr: 1.3466e-02  eta: 1:28:35  time: 0.2648  data_time: 0.0133  memory: 12109  grad_norm: 65.7930  loss: 200.9375  loss_cls: 57.4897  loss_bbox: 83.7079  loss_dfl: 59.7399
2024/07/24 06:40:57 - mmengine - INFO - Epoch(train) [101][100/102]  base_lr: 2.0000e-02 lr: 1.3466e-02  eta: 1:28:21  time: 0.2476  data_time: 0.0010  memory: 12836  grad_norm: 68.0960  loss: 197.0995  loss_cls: 56.0093  loss_bbox: 81.5068  loss_dfl: 59.5835
2024/07/24 06:40:57 - mmengine - INFO - Exp name: remdet_l-300e_coco_20240724_055016
2024/07/24 06:41:11 - mmengine - INFO - Epoch(train) [102][ 50/102]  base_lr: 2.0000e-02 lr: 1.3400e-02  eta: 1:28:09  time: 0.2821  data_time: 0.0088  memory: 11622  grad_norm: 67.3807  loss: 200.8337  loss_cls: 58.0689  loss_bbox: 82.6702  loss_dfl: 60.0946
2024/07/24 06:41:24 - mmengine - INFO - Epoch(train) [102][100/102]  base_lr: 2.0000e-02 lr: 1.3400e-02  eta: 1:27:56  time: 0.2624  data_time: 0.0009  memory: 11836  grad_norm: 67.2743  loss: 204.0234  loss_cls: 58.4535  loss_bbox: 85.4402  loss_dfl: 60.1297
2024/07/24 06:41:25 - mmengine - INFO - Exp name: remdet_l-300e_coco_20240724_055016
2024/07/24 06:41:38 - mmengine - INFO - Epoch(train) [103][ 50/102]  base_lr: 2.0000e-02 lr: 1.3334e-02  eta: 1:27:43  time: 0.2712  data_time: 0.0187  memory: 13956  grad_norm: 67.3365  loss: 201.2348  loss_cls: 57.5243  loss_bbox: 84.0222  loss_dfl: 59.6883
2024/07/24 06:41:51 - mmengine - INFO - Epoch(train) [103][100/102]  base_lr: 2.0000e-02 lr: 1.3334e-02  eta: 1:27:29  time: 0.2475  data_time: 0.0010  memory: 11936  grad_norm: 66.5503  loss: 204.6888  loss_cls: 58.4599  loss_bbox: 85.2258  loss_dfl: 61.0030
2024/07/24 06:41:51 - mmengine - INFO - Exp name: remdet_l-300e_coco_20240724_055016
2024/07/24 06:42:05 - mmengine - INFO - Epoch(train) [104][ 50/102]  base_lr: 2.0000e-02 lr: 1.3268e-02  eta: 1:27:15  time: 0.2685  data_time: 0.0130  memory: 12296  grad_norm: 67.6110  loss: 198.4831  loss_cls: 57.1148  loss_bbox: 82.3237  loss_dfl: 59.0446
2024/07/24 06:42:17 - mmengine - INFO - Epoch(train) [104][100/102]  base_lr: 2.0000e-02 lr: 1.3268e-02  eta: 1:27:01  time: 0.2471  data_time: 0.0010  memory: 12196  grad_norm: 68.1976  loss: 199.5754  loss_cls: 57.0379  loss_bbox: 82.9983  loss_dfl: 59.5391
2024/07/24 06:42:17 - mmengine - INFO - Exp name: remdet_l-300e_coco_20240724_055016
2024/07/24 06:42:31 - mmengine - INFO - Epoch(train) [105][ 50/102]  base_lr: 2.0000e-02 lr: 1.3202e-02  eta: 1:26:48  time: 0.2730  data_time: 0.0124  memory: 11816  grad_norm: 66.7199  loss: 200.3194  loss_cls: 57.7751  loss_bbox: 82.9528  loss_dfl: 59.5916
2024/07/24 06:42:43 - mmengine - INFO - Epoch(train) [105][100/102]  base_lr: 2.0000e-02 lr: 1.3202e-02  eta: 1:26:34  time: 0.2465  data_time: 0.0010  memory: 11309  grad_norm: 67.3606  loss: 203.2357  loss_cls: 58.6783  loss_bbox: 84.7347  loss_dfl: 59.8227
2024/07/24 06:42:44 - mmengine - INFO - Exp name: remdet_l-300e_coco_20240724_055016
2024/07/24 06:42:57 - mmengine - INFO - Epoch(train) [106][ 50/102]  base_lr: 2.0000e-02 lr: 1.3136e-02  eta: 1:26:21  time: 0.2690  data_time: 0.0104  memory: 12189  grad_norm: 67.7667  loss: 201.1961  loss_cls: 57.8068  loss_bbox: 84.2164  loss_dfl: 59.1729
2024/07/24 06:43:09 - mmengine - INFO - Epoch(train) [106][100/102]  base_lr: 2.0000e-02 lr: 1.3136e-02  eta: 1:26:06  time: 0.2474  data_time: 0.0010  memory: 11542  grad_norm: 66.1209  loss: 201.4439  loss_cls: 57.9207  loss_bbox: 83.3925  loss_dfl: 60.1308
2024/07/24 06:43:10 - mmengine - INFO - Exp name: remdet_l-300e_coco_20240724_055016
2024/07/24 06:43:23 - mmengine - INFO - Epoch(train) [107][ 50/102]  base_lr: 2.0000e-02 lr: 1.3070e-02  eta: 1:25:53  time: 0.2707  data_time: 0.0149  memory: 14482  grad_norm: 67.8119  loss: 201.0109  loss_cls: 57.7802  loss_bbox: 83.9585  loss_dfl: 59.2722
2024/07/24 06:43:36 - mmengine - INFO - Epoch(train) [107][100/102]  base_lr: 2.0000e-02 lr: 1.3070e-02  eta: 1:25:39  time: 0.2476  data_time: 0.0010  memory: 12616  grad_norm: 66.9979  loss: 204.0124  loss_cls: 58.7057  loss_bbox: 85.1002  loss_dfl: 60.2066
2024/07/24 06:43:36 - mmengine - INFO - Exp name: remdet_l-300e_coco_20240724_055016
2024/07/24 06:43:50 - mmengine - INFO - Epoch(train) [108][ 50/102]  base_lr: 2.0000e-02 lr: 1.3004e-02  eta: 1:25:26  time: 0.2691  data_time: 0.0107  memory: 12089  grad_norm: 67.4143  loss: 202.2572  loss_cls: 58.1924  loss_bbox: 84.8498  loss_dfl: 59.2150
2024/07/24 06:43:59 - mmengine - INFO - Exp name: remdet_l-300e_coco_20240724_055016
2024/07/24 06:44:02 - mmengine - INFO - Epoch(train) [108][100/102]  base_lr: 2.0000e-02 lr: 1.3004e-02  eta: 1:25:12  time: 0.2479  data_time: 0.0010  memory: 12602  grad_norm: 68.1408  loss: 200.2213  loss_cls: 56.3928  loss_bbox: 84.0671  loss_dfl: 59.7615
2024/07/24 06:44:02 - mmengine - INFO - Exp name: remdet_l-300e_coco_20240724_055016
2024/07/24 06:44:16 - mmengine - INFO - Epoch(train) [109][ 50/102]  base_lr: 2.0000e-02 lr: 1.2938e-02  eta: 1:24:59  time: 0.2689  data_time: 0.0126  memory: 11356  grad_norm: 69.2369  loss: 201.5898  loss_cls: 57.8765  loss_bbox: 84.2088  loss_dfl: 59.5045
2024/07/24 06:44:28 - mmengine - INFO - Epoch(train) [109][100/102]  base_lr: 2.0000e-02 lr: 1.2938e-02  eta: 1:24:44  time: 0.2484  data_time: 0.0010  memory: 11729  grad_norm: 67.8882  loss: 196.9170  loss_cls: 55.4819  loss_bbox: 82.0586  loss_dfl: 59.3765
2024/07/24 06:44:29 - mmengine - INFO - Exp name: remdet_l-300e_coco_20240724_055016
2024/07/24 06:44:42 - mmengine - INFO - Epoch(train) [110][ 50/102]  base_lr: 2.0000e-02 lr: 1.2872e-02  eta: 1:24:31  time: 0.2687  data_time: 0.0106  memory: 13256  grad_norm: 67.9694  loss: 195.5256  loss_cls: 54.7949  loss_bbox: 81.6329  loss_dfl: 59.0979
2024/07/24 06:44:55 - mmengine - INFO - Epoch(train) [110][100/102]  base_lr: 2.0000e-02 lr: 1.2872e-02  eta: 1:24:17  time: 0.2481  data_time: 0.0010  memory: 11749  grad_norm: 67.6060  loss: 196.7913  loss_cls: 56.0037  loss_bbox: 81.4828  loss_dfl: 59.3048
2024/07/24 06:44:55 - mmengine - INFO - Exp name: remdet_l-300e_coco_20240724_055016
2024/07/24 06:44:55 - mmengine - INFO - Saving checkpoint at 110 epochs
2024/07/24 06:44:59 - mmengine - INFO - Evaluating bbox...
2024/07/24 06:45:24 - mmengine - INFO - bbox_mAP_copypaste: 0.273 0.447 0.280 0.165 0.409 0.526
2024/07/24 06:45:24 - mmengine - INFO - Epoch(val) [110][9/9]    coco/bbox_mAP: 0.2730  coco/bbox_mAP_50: 0.4470  coco/bbox_mAP_75: 0.2800  coco/bbox_mAP_s: 0.1650  coco/bbox_mAP_m: 0.4090  coco/bbox_mAP_l: 0.5260  data_time: 0.0255  time: 0.0986
2024/07/24 06:45:24 - mmengine - INFO - The previous best checkpoint /mnt/exam_log/0723_remdet/remdet_series/visdrone/remdet_l/best_coco_bbox_mAP_epoch_100.pth is removed
2024/07/24 06:45:26 - mmengine - INFO - The best checkpoint with 0.2730 coco/bbox_mAP at 110 epoch is saved to best_coco_bbox_mAP_epoch_110.pth.
2024/07/24 06:45:41 - mmengine - INFO - Epoch(train) [111][ 50/102]  base_lr: 2.0000e-02 lr: 1.2806e-02  eta: 1:24:04  time: 0.2670  data_time: 0.0136  memory: 12236  grad_norm: 69.6753  loss: 201.1149  loss_cls: 57.6340  loss_bbox: 84.1387  loss_dfl: 59.3422
2024/07/24 06:45:53 - mmengine - INFO - Epoch(train) [111][100/102]  base_lr: 2.0000e-02 lr: 1.2806e-02  eta: 1:23:50  time: 0.2476  data_time: 0.0010  memory: 11616  grad_norm: 66.7078  loss: 197.5216  loss_cls: 55.6182  loss_bbox: 82.3556  loss_dfl: 59.5478
2024/07/24 06:45:53 - mmengine - INFO - Exp name: remdet_l-300e_coco_20240724_055016
2024/07/24 06:46:07 - mmengine - INFO - Epoch(train) [112][ 50/102]  base_lr: 2.0000e-02 lr: 1.2740e-02  eta: 1:23:37  time: 0.2732  data_time: 0.0133  memory: 12756  grad_norm: 69.4298  loss: 203.6857  loss_cls: 58.5573  loss_bbox: 85.2356  loss_dfl: 59.8928
2024/07/24 06:46:20 - mmengine - INFO - Epoch(train) [112][100/102]  base_lr: 2.0000e-02 lr: 1.2740e-02  eta: 1:23:23  time: 0.2479  data_time: 0.0010  memory: 12129  grad_norm: 69.7475  loss: 199.9959  loss_cls: 56.8476  loss_bbox: 83.3230  loss_dfl: 59.8253
2024/07/24 06:46:20 - mmengine - INFO - Exp name: remdet_l-300e_coco_20240724_055016
2024/07/24 06:46:33 - mmengine - INFO - Epoch(train) [113][ 50/102]  base_lr: 2.0000e-02 lr: 1.2674e-02  eta: 1:23:09  time: 0.2681  data_time: 0.0113  memory: 12142  grad_norm: 68.2174  loss: 196.8872  loss_cls: 55.7311  loss_bbox: 81.8980  loss_dfl: 59.2580
2024/07/24 06:46:46 - mmengine - INFO - Epoch(train) [113][100/102]  base_lr: 2.0000e-02 lr: 1.2674e-02  eta: 1:22:55  time: 0.2482  data_time: 0.0010  memory: 11816  grad_norm: 68.3323  loss: 200.1009  loss_cls: 57.3190  loss_bbox: 83.4715  loss_dfl: 59.3104
2024/07/24 06:46:46 - mmengine - INFO - Exp name: remdet_l-300e_coco_20240724_055016
2024/07/24 06:47:00 - mmengine - INFO - Epoch(train) [114][ 50/102]  base_lr: 2.0000e-02 lr: 1.2608e-02  eta: 1:22:42  time: 0.2712  data_time: 0.0123  memory: 11482  grad_norm: 68.7839  loss: 200.4297  loss_cls: 56.9215  loss_bbox: 83.6327  loss_dfl: 59.8756
2024/07/24 06:47:12 - mmengine - INFO - Epoch(train) [114][100/102]  base_lr: 2.0000e-02 lr: 1.2608e-02  eta: 1:22:28  time: 0.2471  data_time: 0.0010  memory: 11609  grad_norm: 68.9789  loss: 196.8083  loss_cls: 56.3240  loss_bbox: 81.5999  loss_dfl: 58.8844
2024/07/24 06:47:12 - mmengine - INFO - Exp name: remdet_l-300e_coco_20240724_055016
2024/07/24 06:47:26 - mmengine - INFO - Epoch(train) [115][ 50/102]  base_lr: 2.0000e-02 lr: 1.2542e-02  eta: 1:22:15  time: 0.2674  data_time: 0.0117  memory: 11322  grad_norm: 69.0685  loss: 198.8781  loss_cls: 56.6832  loss_bbox: 82.6213  loss_dfl: 59.5737
2024/07/24 06:47:38 - mmengine - INFO - Epoch(train) [115][100/102]  base_lr: 2.0000e-02 lr: 1.2542e-02  eta: 1:22:01  time: 0.2463  data_time: 0.0010  memory: 12289  grad_norm: 68.6986  loss: 197.8234  loss_cls: 55.1700  loss_bbox: 83.3707  loss_dfl: 59.2827
2024/07/24 06:47:39 - mmengine - INFO - Exp name: remdet_l-300e_coco_20240724_055016
2024/07/24 06:47:52 - mmengine - INFO - Epoch(train) [116][ 50/102]  base_lr: 2.0000e-02 lr: 1.2476e-02  eta: 1:21:48  time: 0.2731  data_time: 0.0130  memory: 12369  grad_norm: 70.2803  loss: 204.6970  loss_cls: 59.2106  loss_bbox: 85.0695  loss_dfl: 60.4168
2024/07/24 06:48:05 - mmengine - INFO - Epoch(train) [116][100/102]  base_lr: 2.0000e-02 lr: 1.2476e-02  eta: 1:21:35  time: 0.2526  data_time: 0.0010  memory: 11976  grad_norm: 68.8318  loss: 199.4672  loss_cls: 57.1778  loss_bbox: 83.4210  loss_dfl: 58.8684
2024/07/24 06:48:05 - mmengine - INFO - Exp name: remdet_l-300e_coco_20240724_055016
2024/07/24 06:48:19 - mmengine - INFO - Epoch(train) [117][ 50/102]  base_lr: 2.0000e-02 lr: 1.2410e-02  eta: 1:21:22  time: 0.2789  data_time: 0.0144  memory: 12123  grad_norm: 69.2327  loss: 201.2158  loss_cls: 57.6485  loss_bbox: 83.8807  loss_dfl: 59.6866
2024/07/24 06:48:32 - mmengine - INFO - Epoch(train) [117][100/102]  base_lr: 2.0000e-02 lr: 1.2410e-02  eta: 1:21:08  time: 0.2516  data_time: 0.0010  memory: 11316  grad_norm: 69.2969  loss: 198.6800  loss_cls: 56.5874  loss_bbox: 82.4130  loss_dfl: 59.6796
2024/07/24 06:48:32 - mmengine - INFO - Exp name: remdet_l-300e_coco_20240724_055016
2024/07/24 06:48:46 - mmengine - INFO - Epoch(train) [118][ 50/102]  base_lr: 2.0000e-02 lr: 1.2344e-02  eta: 1:20:55  time: 0.2671  data_time: 0.0121  memory: 12236  grad_norm: 71.6049  loss: 197.3260  loss_cls: 56.0177  loss_bbox: 82.3399  loss_dfl: 58.9684
2024/07/24 06:48:50 - mmengine - INFO - Exp name: remdet_l-300e_coco_20240724_055016
2024/07/24 06:48:58 - mmengine - INFO - Epoch(train) [118][100/102]  base_lr: 2.0000e-02 lr: 1.2344e-02  eta: 1:20:41  time: 0.2468  data_time: 0.0010  memory: 11482  grad_norm: 69.9901  loss: 196.8858  loss_cls: 55.4433  loss_bbox: 82.9237  loss_dfl: 58.5188
2024/07/24 06:48:58 - mmengine - INFO - Exp name: remdet_l-300e_coco_20240724_055016
2024/07/24 06:49:12 - mmengine - INFO - Epoch(train) [119][ 50/102]  base_lr: 2.0000e-02 lr: 1.2278e-02  eta: 1:20:28  time: 0.2679  data_time: 0.0123  memory: 12222  grad_norm: 69.2676  loss: 199.2084  loss_cls: 56.5075  loss_bbox: 83.2023  loss_dfl: 59.4986
2024/07/24 06:49:24 - mmengine - INFO - Epoch(train) [119][100/102]  base_lr: 2.0000e-02 lr: 1.2278e-02  eta: 1:20:14  time: 0.2475  data_time: 0.0010  memory: 11582  grad_norm: 67.8431  loss: 197.6691  loss_cls: 56.5364  loss_bbox: 82.2682  loss_dfl: 58.8644
2024/07/24 06:49:25 - mmengine - INFO - Exp name: remdet_l-300e_coco_20240724_055016
2024/07/24 06:49:38 - mmengine - INFO - Epoch(train) [120][ 50/102]  base_lr: 2.0000e-02 lr: 1.2212e-02  eta: 1:20:01  time: 0.2767  data_time: 0.0124  memory: 12169  grad_norm: 69.7503  loss: 196.8138  loss_cls: 56.1589  loss_bbox: 81.5366  loss_dfl: 59.1183
2024/07/24 06:49:51 - mmengine - INFO - Epoch(train) [120][100/102]  base_lr: 2.0000e-02 lr: 1.2212e-02  eta: 1:19:47  time: 0.2478  data_time: 0.0010  memory: 13362  grad_norm: 69.4569  loss: 200.9394  loss_cls: 57.5136  loss_bbox: 84.5443  loss_dfl: 58.8815
2024/07/24 06:49:51 - mmengine - INFO - Exp name: remdet_l-300e_coco_20240724_055016
2024/07/24 06:49:51 - mmengine - INFO - Saving checkpoint at 120 epochs
2024/07/24 06:49:56 - mmengine - INFO - Evaluating bbox...
2024/07/24 06:50:20 - mmengine - INFO - bbox_mAP_copypaste: 0.278 0.453 0.287 0.167 0.418 0.522
2024/07/24 06:50:20 - mmengine - INFO - Epoch(val) [120][9/9]    coco/bbox_mAP: 0.2780  coco/bbox_mAP_50: 0.4530  coco/bbox_mAP_75: 0.2870  coco/bbox_mAP_s: 0.1670  coco/bbox_mAP_m: 0.4180  coco/bbox_mAP_l: 0.5220  data_time: 0.0128  time: 0.0853
2024/07/24 06:50:20 - mmengine - INFO - The previous best checkpoint /mnt/exam_log/0723_remdet/remdet_series/visdrone/remdet_l/best_coco_bbox_mAP_epoch_110.pth is removed
2024/07/24 06:50:22 - mmengine - INFO - The best checkpoint with 0.2780 coco/bbox_mAP at 120 epoch is saved to best_coco_bbox_mAP_epoch_120.pth.
2024/07/24 06:50:37 - mmengine - INFO - Epoch(train) [121][ 50/102]  base_lr: 2.0000e-02 lr: 1.2146e-02  eta: 1:19:34  time: 0.2652  data_time: 0.0113  memory: 12049  grad_norm: 70.2728  loss: 196.2510  loss_cls: 55.7143  loss_bbox: 81.8627  loss_dfl: 58.6739
2024/07/24 06:50:49 - mmengine - INFO - Epoch(train) [121][100/102]  base_lr: 2.0000e-02 lr: 1.2146e-02  eta: 1:19:20  time: 0.2524  data_time: 0.0010  memory: 12442  grad_norm: 69.2835  loss: 194.5465  loss_cls: 55.2770  loss_bbox: 80.2536  loss_dfl: 59.0160
2024/07/24 06:50:50 - mmengine - INFO - Exp name: remdet_l-300e_coco_20240724_055016
2024/07/24 06:51:03 - mmengine - INFO - Epoch(train) [122][ 50/102]  base_lr: 2.0000e-02 lr: 1.2080e-02  eta: 1:19:07  time: 0.2679  data_time: 0.0104  memory: 11522  grad_norm: 70.4751  loss: 198.3786  loss_cls: 56.8509  loss_bbox: 81.7291  loss_dfl: 59.7986
2024/07/24 06:51:16 - mmengine - INFO - Epoch(train) [122][100/102]  base_lr: 2.0000e-02 lr: 1.2080e-02  eta: 1:18:53  time: 0.2462  data_time: 0.0010  memory: 12449  grad_norm: 69.9280  loss: 197.0641  loss_cls: 55.4106  loss_bbox: 82.5286  loss_dfl: 59.1249
2024/07/24 06:51:16 - mmengine - INFO - Exp name: remdet_l-300e_coco_20240724_055016
2024/07/24 06:51:29 - mmengine - INFO - Epoch(train) [123][ 50/102]  base_lr: 2.0000e-02 lr: 1.2014e-02  eta: 1:18:39  time: 0.2678  data_time: 0.0172  memory: 11396  grad_norm: 70.2157  loss: 197.9757  loss_cls: 56.0629  loss_bbox: 82.5871  loss_dfl: 59.3258
2024/07/24 06:51:42 - mmengine - INFO - Epoch(train) [123][100/102]  base_lr: 2.0000e-02 lr: 1.2014e-02  eta: 1:18:26  time: 0.2481  data_time: 0.0010  memory: 11862  grad_norm: 70.3069  loss: 199.0125  loss_cls: 56.2513  loss_bbox: 83.2703  loss_dfl: 59.4910
2024/07/24 06:51:42 - mmengine - INFO - Exp name: remdet_l-300e_coco_20240724_055016
2024/07/24 06:51:55 - mmengine - INFO - Epoch(train) [124][ 50/102]  base_lr: 2.0000e-02 lr: 1.1948e-02  eta: 1:18:12  time: 0.2666  data_time: 0.0100  memory: 12696  grad_norm: 70.2528  loss: 197.4610  loss_cls: 56.2555  loss_bbox: 81.5459  loss_dfl: 59.6596
2024/07/24 06:52:08 - mmengine - INFO - Epoch(train) [124][100/102]  base_lr: 2.0000e-02 lr: 1.1948e-02  eta: 1:17:58  time: 0.2489  data_time: 0.0010  memory: 11896  grad_norm: 69.5714  loss: 199.9921  loss_cls: 57.2097  loss_bbox: 83.3673  loss_dfl: 59.4150
2024/07/24 06:52:08 - mmengine - INFO - Exp name: remdet_l-300e_coco_20240724_055016
2024/07/24 06:52:22 - mmengine - INFO - Epoch(train) [125][ 50/102]  base_lr: 2.0000e-02 lr: 1.1882e-02  eta: 1:17:45  time: 0.2724  data_time: 0.0116  memory: 11996  grad_norm: 70.8532  loss: 195.2719  loss_cls: 55.5135  loss_bbox: 81.0914  loss_dfl: 58.6670
2024/07/24 06:52:34 - mmengine - INFO - Epoch(train) [125][100/102]  base_lr: 2.0000e-02 lr: 1.1882e-02  eta: 1:17:32  time: 0.2501  data_time: 0.0010  memory: 11522  grad_norm: 70.7243  loss: 196.8001  loss_cls: 55.6029  loss_bbox: 82.2992  loss_dfl: 58.8979
2024/07/24 06:52:35 - mmengine - INFO - Exp name: remdet_l-300e_coco_20240724_055016
2024/07/24 06:52:48 - mmengine - INFO - Epoch(train) [126][ 50/102]  base_lr: 2.0000e-02 lr: 1.1816e-02  eta: 1:17:18  time: 0.2655  data_time: 0.0119  memory: 11796  grad_norm: 71.0893  loss: 192.2830  loss_cls: 53.9513  loss_bbox: 80.0927  loss_dfl: 58.2389
2024/07/24 06:53:00 - mmengine - INFO - Epoch(train) [126][100/102]  base_lr: 2.0000e-02 lr: 1.1816e-02  eta: 1:17:04  time: 0.2472  data_time: 0.0010  memory: 13702  grad_norm: 69.8854  loss: 191.7058  loss_cls: 53.6921  loss_bbox: 79.8264  loss_dfl: 58.1873
2024/07/24 06:53:01 - mmengine - INFO - Exp name: remdet_l-300e_coco_20240724_055016
2024/07/24 06:53:14 - mmengine - INFO - Epoch(train) [127][ 50/102]  base_lr: 2.0000e-02 lr: 1.1750e-02  eta: 1:16:51  time: 0.2698  data_time: 0.0151  memory: 11556  grad_norm: 71.0509  loss: 197.8098  loss_cls: 56.1097  loss_bbox: 82.5718  loss_dfl: 59.1283
2024/07/24 06:53:27 - mmengine - INFO - Epoch(train) [127][100/102]  base_lr: 2.0000e-02 lr: 1.1750e-02  eta: 1:16:37  time: 0.2471  data_time: 0.0010  memory: 12262  grad_norm: 69.5488  loss: 197.7861  loss_cls: 56.3514  loss_bbox: 82.5697  loss_dfl: 58.8650
2024/07/24 06:53:27 - mmengine - INFO - Exp name: remdet_l-300e_coco_20240724_055016
2024/07/24 06:53:39 - mmengine - INFO - Exp name: remdet_l-300e_coco_20240724_055016
2024/07/24 06:53:40 - mmengine - INFO - Epoch(train) [128][ 50/102]  base_lr: 2.0000e-02 lr: 1.1684e-02  eta: 1:16:24  time: 0.2646  data_time: 0.0131  memory: 12376  grad_norm: 69.7364  loss: 199.3155  loss_cls: 56.8079  loss_bbox: 83.4163  loss_dfl: 59.0913
2024/07/24 06:53:53 - mmengine - INFO - Epoch(train) [128][100/102]  base_lr: 2.0000e-02 lr: 1.1684e-02  eta: 1:16:10  time: 0.2489  data_time: 0.0010  memory: 12316  grad_norm: 70.8184  loss: 194.4172  loss_cls: 54.8288  loss_bbox: 80.2179  loss_dfl: 59.3705
2024/07/24 06:53:53 - mmengine - INFO - Exp name: remdet_l-300e_coco_20240724_055016
2024/07/24 06:54:06 - mmengine - INFO - Epoch(train) [129][ 50/102]  base_lr: 2.0000e-02 lr: 1.1618e-02  eta: 1:15:57  time: 0.2678  data_time: 0.0142  memory: 12809  grad_norm: 71.2454  loss: 189.9647  loss_cls: 53.0861  loss_bbox: 78.3502  loss_dfl: 58.5284
2024/07/24 06:54:19 - mmengine - INFO - Epoch(train) [129][100/102]  base_lr: 2.0000e-02 lr: 1.1618e-02  eta: 1:15:44  time: 0.2593  data_time: 0.0010  memory: 11382  grad_norm: 71.4368  loss: 196.9358  loss_cls: 55.6191  loss_bbox: 83.0997  loss_dfl: 58.2170
2024/07/24 06:54:20 - mmengine - INFO - Exp name: remdet_l-300e_coco_20240724_055016
2024/07/24 06:54:33 - mmengine - INFO - Epoch(train) [130][ 50/102]  base_lr: 2.0000e-02 lr: 1.1552e-02  eta: 1:15:30  time: 0.2697  data_time: 0.0118  memory: 11669  grad_norm: 70.9979  loss: 195.4026  loss_cls: 55.0316  loss_bbox: 81.5924  loss_dfl: 58.7786
2024/07/24 06:54:46 - mmengine - INFO - Epoch(train) [130][100/102]  base_lr: 2.0000e-02 lr: 1.1552e-02  eta: 1:15:17  time: 0.2471  data_time: 0.0010  memory: 12802  grad_norm: 73.1060  loss: 198.3659  loss_cls: 55.4887  loss_bbox: 83.7933  loss_dfl: 59.0839
2024/07/24 06:54:46 - mmengine - INFO - Exp name: remdet_l-300e_coco_20240724_055016
2024/07/24 06:54:46 - mmengine - INFO - Saving checkpoint at 130 epochs
2024/07/24 06:54:50 - mmengine - INFO - Evaluating bbox...
2024/07/24 06:55:15 - mmengine - INFO - bbox_mAP_copypaste: 0.280 0.458 0.287 0.170 0.420 0.556
2024/07/24 06:55:15 - mmengine - INFO - Epoch(val) [130][9/9]    coco/bbox_mAP: 0.2800  coco/bbox_mAP_50: 0.4580  coco/bbox_mAP_75: 0.2870  coco/bbox_mAP_s: 0.1700  coco/bbox_mAP_m: 0.4200  coco/bbox_mAP_l: 0.5560  data_time: 0.0258  time: 0.0972
2024/07/24 06:55:15 - mmengine - INFO - The previous best checkpoint /mnt/exam_log/0723_remdet/remdet_series/visdrone/remdet_l/best_coco_bbox_mAP_epoch_120.pth is removed
2024/07/24 06:55:16 - mmengine - INFO - The best checkpoint with 0.2800 coco/bbox_mAP at 130 epoch is saved to best_coco_bbox_mAP_epoch_130.pth.
2024/07/24 06:55:32 - mmengine - INFO - Epoch(train) [131][ 50/102]  base_lr: 2.0000e-02 lr: 1.1486e-02  eta: 1:15:04  time: 0.2788  data_time: 0.0126  memory: 11829  grad_norm: 72.0639  loss: 197.9765  loss_cls: 56.0360  loss_bbox: 82.3276  loss_dfl: 59.6128
2024/07/24 06:55:45 - mmengine - INFO - Epoch(train) [131][100/102]  base_lr: 2.0000e-02 lr: 1.1486e-02  eta: 1:14:51  time: 0.2550  data_time: 0.0010  memory: 11516  grad_norm: 69.9658  loss: 195.3221  loss_cls: 55.4762  loss_bbox: 80.9278  loss_dfl: 58.9181
2024/07/24 06:55:45 - mmengine - INFO - Exp name: remdet_l-300e_coco_20240724_055016
2024/07/24 06:55:59 - mmengine - INFO - Epoch(train) [132][ 50/102]  base_lr: 2.0000e-02 lr: 1.1420e-02  eta: 1:14:38  time: 0.2712  data_time: 0.0132  memory: 11522  grad_norm: 70.7363  loss: 195.5124  loss_cls: 54.3734  loss_bbox: 81.5996  loss_dfl: 59.5394
2024/07/24 06:56:11 - mmengine - INFO - Epoch(train) [132][100/102]  base_lr: 2.0000e-02 lr: 1.1420e-02  eta: 1:14:24  time: 0.2478  data_time: 0.0010  memory: 13136  grad_norm: 71.3524  loss: 190.8401  loss_cls: 53.1405  loss_bbox: 78.7288  loss_dfl: 58.9709
2024/07/24 06:56:12 - mmengine - INFO - Exp name: remdet_l-300e_coco_20240724_055016
2024/07/24 06:56:25 - mmengine - INFO - Epoch(train) [133][ 50/102]  base_lr: 2.0000e-02 lr: 1.1354e-02  eta: 1:14:10  time: 0.2680  data_time: 0.0104  memory: 11176  grad_norm: 71.5681  loss: 193.9046  loss_cls: 54.2571  loss_bbox: 80.7608  loss_dfl: 58.8867
2024/07/24 06:56:38 - mmengine - INFO - Epoch(train) [133][100/102]  base_lr: 2.0000e-02 lr: 1.1354e-02  eta: 1:13:57  time: 0.2506  data_time: 0.0010  memory: 11309  grad_norm: 71.8067  loss: 197.5703  loss_cls: 55.6850  loss_bbox: 82.3952  loss_dfl: 59.4902
2024/07/24 06:56:38 - mmengine - INFO - Exp name: remdet_l-300e_coco_20240724_055016
2024/07/24 06:56:52 - mmengine - INFO - Epoch(train) [134][ 50/102]  base_lr: 2.0000e-02 lr: 1.1288e-02  eta: 1:13:44  time: 0.2693  data_time: 0.0141  memory: 11856  grad_norm: 71.6542  loss: 195.5708  loss_cls: 55.2090  loss_bbox: 81.4186  loss_dfl: 58.9431
2024/07/24 06:57:04 - mmengine - INFO - Epoch(train) [134][100/102]  base_lr: 2.0000e-02 lr: 1.1288e-02  eta: 1:13:30  time: 0.2524  data_time: 0.0010  memory: 11769  grad_norm: 73.0168  loss: 195.4333  loss_cls: 54.8684  loss_bbox: 81.4838  loss_dfl: 59.0811
2024/07/24 06:57:05 - mmengine - INFO - Exp name: remdet_l-300e_coco_20240724_055016
2024/07/24 06:57:18 - mmengine - INFO - Epoch(train) [135][ 50/102]  base_lr: 2.0000e-02 lr: 1.1222e-02  eta: 1:13:17  time: 0.2701  data_time: 0.0129  memory: 12276  grad_norm: 71.7072  loss: 193.8975  loss_cls: 54.5263  loss_bbox: 80.9011  loss_dfl: 58.4700
2024/07/24 06:57:31 - mmengine - INFO - Epoch(train) [135][100/102]  base_lr: 2.0000e-02 lr: 1.1222e-02  eta: 1:13:03  time: 0.2473  data_time: 0.0010  memory: 11696  grad_norm: 71.6348  loss: 192.9447  loss_cls: 54.1524  loss_bbox: 80.4565  loss_dfl: 58.3358
2024/07/24 06:57:31 - mmengine - INFO - Exp name: remdet_l-300e_coco_20240724_055016
2024/07/24 06:57:44 - mmengine - INFO - Epoch(train) [136][ 50/102]  base_lr: 2.0000e-02 lr: 1.1156e-02  eta: 1:12:50  time: 0.2697  data_time: 0.0111  memory: 11942  grad_norm: 71.3908  loss: 195.1175  loss_cls: 54.9627  loss_bbox: 80.9720  loss_dfl: 59.1828
2024/07/24 06:57:57 - mmengine - INFO - Epoch(train) [136][100/102]  base_lr: 2.0000e-02 lr: 1.1156e-02  eta: 1:12:36  time: 0.2462  data_time: 0.0010  memory: 11776  grad_norm: 72.7152  loss: 197.6211  loss_cls: 55.9161  loss_bbox: 81.5629  loss_dfl: 60.1422
2024/07/24 06:57:57 - mmengine - INFO - Exp name: remdet_l-300e_coco_20240724_055016
2024/07/24 06:58:11 - mmengine - INFO - Epoch(train) [137][ 50/102]  base_lr: 2.0000e-02 lr: 1.1090e-02  eta: 1:12:23  time: 0.2709  data_time: 0.0127  memory: 11509  grad_norm: 71.4854  loss: 194.9397  loss_cls: 55.0217  loss_bbox: 80.6812  loss_dfl: 59.2369
2024/07/24 06:58:23 - mmengine - INFO - Epoch(train) [137][100/102]  base_lr: 2.0000e-02 lr: 1.1090e-02  eta: 1:12:09  time: 0.2470  data_time: 0.0010  memory: 12422  grad_norm: 73.1600  loss: 198.6569  loss_cls: 56.2085  loss_bbox: 83.5881  loss_dfl: 58.8602
2024/07/24 06:58:23 - mmengine - INFO - Exp name: remdet_l-300e_coco_20240724_055016
2024/07/24 06:58:31 - mmengine - INFO - Exp name: remdet_l-300e_coco_20240724_055016
2024/07/24 06:58:37 - mmengine - INFO - Epoch(train) [138][ 50/102]  base_lr: 2.0000e-02 lr: 1.1024e-02  eta: 1:11:56  time: 0.2659  data_time: 0.0107  memory: 11989  grad_norm: 72.9784  loss: 190.4759  loss_cls: 52.9470  loss_bbox: 79.3043  loss_dfl: 58.2245
2024/07/24 06:58:49 - mmengine - INFO - Epoch(train) [138][100/102]  base_lr: 2.0000e-02 lr: 1.1024e-02  eta: 1:11:42  time: 0.2475  data_time: 0.0010  memory: 12369  grad_norm: 74.3388  loss: 192.8733  loss_cls: 53.3701  loss_bbox: 80.7269  loss_dfl: 58.7762
2024/07/24 06:58:49 - mmengine - INFO - Exp name: remdet_l-300e_coco_20240724_055016
2024/07/24 06:59:03 - mmengine - INFO - Epoch(train) [139][ 50/102]  base_lr: 2.0000e-02 lr: 1.0958e-02  eta: 1:11:29  time: 0.2677  data_time: 0.0132  memory: 12596  grad_norm: 73.4561  loss: 196.9846  loss_cls: 55.7669  loss_bbox: 82.0656  loss_dfl: 59.1521
2024/07/24 06:59:15 - mmengine - INFO - Epoch(train) [139][100/102]  base_lr: 2.0000e-02 lr: 1.0958e-02  eta: 1:11:15  time: 0.2483  data_time: 0.0010  memory: 12209  grad_norm: 71.8484  loss: 196.2991  loss_cls: 55.1302  loss_bbox: 82.0695  loss_dfl: 59.0994
2024/07/24 06:59:16 - mmengine - INFO - Exp name: remdet_l-300e_coco_20240724_055016
2024/07/24 06:59:29 - mmengine - INFO - Epoch(train) [140][ 50/102]  base_lr: 2.0000e-02 lr: 1.0892e-02  eta: 1:11:02  time: 0.2761  data_time: 0.0104  memory: 11769  grad_norm: 72.5058  loss: 192.3001  loss_cls: 54.1143  loss_bbox: 80.1092  loss_dfl: 58.0766
2024/07/24 06:59:42 - mmengine - INFO - Epoch(train) [140][100/102]  base_lr: 2.0000e-02 lr: 1.0892e-02  eta: 1:10:49  time: 0.2515  data_time: 0.0010  memory: 12376  grad_norm: 73.4880  loss: 195.8305  loss_cls: 54.8564  loss_bbox: 82.3725  loss_dfl: 58.6016
2024/07/24 06:59:42 - mmengine - INFO - Exp name: remdet_l-300e_coco_20240724_055016
2024/07/24 06:59:42 - mmengine - INFO - Saving checkpoint at 140 epochs
2024/07/24 06:59:47 - mmengine - INFO - Evaluating bbox...
2024/07/24 07:00:11 - mmengine - INFO - bbox_mAP_copypaste: 0.282 0.461 0.290 0.175 0.423 0.552
2024/07/24 07:00:11 - mmengine - INFO - Epoch(val) [140][9/9]    coco/bbox_mAP: 0.2820  coco/bbox_mAP_50: 0.4610  coco/bbox_mAP_75: 0.2900  coco/bbox_mAP_s: 0.1750  coco/bbox_mAP_m: 0.4230  coco/bbox_mAP_l: 0.5520  data_time: 0.0276  time: 0.1004
2024/07/24 07:00:11 - mmengine - INFO - The previous best checkpoint /mnt/exam_log/0723_remdet/remdet_series/visdrone/remdet_l/best_coco_bbox_mAP_epoch_130.pth is removed
2024/07/24 07:00:13 - mmengine - INFO - The best checkpoint with 0.2820 coco/bbox_mAP at 140 epoch is saved to best_coco_bbox_mAP_epoch_140.pth.
2024/07/24 07:00:28 - mmengine - INFO - Epoch(train) [141][ 50/102]  base_lr: 2.0000e-02 lr: 1.0826e-02  eta: 1:10:35  time: 0.2639  data_time: 0.0123  memory: 12282  grad_norm: 72.9880  loss: 196.3634  loss_cls: 55.9787  loss_bbox: 81.5936  loss_dfl: 58.7910
2024/07/24 07:00:41 - mmengine - INFO - Epoch(train) [141][100/102]  base_lr: 2.0000e-02 lr: 1.0826e-02  eta: 1:10:22  time: 0.2487  data_time: 0.0010  memory: 12149  grad_norm: 72.8538  loss: 191.2368  loss_cls: 52.3661  loss_bbox: 79.8092  loss_dfl: 59.0615
2024/07/24 07:00:41 - mmengine - INFO - Exp name: remdet_l-300e_coco_20240724_055016
2024/07/24 07:00:54 - mmengine - INFO - Epoch(train) [142][ 50/102]  base_lr: 2.0000e-02 lr: 1.0760e-02  eta: 1:10:08  time: 0.2703  data_time: 0.0134  memory: 12209  grad_norm: 74.7495  loss: 193.2700  loss_cls: 54.2759  loss_bbox: 80.5684  loss_dfl: 58.4256
2024/07/24 07:01:07 - mmengine - INFO - Epoch(train) [142][100/102]  base_lr: 2.0000e-02 lr: 1.0760e-02  eta: 1:09:55  time: 0.2484  data_time: 0.0010  memory: 13409  grad_norm: 73.4550  loss: 195.4619  loss_cls: 54.9577  loss_bbox: 81.6429  loss_dfl: 58.8614
2024/07/24 07:01:07 - mmengine - INFO - Exp name: remdet_l-300e_coco_20240724_055016
2024/07/24 07:01:21 - mmengine - INFO - Epoch(train) [143][ 50/102]  base_lr: 2.0000e-02 lr: 1.0694e-02  eta: 1:09:41  time: 0.2666  data_time: 0.0143  memory: 12123  grad_norm: 73.6912  loss: 189.6999  loss_cls: 52.6940  loss_bbox: 78.5421  loss_dfl: 58.4638
2024/07/24 07:01:33 - mmengine - INFO - Epoch(train) [143][100/102]  base_lr: 2.0000e-02 lr: 1.0694e-02  eta: 1:09:28  time: 0.2467  data_time: 0.0010  memory: 12242  grad_norm: 73.3733  loss: 195.6196  loss_cls: 54.8063  loss_bbox: 82.2088  loss_dfl: 58.6045
2024/07/24 07:01:33 - mmengine - INFO - Exp name: remdet_l-300e_coco_20240724_055016
2024/07/24 07:01:47 - mmengine - INFO - Epoch(train) [144][ 50/102]  base_lr: 2.0000e-02 lr: 1.0628e-02  eta: 1:09:14  time: 0.2687  data_time: 0.0125  memory: 11889  grad_norm: 73.7676  loss: 193.6187  loss_cls: 53.8899  loss_bbox: 81.1313  loss_dfl: 58.5975
2024/07/24 07:01:59 - mmengine - INFO - Epoch(train) [144][100/102]  base_lr: 2.0000e-02 lr: 1.0628e-02  eta: 1:09:01  time: 0.2485  data_time: 0.0010  memory: 12749  grad_norm: 74.7796  loss: 191.9389  loss_cls: 54.0388  loss_bbox: 79.6159  loss_dfl: 58.2842
2024/07/24 07:02:00 - mmengine - INFO - Exp name: remdet_l-300e_coco_20240724_055016
2024/07/24 07:02:13 - mmengine - INFO - Epoch(train) [145][ 50/102]  base_lr: 2.0000e-02 lr: 1.0562e-02  eta: 1:08:48  time: 0.2691  data_time: 0.0144  memory: 11589  grad_norm: 73.1322  loss: 190.6688  loss_cls: 52.9663  loss_bbox: 78.9703  loss_dfl: 58.7323
2024/07/24 07:02:26 - mmengine - INFO - Epoch(train) [145][100/102]  base_lr: 2.0000e-02 lr: 1.0562e-02  eta: 1:08:34  time: 0.2558  data_time: 0.0010  memory: 12556  grad_norm: 74.6805  loss: 194.9145  loss_cls: 53.9819  loss_bbox: 82.0139  loss_dfl: 58.9187
2024/07/24 07:02:26 - mmengine - INFO - Exp name: remdet_l-300e_coco_20240724_055016
2024/07/24 07:02:40 - mmengine - INFO - Epoch(train) [146][ 50/102]  base_lr: 2.0000e-02 lr: 1.0496e-02  eta: 1:08:21  time: 0.2687  data_time: 0.0102  memory: 11382  grad_norm: 73.7180  loss: 193.3427  loss_cls: 54.0042  loss_bbox: 80.0409  loss_dfl: 59.2975
2024/07/24 07:02:52 - mmengine - INFO - Epoch(train) [146][100/102]  base_lr: 2.0000e-02 lr: 1.0496e-02  eta: 1:08:08  time: 0.2547  data_time: 0.0010  memory: 13222  grad_norm: 73.3746  loss: 196.1094  loss_cls: 54.8117  loss_bbox: 82.0856  loss_dfl: 59.2121
2024/07/24 07:02:53 - mmengine - INFO - Exp name: remdet_l-300e_coco_20240724_055016
2024/07/24 07:03:06 - mmengine - INFO - Epoch(train) [147][ 50/102]  base_lr: 2.0000e-02 lr: 1.0430e-02  eta: 1:07:55  time: 0.2689  data_time: 0.0106  memory: 12069  grad_norm: 76.1128  loss: 192.8074  loss_cls: 53.9500  loss_bbox: 80.3324  loss_dfl: 58.5250
2024/07/24 07:03:19 - mmengine - INFO - Epoch(train) [147][100/102]  base_lr: 2.0000e-02 lr: 1.0430e-02  eta: 1:07:41  time: 0.2490  data_time: 0.0010  memory: 12942  grad_norm: 76.3921  loss: 195.5586  loss_cls: 54.9671  loss_bbox: 81.1383  loss_dfl: 59.4532
2024/07/24 07:03:19 - mmengine - INFO - Exp name: remdet_l-300e_coco_20240724_055016
2024/07/24 07:03:22 - mmengine - INFO - Exp name: remdet_l-300e_coco_20240724_055016
2024/07/24 07:03:33 - mmengine - INFO - Epoch(train) [148][ 50/102]  base_lr: 2.0000e-02 lr: 1.0364e-02  eta: 1:07:28  time: 0.2655  data_time: 0.0125  memory: 11396  grad_norm: 74.1668  loss: 195.1924  loss_cls: 54.3942  loss_bbox: 81.8063  loss_dfl: 58.9919
2024/07/24 07:03:45 - mmengine - INFO - Epoch(train) [148][100/102]  base_lr: 2.0000e-02 lr: 1.0364e-02  eta: 1:07:14  time: 0.2481  data_time: 0.0010  memory: 12909  grad_norm: 73.5422  loss: 194.9195  loss_cls: 54.2138  loss_bbox: 82.0176  loss_dfl: 58.6881
2024/07/24 07:03:45 - mmengine - INFO - Exp name: remdet_l-300e_coco_20240724_055016
2024/07/24 07:03:59 - mmengine - INFO - Epoch(train) [149][ 50/102]  base_lr: 2.0000e-02 lr: 1.0298e-02  eta: 1:07:01  time: 0.2652  data_time: 0.0151  memory: 11462  grad_norm: 76.8225  loss: 190.8366  loss_cls: 52.7250  loss_bbox: 79.1197  loss_dfl: 58.9918
2024/07/24 07:04:11 - mmengine - INFO - Epoch(train) [149][100/102]  base_lr: 2.0000e-02 lr: 1.0298e-02  eta: 1:06:47  time: 0.2498  data_time: 0.0010  memory: 12709  grad_norm: 75.0659  loss: 195.7914  loss_cls: 54.8423  loss_bbox: 81.7690  loss_dfl: 59.1801
2024/07/24 07:04:12 - mmengine - INFO - Exp name: remdet_l-300e_coco_20240724_055016
2024/07/24 07:04:25 - mmengine - INFO - Epoch(train) [150][ 50/102]  base_lr: 2.0000e-02 lr: 1.0232e-02  eta: 1:06:34  time: 0.2684  data_time: 0.0147  memory: 12076  grad_norm: 73.9635  loss: 187.9501  loss_cls: 51.3613  loss_bbox: 77.8975  loss_dfl: 58.6913
2024/07/24 07:04:38 - mmengine - INFO - Epoch(train) [150][100/102]  base_lr: 2.0000e-02 lr: 1.0232e-02  eta: 1:06:20  time: 0.2518  data_time: 0.0011  memory: 11809  grad_norm: 75.0808  loss: 194.1773  loss_cls: 54.2650  loss_bbox: 81.2325  loss_dfl: 58.6798
2024/07/24 07:04:38 - mmengine - INFO - Exp name: remdet_l-300e_coco_20240724_055016
2024/07/24 07:04:38 - mmengine - INFO - Saving checkpoint at 150 epochs
2024/07/24 07:04:42 - mmengine - INFO - Evaluating bbox...
2024/07/24 07:05:07 - mmengine - INFO - bbox_mAP_copypaste: 0.285 0.464 0.294 0.177 0.427 0.548
2024/07/24 07:05:07 - mmengine - INFO - Epoch(val) [150][9/9]    coco/bbox_mAP: 0.2850  coco/bbox_mAP_50: 0.4640  coco/bbox_mAP_75: 0.2940  coco/bbox_mAP_s: 0.1770  coco/bbox_mAP_m: 0.4270  coco/bbox_mAP_l: 0.5480  data_time: 0.0217  time: 0.0946
2024/07/24 07:05:07 - mmengine - INFO - The previous best checkpoint /mnt/exam_log/0723_remdet/remdet_series/visdrone/remdet_l/best_coco_bbox_mAP_epoch_140.pth is removed
2024/07/24 07:05:09 - mmengine - INFO - The best checkpoint with 0.2850 coco/bbox_mAP at 150 epoch is saved to best_coco_bbox_mAP_epoch_150.pth.
2024/07/24 07:05:24 - mmengine - INFO - Epoch(train) [151][ 50/102]  base_lr: 2.0000e-02 lr: 1.0166e-02  eta: 1:06:07  time: 0.2673  data_time: 0.0136  memory: 12362  grad_norm: 74.2940  loss: 193.5282  loss_cls: 53.6044  loss_bbox: 80.5685  loss_dfl: 59.3552
2024/07/24 07:05:36 - mmengine - INFO - Epoch(train) [151][100/102]  base_lr: 2.0000e-02 lr: 1.0166e-02  eta: 1:05:54  time: 0.2481  data_time: 0.0010  memory: 11282  grad_norm: 75.1642  loss: 191.2842  loss_cls: 52.7324  loss_bbox: 79.8738  loss_dfl: 58.6780
2024/07/24 07:05:37 - mmengine - INFO - Exp name: remdet_l-300e_coco_20240724_055016
2024/07/24 07:05:50 - mmengine - INFO - Epoch(train) [152][ 50/102]  base_lr: 2.0000e-02 lr: 1.0100e-02  eta: 1:05:40  time: 0.2717  data_time: 0.0099  memory: 11862  grad_norm: 75.4213  loss: 192.1811  loss_cls: 53.0774  loss_bbox: 80.8527  loss_dfl: 58.2510
2024/07/24 07:06:03 - mmengine - INFO - Epoch(train) [152][100/102]  base_lr: 2.0000e-02 lr: 1.0100e-02  eta: 1:05:27  time: 0.2483  data_time: 0.0010  memory: 11436  grad_norm: 77.1544  loss: 194.6360  loss_cls: 54.3975  loss_bbox: 81.5127  loss_dfl: 58.7258
2024/07/24 07:06:03 - mmengine - INFO - Exp name: remdet_l-300e_coco_20240724_055016
2024/07/24 07:06:17 - mmengine - INFO - Epoch(train) [153][ 50/102]  base_lr: 2.0000e-02 lr: 1.0034e-02  eta: 1:05:14  time: 0.2702  data_time: 0.0117  memory: 11496  grad_norm: 76.4104  loss: 191.4043  loss_cls: 53.2402  loss_bbox: 79.8011  loss_dfl: 58.3630
2024/07/24 07:06:29 - mmengine - INFO - Epoch(train) [153][100/102]  base_lr: 2.0000e-02 lr: 1.0034e-02  eta: 1:05:00  time: 0.2519  data_time: 0.0010  memory: 11942  grad_norm: 73.9527  loss: 187.3659  loss_cls: 51.3996  loss_bbox: 77.5269  loss_dfl: 58.4394
2024/07/24 07:06:30 - mmengine - INFO - Exp name: remdet_l-300e_coco_20240724_055016
2024/07/24 07:06:43 - mmengine - INFO - Epoch(train) [154][ 50/102]  base_lr: 2.0000e-02 lr: 9.9680e-03  eta: 1:04:47  time: 0.2704  data_time: 0.0132  memory: 11356  grad_norm: 76.7393  loss: 189.3077  loss_cls: 52.7903  loss_bbox: 78.0386  loss_dfl: 58.4788
2024/07/24 07:06:55 - mmengine - INFO - Epoch(train) [154][100/102]  base_lr: 2.0000e-02 lr: 9.9680e-03  eta: 1:04:33  time: 0.2469  data_time: 0.0010  memory: 11696  grad_norm: 76.5562  loss: 190.6319  loss_cls: 52.5319  loss_bbox: 79.6081  loss_dfl: 58.4919
2024/07/24 07:06:56 - mmengine - INFO - Exp name: remdet_l-300e_coco_20240724_055016
2024/07/24 07:07:09 - mmengine - INFO - Epoch(train) [155][ 50/102]  base_lr: 2.0000e-02 lr: 9.9020e-03  eta: 1:04:20  time: 0.2687  data_time: 0.0097  memory: 12576  grad_norm: 76.7959  loss: 194.2296  loss_cls: 54.3867  loss_bbox: 81.3698  loss_dfl: 58.4731
2024/07/24 07:07:22 - mmengine - INFO - Epoch(train) [155][100/102]  base_lr: 2.0000e-02 lr: 9.9020e-03  eta: 1:04:07  time: 0.2485  data_time: 0.0010  memory: 13269  grad_norm: 76.6496  loss: 191.1705  loss_cls: 52.8903  loss_bbox: 79.9582  loss_dfl: 58.3221
2024/07/24 07:07:22 - mmengine - INFO - Exp name: remdet_l-300e_coco_20240724_055016
2024/07/24 07:07:36 - mmengine - INFO - Epoch(train) [156][ 50/102]  base_lr: 2.0000e-02 lr: 9.8360e-03  eta: 1:03:53  time: 0.2689  data_time: 0.0119  memory: 15369  grad_norm: 76.6859  loss: 188.8627  loss_cls: 52.0423  loss_bbox: 78.8038  loss_dfl: 58.0165
2024/07/24 07:07:48 - mmengine - INFO - Epoch(train) [156][100/102]  base_lr: 2.0000e-02 lr: 9.8360e-03  eta: 1:03:40  time: 0.2509  data_time: 0.0010  memory: 11563  grad_norm: 76.7056  loss: 192.2077  loss_cls: 53.0776  loss_bbox: 80.6435  loss_dfl: 58.4866
2024/07/24 07:07:48 - mmengine - INFO - Exp name: remdet_l-300e_coco_20240724_055016
2024/07/24 07:08:02 - mmengine - INFO - Epoch(train) [157][ 50/102]  base_lr: 2.0000e-02 lr: 9.7700e-03  eta: 1:03:27  time: 0.2663  data_time: 0.0105  memory: 11869  grad_norm: 76.2830  loss: 190.0224  loss_cls: 52.7587  loss_bbox: 78.4350  loss_dfl: 58.8287
2024/07/24 07:08:11 - mmengine - INFO - Exp name: remdet_l-300e_coco_20240724_055016
2024/07/24 07:08:14 - mmengine - INFO - Epoch(train) [157][100/102]  base_lr: 2.0000e-02 lr: 9.7700e-03  eta: 1:03:13  time: 0.2484  data_time: 0.0010  memory: 11836  grad_norm: 75.1134  loss: 189.9591  loss_cls: 52.0215  loss_bbox: 79.7214  loss_dfl: 58.2161
2024/07/24 07:08:15 - mmengine - INFO - Exp name: remdet_l-300e_coco_20240724_055016
2024/07/24 07:08:28 - mmengine - INFO - Epoch(train) [158][ 50/102]  base_lr: 2.0000e-02 lr: 9.7040e-03  eta: 1:03:00  time: 0.2689  data_time: 0.0103  memory: 12189  grad_norm: 77.3253  loss: 194.4843  loss_cls: 54.2025  loss_bbox: 81.7233  loss_dfl: 58.5585
2024/07/24 07:08:40 - mmengine - INFO - Epoch(train) [158][100/102]  base_lr: 2.0000e-02 lr: 9.7040e-03  eta: 1:02:46  time: 0.2478  data_time: 0.0010  memory: 11569  grad_norm: 76.2065  loss: 190.9901  loss_cls: 53.2971  loss_bbox: 79.3011  loss_dfl: 58.3919
2024/07/24 07:08:41 - mmengine - INFO - Exp name: remdet_l-300e_coco_20240724_055016
2024/07/24 07:08:55 - mmengine - INFO - Epoch(train) [159][ 50/102]  base_lr: 2.0000e-02 lr: 9.6380e-03  eta: 1:02:33  time: 0.2736  data_time: 0.0142  memory: 13362  grad_norm: 77.2977  loss: 192.7102  loss_cls: 54.2227  loss_bbox: 79.3909  loss_dfl: 59.0966
2024/07/24 07:09:07 - mmengine - INFO - Epoch(train) [159][100/102]  base_lr: 2.0000e-02 lr: 9.6380e-03  eta: 1:02:20  time: 0.2537  data_time: 0.0010  memory: 11842  grad_norm: 78.0910  loss: 189.2773  loss_cls: 52.5105  loss_bbox: 79.0224  loss_dfl: 57.7444
2024/07/24 07:09:08 - mmengine - INFO - Exp name: remdet_l-300e_coco_20240724_055016
2024/07/24 07:09:21 - mmengine - INFO - Epoch(train) [160][ 50/102]  base_lr: 2.0000e-02 lr: 9.5720e-03  eta: 1:02:07  time: 0.2734  data_time: 0.0123  memory: 11402  grad_norm: 77.5125  loss: 192.0524  loss_cls: 53.2894  loss_bbox: 80.2991  loss_dfl: 58.4639
2024/07/24 07:09:34 - mmengine - INFO - Epoch(train) [160][100/102]  base_lr: 2.0000e-02 lr: 9.5720e-03  eta: 1:01:54  time: 0.2578  data_time: 0.0010  memory: 12582  grad_norm: 78.2001  loss: 191.9005  loss_cls: 53.3922  loss_bbox: 80.0164  loss_dfl: 58.4919
2024/07/24 07:09:35 - mmengine - INFO - Exp name: remdet_l-300e_coco_20240724_055016
2024/07/24 07:09:35 - mmengine - INFO - Saving checkpoint at 160 epochs
2024/07/24 07:09:39 - mmengine - INFO - Evaluating bbox...
2024/07/24 07:10:03 - mmengine - INFO - bbox_mAP_copypaste: 0.286 0.465 0.297 0.178 0.428 0.551
2024/07/24 07:10:03 - mmengine - INFO - Epoch(val) [160][9/9]    coco/bbox_mAP: 0.2860  coco/bbox_mAP_50: 0.4650  coco/bbox_mAP_75: 0.2970  coco/bbox_mAP_s: 0.1780  coco/bbox_mAP_m: 0.4280  coco/bbox_mAP_l: 0.5510  data_time: 0.0212  time: 0.0939
2024/07/24 07:10:03 - mmengine - INFO - The previous best checkpoint /mnt/exam_log/0723_remdet/remdet_series/visdrone/remdet_l/best_coco_bbox_mAP_epoch_150.pth is removed
2024/07/24 07:10:05 - mmengine - INFO - The best checkpoint with 0.2860 coco/bbox_mAP at 160 epoch is saved to best_coco_bbox_mAP_epoch_160.pth.
2024/07/24 07:10:20 - mmengine - INFO - Epoch(train) [161][ 50/102]  base_lr: 2.0000e-02 lr: 9.5060e-03  eta: 1:01:40  time: 0.2652  data_time: 0.0103  memory: 12042  grad_norm: 78.5132  loss: 188.8781  loss_cls: 51.8076  loss_bbox: 78.6304  loss_dfl: 58.4401
2024/07/24 07:10:33 - mmengine - INFO - Epoch(train) [161][100/102]  base_lr: 2.0000e-02 lr: 9.5060e-03  eta: 1:01:27  time: 0.2571  data_time: 0.0011  memory: 11642  grad_norm: 77.5021  loss: 191.4239  loss_cls: 53.4649  loss_bbox: 79.9647  loss_dfl: 57.9943
2024/07/24 07:10:33 - mmengine - INFO - Exp name: remdet_l-300e_coco_20240724_055016
2024/07/24 07:10:47 - mmengine - INFO - Epoch(train) [162][ 50/102]  base_lr: 2.0000e-02 lr: 9.4400e-03  eta: 1:01:14  time: 0.2738  data_time: 0.0112  memory: 12976  grad_norm: 77.4160  loss: 186.8412  loss_cls: 51.6369  loss_bbox: 76.6483  loss_dfl: 58.5560
2024/07/24 07:11:00 - mmengine - INFO - Epoch(train) [162][100/102]  base_lr: 2.0000e-02 lr: 9.4400e-03  eta: 1:01:01  time: 0.2498  data_time: 0.0011  memory: 11462  grad_norm: 80.2782  loss: 192.2317  loss_cls: 52.9168  loss_bbox: 80.7198  loss_dfl: 58.5952
2024/07/24 07:11:00 - mmengine - INFO - Exp name: remdet_l-300e_coco_20240724_055016
2024/07/24 07:11:14 - mmengine - INFO - Epoch(train) [163][ 50/102]  base_lr: 2.0000e-02 lr: 9.3740e-03  eta: 1:00:48  time: 0.2729  data_time: 0.0134  memory: 12156  grad_norm: 78.0898  loss: 189.1994  loss_cls: 51.8761  loss_bbox: 78.8311  loss_dfl: 58.4922
2024/07/24 07:11:26 - mmengine - INFO - Epoch(train) [163][100/102]  base_lr: 2.0000e-02 lr: 9.3740e-03  eta: 1:00:34  time: 0.2528  data_time: 0.0010  memory: 11822  grad_norm: 76.6384  loss: 186.5327  loss_cls: 50.7682  loss_bbox: 77.3786  loss_dfl: 58.3859
2024/07/24 07:11:27 - mmengine - INFO - Exp name: remdet_l-300e_coco_20240724_055016
2024/07/24 07:11:40 - mmengine - INFO - Epoch(train) [164][ 50/102]  base_lr: 2.0000e-02 lr: 9.3080e-03  eta: 1:00:21  time: 0.2729  data_time: 0.0146  memory: 11782  grad_norm: 78.1043  loss: 189.8028  loss_cls: 51.8128  loss_bbox: 79.7521  loss_dfl: 58.2379
2024/07/24 07:11:53 - mmengine - INFO - Epoch(train) [164][100/102]  base_lr: 2.0000e-02 lr: 9.3080e-03  eta: 1:00:08  time: 0.2506  data_time: 0.0010  memory: 12262  grad_norm: 78.0400  loss: 187.9882  loss_cls: 51.3574  loss_bbox: 78.5750  loss_dfl: 58.0559
2024/07/24 07:11:53 - mmengine - INFO - Exp name: remdet_l-300e_coco_20240724_055016
2024/07/24 07:12:07 - mmengine - INFO - Epoch(train) [165][ 50/102]  base_lr: 2.0000e-02 lr: 9.2420e-03  eta: 0:59:55  time: 0.2701  data_time: 0.0106  memory: 11982  grad_norm: 78.4170  loss: 189.7928  loss_cls: 51.9206  loss_bbox: 79.2193  loss_dfl: 58.6529
2024/07/24 07:12:19 - mmengine - INFO - Epoch(train) [165][100/102]  base_lr: 2.0000e-02 lr: 9.2420e-03  eta: 0:59:41  time: 0.2483  data_time: 0.0010  memory: 12022  grad_norm: 78.6462  loss: 190.2876  loss_cls: 52.2797  loss_bbox: 79.0286  loss_dfl: 58.9793
2024/07/24 07:12:19 - mmengine - INFO - Exp name: remdet_l-300e_coco_20240724_055016
2024/07/24 07:12:33 - mmengine - INFO - Epoch(train) [166][ 50/102]  base_lr: 2.0000e-02 lr: 9.1760e-03  eta: 0:59:28  time: 0.2670  data_time: 0.0137  memory: 11336  grad_norm: 78.3745  loss: 188.1377  loss_cls: 51.4938  loss_bbox: 77.8370  loss_dfl: 58.8069
2024/07/24 07:12:45 - mmengine - INFO - Epoch(train) [166][100/102]  base_lr: 2.0000e-02 lr: 9.1760e-03  eta: 0:59:14  time: 0.2466  data_time: 0.0010  memory: 11669  grad_norm: 79.2900  loss: 190.2013  loss_cls: 52.1479  loss_bbox: 79.4982  loss_dfl: 58.5552
2024/07/24 07:12:46 - mmengine - INFO - Exp name: remdet_l-300e_coco_20240724_055016
2024/07/24 07:12:59 - mmengine - INFO - Epoch(train) [167][ 50/102]  base_lr: 2.0000e-02 lr: 9.1100e-03  eta: 0:59:01  time: 0.2673  data_time: 0.0136  memory: 12009  grad_norm: 80.1187  loss: 190.9309  loss_cls: 52.8063  loss_bbox: 79.3022  loss_dfl: 58.8225
2024/07/24 07:13:03 - mmengine - INFO - Exp name: remdet_l-300e_coco_20240724_055016
2024/07/24 07:13:11 - mmengine - INFO - Epoch(train) [167][100/102]  base_lr: 2.0000e-02 lr: 9.1100e-03  eta: 0:58:47  time: 0.2505  data_time: 0.0010  memory: 12176  grad_norm: 80.1053  loss: 188.1054  loss_cls: 52.1559  loss_bbox: 78.2583  loss_dfl: 57.6912
2024/07/24 07:13:12 - mmengine - INFO - Exp name: remdet_l-300e_coco_20240724_055016
2024/07/24 07:13:25 - mmengine - INFO - Epoch(train) [168][ 50/102]  base_lr: 2.0000e-02 lr: 9.0440e-03  eta: 0:58:34  time: 0.2727  data_time: 0.0141  memory: 11962  grad_norm: 79.1242  loss: 189.8144  loss_cls: 52.5895  loss_bbox: 79.2422  loss_dfl: 57.9827
2024/07/24 07:13:38 - mmengine - INFO - Epoch(train) [168][100/102]  base_lr: 2.0000e-02 lr: 9.0440e-03  eta: 0:58:21  time: 0.2502  data_time: 0.0010  memory: 11416  grad_norm: 79.8343  loss: 191.3486  loss_cls: 52.7439  loss_bbox: 79.9845  loss_dfl: 58.6203
2024/07/24 07:13:38 - mmengine - INFO - Exp name: remdet_l-300e_coco_20240724_055016
2024/07/24 07:13:52 - mmengine - INFO - Epoch(train) [169][ 50/102]  base_lr: 2.0000e-02 lr: 8.9780e-03  eta: 0:58:08  time: 0.2680  data_time: 0.0113  memory: 11642  grad_norm: 78.2276  loss: 187.2038  loss_cls: 50.9597  loss_bbox: 78.8061  loss_dfl: 57.4379
2024/07/24 07:14:04 - mmengine - INFO - Epoch(train) [169][100/102]  base_lr: 2.0000e-02 lr: 8.9780e-03  eta: 0:57:54  time: 0.2494  data_time: 0.0010  memory: 11749  grad_norm: 79.2346  loss: 193.3964  loss_cls: 53.5007  loss_bbox: 81.0332  loss_dfl: 58.8625
2024/07/24 07:14:05 - mmengine - INFO - Exp name: remdet_l-300e_coco_20240724_055016
2024/07/24 07:14:18 - mmengine - INFO - Epoch(train) [170][ 50/102]  base_lr: 2.0000e-02 lr: 8.9120e-03  eta: 0:57:41  time: 0.2688  data_time: 0.0134  memory: 12082  grad_norm: 79.4257  loss: 187.0881  loss_cls: 50.9677  loss_bbox: 78.0291  loss_dfl: 58.0913
2024/07/24 07:14:31 - mmengine - INFO - Epoch(train) [170][100/102]  base_lr: 2.0000e-02 lr: 8.9120e-03  eta: 0:57:28  time: 0.2534  data_time: 0.0010  memory: 12089  grad_norm: 78.1911  loss: 189.1261  loss_cls: 52.3294  loss_bbox: 78.6627  loss_dfl: 58.1340
2024/07/24 07:14:31 - mmengine - INFO - Exp name: remdet_l-300e_coco_20240724_055016
2024/07/24 07:14:31 - mmengine - INFO - Saving checkpoint at 170 epochs
2024/07/24 07:14:35 - mmengine - INFO - Evaluating bbox...
2024/07/24 07:15:00 - mmengine - INFO - bbox_mAP_copypaste: 0.287 0.467 0.297 0.179 0.429 0.552
2024/07/24 07:15:00 - mmengine - INFO - Epoch(val) [170][9/9]    coco/bbox_mAP: 0.2870  coco/bbox_mAP_50: 0.4670  coco/bbox_mAP_75: 0.2970  coco/bbox_mAP_s: 0.1790  coco/bbox_mAP_m: 0.4290  coco/bbox_mAP_l: 0.5520  data_time: 0.0164  time: 0.0890
2024/07/24 07:15:00 - mmengine - INFO - The previous best checkpoint /mnt/exam_log/0723_remdet/remdet_series/visdrone/remdet_l/best_coco_bbox_mAP_epoch_160.pth is removed
2024/07/24 07:15:02 - mmengine - INFO - The best checkpoint with 0.2870 coco/bbox_mAP at 170 epoch is saved to best_coco_bbox_mAP_epoch_170.pth.
2024/07/24 07:15:17 - mmengine - INFO - Epoch(train) [171][ 50/102]  base_lr: 2.0000e-02 lr: 8.8460e-03  eta: 0:57:14  time: 0.2641  data_time: 0.0129  memory: 11616  grad_norm: 80.3275  loss: 186.4278  loss_cls: 50.9553  loss_bbox: 77.1058  loss_dfl: 58.3667
2024/07/24 07:15:29 - mmengine - INFO - Epoch(train) [171][100/102]  base_lr: 2.0000e-02 lr: 8.8460e-03  eta: 0:57:01  time: 0.2503  data_time: 0.0010  memory: 11809  grad_norm: 79.8746  loss: 187.7507  loss_cls: 51.6667  loss_bbox: 78.3474  loss_dfl: 57.7366
2024/07/24 07:15:30 - mmengine - INFO - Exp name: remdet_l-300e_coco_20240724_055016
2024/07/24 07:15:43 - mmengine - INFO - Epoch(train) [172][ 50/102]  base_lr: 2.0000e-02 lr: 8.7800e-03  eta: 0:56:48  time: 0.2718  data_time: 0.0121  memory: 12636  grad_norm: 78.1297  loss: 187.7276  loss_cls: 50.7241  loss_bbox: 78.8663  loss_dfl: 58.1372
2024/07/24 07:15:56 - mmengine - INFO - Epoch(train) [172][100/102]  base_lr: 2.0000e-02 lr: 8.7800e-03  eta: 0:56:34  time: 0.2472  data_time: 0.0010  memory: 11469  grad_norm: 81.1914  loss: 186.1356  loss_cls: 50.9370  loss_bbox: 77.2298  loss_dfl: 57.9688
2024/07/24 07:15:56 - mmengine - INFO - Exp name: remdet_l-300e_coco_20240724_055016
2024/07/24 07:16:10 - mmengine - INFO - Epoch(train) [173][ 50/102]  base_lr: 2.0000e-02 lr: 8.7140e-03  eta: 0:56:21  time: 0.2789  data_time: 0.0104  memory: 13649  grad_norm: 81.3835  loss: 192.6323  loss_cls: 52.9712  loss_bbox: 80.5140  loss_dfl: 59.1471
2024/07/24 07:16:22 - mmengine - INFO - Epoch(train) [173][100/102]  base_lr: 2.0000e-02 lr: 8.7140e-03  eta: 0:56:08  time: 0.2472  data_time: 0.0010  memory: 12096  grad_norm: 80.0634  loss: 189.4567  loss_cls: 52.7126  loss_bbox: 78.9529  loss_dfl: 57.7913
2024/07/24 07:16:23 - mmengine - INFO - Exp name: remdet_l-300e_coco_20240724_055016
2024/07/24 07:16:36 - mmengine - INFO - Epoch(train) [174][ 50/102]  base_lr: 2.0000e-02 lr: 8.6480e-03  eta: 0:55:55  time: 0.2773  data_time: 0.0113  memory: 11689  grad_norm: 81.4084  loss: 190.3461  loss_cls: 52.6626  loss_bbox: 79.2040  loss_dfl: 58.4795
2024/07/24 07:16:49 - mmengine - INFO - Epoch(train) [174][100/102]  base_lr: 2.0000e-02 lr: 8.6480e-03  eta: 0:55:42  time: 0.2545  data_time: 0.0010  memory: 11456  grad_norm: 80.4237  loss: 190.3399  loss_cls: 52.0999  loss_bbox: 79.9441  loss_dfl: 58.2959
2024/07/24 07:16:50 - mmengine - INFO - Exp name: remdet_l-300e_coco_20240724_055016
2024/07/24 07:17:03 - mmengine - INFO - Epoch(train) [175][ 50/102]  base_lr: 2.0000e-02 lr: 8.5820e-03  eta: 0:55:28  time: 0.2726  data_time: 0.0153  memory: 11936  grad_norm: 82.1953  loss: 187.3976  loss_cls: 51.1904  loss_bbox: 78.1011  loss_dfl: 58.1061
2024/07/24 07:17:16 - mmengine - INFO - Epoch(train) [175][100/102]  base_lr: 2.0000e-02 lr: 8.5820e-03  eta: 0:55:15  time: 0.2552  data_time: 0.0010  memory: 11242  grad_norm: 82.4067  loss: 188.2721  loss_cls: 51.1774  loss_bbox: 78.7146  loss_dfl: 58.3802
2024/07/24 07:17:16 - mmengine - INFO - Exp name: remdet_l-300e_coco_20240724_055016
2024/07/24 07:17:30 - mmengine - INFO - Epoch(train) [176][ 50/102]  base_lr: 2.0000e-02 lr: 8.5160e-03  eta: 0:55:02  time: 0.2756  data_time: 0.0140  memory: 11696  grad_norm: 80.0867  loss: 185.8115  loss_cls: 50.3340  loss_bbox: 77.6430  loss_dfl: 57.8344
2024/07/24 07:17:42 - mmengine - INFO - Epoch(train) [176][100/102]  base_lr: 2.0000e-02 lr: 8.5160e-03  eta: 0:54:49  time: 0.2463  data_time: 0.0010  memory: 11989  grad_norm: 80.6461  loss: 188.8935  loss_cls: 51.7129  loss_bbox: 78.4304  loss_dfl: 58.7502
2024/07/24 07:17:43 - mmengine - INFO - Exp name: remdet_l-300e_coco_20240724_055016
2024/07/24 07:17:56 - mmengine - INFO - Exp name: remdet_l-300e_coco_20240724_055016
2024/07/24 07:17:56 - mmengine - INFO - Epoch(train) [177][ 50/102]  base_lr: 2.0000e-02 lr: 8.4500e-03  eta: 0:54:35  time: 0.2674  data_time: 0.0105  memory: 12796  grad_norm: 82.2281  loss: 187.3787  loss_cls: 50.6819  loss_bbox: 78.3245  loss_dfl: 58.3723
2024/07/24 07:18:09 - mmengine - INFO - Epoch(train) [177][100/102]  base_lr: 2.0000e-02 lr: 8.4500e-03  eta: 0:54:22  time: 0.2460  data_time: 0.0010  memory: 11696  grad_norm: 83.4235  loss: 188.0284  loss_cls: 51.2291  loss_bbox: 78.6214  loss_dfl: 58.1780
2024/07/24 07:18:09 - mmengine - INFO - Exp name: remdet_l-300e_coco_20240724_055016
2024/07/24 07:18:23 - mmengine - INFO - Epoch(train) [178][ 50/102]  base_lr: 2.0000e-02 lr: 8.3840e-03  eta: 0:54:09  time: 0.2760  data_time: 0.0133  memory: 11749  grad_norm: 81.4694  loss: 189.0279  loss_cls: 51.8465  loss_bbox: 78.9569  loss_dfl: 58.2244
2024/07/24 07:18:35 - mmengine - INFO - Epoch(train) [178][100/102]  base_lr: 2.0000e-02 lr: 8.3840e-03  eta: 0:53:55  time: 0.2482  data_time: 0.0010  memory: 11502  grad_norm: 81.1215  loss: 189.7798  loss_cls: 52.5216  loss_bbox: 78.6570  loss_dfl: 58.6013
2024/07/24 07:18:35 - mmengine - INFO - Exp name: remdet_l-300e_coco_20240724_055016
2024/07/24 07:18:49 - mmengine - INFO - Epoch(train) [179][ 50/102]  base_lr: 2.0000e-02 lr: 8.3180e-03  eta: 0:53:42  time: 0.2690  data_time: 0.0155  memory: 11676  grad_norm: 82.1463  loss: 190.7777  loss_cls: 51.5516  loss_bbox: 81.1552  loss_dfl: 58.0708
2024/07/24 07:19:01 - mmengine - INFO - Epoch(train) [179][100/102]  base_lr: 2.0000e-02 lr: 8.3180e-03  eta: 0:53:29  time: 0.2478  data_time: 0.0010  memory: 11676  grad_norm: 82.8142  loss: 186.9010  loss_cls: 50.9944  loss_bbox: 77.6963  loss_dfl: 58.2103
2024/07/24 07:19:02 - mmengine - INFO - Exp name: remdet_l-300e_coco_20240724_055016
2024/07/24 07:19:15 - mmengine - INFO - Epoch(train) [180][ 50/102]  base_lr: 2.0000e-02 lr: 8.2520e-03  eta: 0:53:15  time: 0.2697  data_time: 0.0124  memory: 14309  grad_norm: 83.1711  loss: 188.5694  loss_cls: 51.2265  loss_bbox: 79.4512  loss_dfl: 57.8917
2024/07/24 07:19:28 - mmengine - INFO - Epoch(train) [180][100/102]  base_lr: 2.0000e-02 lr: 8.2520e-03  eta: 0:53:02  time: 0.2490  data_time: 0.0010  memory: 11563  grad_norm: 82.0612  loss: 187.5039  loss_cls: 50.7815  loss_bbox: 78.5428  loss_dfl: 58.1796
2024/07/24 07:19:28 - mmengine - INFO - Exp name: remdet_l-300e_coco_20240724_055016
2024/07/24 07:19:28 - mmengine - INFO - Saving checkpoint at 180 epochs
2024/07/24 07:19:33 - mmengine - INFO - Evaluating bbox...
2024/07/24 07:19:57 - mmengine - INFO - bbox_mAP_copypaste: 0.288 0.468 0.299 0.180 0.431 0.550
2024/07/24 07:19:57 - mmengine - INFO - Epoch(val) [180][9/9]    coco/bbox_mAP: 0.2880  coco/bbox_mAP_50: 0.4680  coco/bbox_mAP_75: 0.2990  coco/bbox_mAP_s: 0.1800  coco/bbox_mAP_m: 0.4310  coco/bbox_mAP_l: 0.5500  data_time: 0.0251  time: 0.0980
2024/07/24 07:19:57 - mmengine - INFO - The previous best checkpoint /mnt/exam_log/0723_remdet/remdet_series/visdrone/remdet_l/best_coco_bbox_mAP_epoch_170.pth is removed
2024/07/24 07:19:58 - mmengine - INFO - The best checkpoint with 0.2880 coco/bbox_mAP at 180 epoch is saved to best_coco_bbox_mAP_epoch_180.pth.
2024/07/24 07:20:14 - mmengine - INFO - Epoch(train) [181][ 50/102]  base_lr: 2.0000e-02 lr: 8.1860e-03  eta: 0:52:49  time: 0.2681  data_time: 0.0135  memory: 11829  grad_norm: 84.0502  loss: 189.6677  loss_cls: 51.7087  loss_bbox: 79.2521  loss_dfl: 58.7069
2024/07/24 07:20:26 - mmengine - INFO - Epoch(train) [181][100/102]  base_lr: 2.0000e-02 lr: 8.1860e-03  eta: 0:52:35  time: 0.2492  data_time: 0.0010  memory: 12636  grad_norm: 82.9881  loss: 187.9782  loss_cls: 51.3319  loss_bbox: 78.2647  loss_dfl: 58.3815
2024/07/24 07:20:27 - mmengine - INFO - Exp name: remdet_l-300e_coco_20240724_055016
2024/07/24 07:20:40 - mmengine - INFO - Epoch(train) [182][ 50/102]  base_lr: 2.0000e-02 lr: 8.1200e-03  eta: 0:52:22  time: 0.2744  data_time: 0.0103  memory: 12856  grad_norm: 82.5931  loss: 188.8524  loss_cls: 51.4071  loss_bbox: 78.5510  loss_dfl: 58.8943
2024/07/24 07:20:53 - mmengine - INFO - Epoch(train) [182][100/102]  base_lr: 2.0000e-02 lr: 8.1200e-03  eta: 0:52:09  time: 0.2476  data_time: 0.0010  memory: 12596  grad_norm: 83.1772  loss: 189.8756  loss_cls: 52.0935  loss_bbox: 79.5074  loss_dfl: 58.2746
2024/07/24 07:20:53 - mmengine - INFO - Exp name: remdet_l-300e_coco_20240724_055016
2024/07/24 07:21:07 - mmengine - INFO - Epoch(train) [183][ 50/102]  base_lr: 2.0000e-02 lr: 8.0540e-03  eta: 0:51:55  time: 0.2703  data_time: 0.0141  memory: 11256  grad_norm: 84.2868  loss: 190.8462  loss_cls: 52.9274  loss_bbox: 79.6104  loss_dfl: 58.3084
2024/07/24 07:21:19 - mmengine - INFO - Epoch(train) [183][100/102]  base_lr: 2.0000e-02 lr: 8.0540e-03  eta: 0:51:42  time: 0.2491  data_time: 0.0011  memory: 12176  grad_norm: 82.4552  loss: 185.9497  loss_cls: 50.0438  loss_bbox: 77.5932  loss_dfl: 58.3126
2024/07/24 07:21:19 - mmengine - INFO - Exp name: remdet_l-300e_coco_20240724_055016
2024/07/24 07:21:33 - mmengine - INFO - Epoch(train) [184][ 50/102]  base_lr: 2.0000e-02 lr: 7.9880e-03  eta: 0:51:29  time: 0.2690  data_time: 0.0138  memory: 13222  grad_norm: 83.9874  loss: 189.0876  loss_cls: 52.0416  loss_bbox: 78.9162  loss_dfl: 58.1298
2024/07/24 07:21:45 - mmengine - INFO - Epoch(train) [184][100/102]  base_lr: 2.0000e-02 lr: 7.9880e-03  eta: 0:51:15  time: 0.2491  data_time: 0.0010  memory: 11982  grad_norm: 83.6504  loss: 185.7929  loss_cls: 49.9930  loss_bbox: 77.9562  loss_dfl: 57.8436
2024/07/24 07:21:46 - mmengine - INFO - Exp name: remdet_l-300e_coco_20240724_055016
2024/07/24 07:21:59 - mmengine - INFO - Epoch(train) [185][ 50/102]  base_lr: 2.0000e-02 lr: 7.9220e-03  eta: 0:51:02  time: 0.2698  data_time: 0.0122  memory: 12342  grad_norm: 83.2718  loss: 186.0411  loss_cls: 50.3878  loss_bbox: 77.3761  loss_dfl: 58.2772
2024/07/24 07:22:12 - mmengine - INFO - Epoch(train) [185][100/102]  base_lr: 2.0000e-02 lr: 7.9220e-03  eta: 0:50:49  time: 0.2483  data_time: 0.0010  memory: 11996  grad_norm: 82.9547  loss: 184.7305  loss_cls: 49.6562  loss_bbox: 76.9905  loss_dfl: 58.0838
2024/07/24 07:22:12 - mmengine - INFO - Exp name: remdet_l-300e_coco_20240724_055016
2024/07/24 07:22:26 - mmengine - INFO - Epoch(train) [186][ 50/102]  base_lr: 2.0000e-02 lr: 7.8560e-03  eta: 0:50:35  time: 0.2692  data_time: 0.0143  memory: 11836  grad_norm: 85.8013  loss: 186.6293  loss_cls: 50.6003  loss_bbox: 77.5829  loss_dfl: 58.4461
2024/07/24 07:22:38 - mmengine - INFO - Epoch(train) [186][100/102]  base_lr: 2.0000e-02 lr: 7.8560e-03  eta: 0:50:22  time: 0.2482  data_time: 0.0010  memory: 12722  grad_norm: 85.4546  loss: 187.8189  loss_cls: 50.3647  loss_bbox: 79.1551  loss_dfl: 58.2991
2024/07/24 07:22:38 - mmengine - INFO - Exp name: remdet_l-300e_coco_20240724_055016
2024/07/24 07:22:46 - mmengine - INFO - Exp name: remdet_l-300e_coco_20240724_055016
2024/07/24 07:22:52 - mmengine - INFO - Epoch(train) [187][ 50/102]  base_lr: 2.0000e-02 lr: 7.7900e-03  eta: 0:50:09  time: 0.2735  data_time: 0.0137  memory: 11736  grad_norm: 84.3710  loss: 185.1289  loss_cls: 50.8382  loss_bbox: 76.3463  loss_dfl: 57.9445
2024/07/24 07:23:05 - mmengine - INFO - Epoch(train) [187][100/102]  base_lr: 2.0000e-02 lr: 7.7900e-03  eta: 0:49:56  time: 0.2503  data_time: 0.0010  memory: 11749  grad_norm: 84.2770  loss: 183.4811  loss_cls: 49.6137  loss_bbox: 75.5087  loss_dfl: 58.3587
2024/07/24 07:23:05 - mmengine - INFO - Exp name: remdet_l-300e_coco_20240724_055016
2024/07/24 07:23:19 - mmengine - INFO - Epoch(train) [188][ 50/102]  base_lr: 2.0000e-02 lr: 7.7240e-03  eta: 0:49:42  time: 0.2738  data_time: 0.0131  memory: 11976  grad_norm: 86.4427  loss: 188.2071  loss_cls: 51.0719  loss_bbox: 78.8735  loss_dfl: 58.2616
2024/07/24 07:23:31 - mmengine - INFO - Epoch(train) [188][100/102]  base_lr: 2.0000e-02 lr: 7.7240e-03  eta: 0:49:29  time: 0.2526  data_time: 0.0010  memory: 11242  grad_norm: 85.7117  loss: 187.2715  loss_cls: 51.1896  loss_bbox: 77.1543  loss_dfl: 58.9277
2024/07/24 07:23:32 - mmengine - INFO - Exp name: remdet_l-300e_coco_20240724_055016
2024/07/24 07:23:45 - mmengine - INFO - Epoch(train) [189][ 50/102]  base_lr: 2.0000e-02 lr: 7.6580e-03  eta: 0:49:16  time: 0.2772  data_time: 0.0138  memory: 12336  grad_norm: 84.5657  loss: 187.1747  loss_cls: 50.5492  loss_bbox: 78.6376  loss_dfl: 57.9878
2024/07/24 07:23:58 - mmengine - INFO - Epoch(train) [189][100/102]  base_lr: 2.0000e-02 lr: 7.6580e-03  eta: 0:49:03  time: 0.2548  data_time: 0.0010  memory: 11642  grad_norm: 84.0695  loss: 185.2888  loss_cls: 49.8342  loss_bbox: 77.3564  loss_dfl: 58.0982
2024/07/24 07:23:59 - mmengine - INFO - Exp name: remdet_l-300e_coco_20240724_055016
2024/07/24 07:24:12 - mmengine - INFO - Epoch(train) [190][ 50/102]  base_lr: 2.0000e-02 lr: 7.5920e-03  eta: 0:48:50  time: 0.2757  data_time: 0.0134  memory: 11369  grad_norm: 88.0164  loss: 187.2919  loss_cls: 50.7303  loss_bbox: 78.2530  loss_dfl: 58.3085
2024/07/24 07:24:25 - mmengine - INFO - Epoch(train) [190][100/102]  base_lr: 2.0000e-02 lr: 7.5920e-03  eta: 0:48:37  time: 0.2557  data_time: 0.0010  memory: 12756  grad_norm: 85.6252  loss: 186.2142  loss_cls: 50.6151  loss_bbox: 77.6051  loss_dfl: 57.9940
2024/07/24 07:24:26 - mmengine - INFO - Exp name: remdet_l-300e_coco_20240724_055016
2024/07/24 07:24:26 - mmengine - INFO - Saving checkpoint at 190 epochs
2024/07/24 07:24:30 - mmengine - INFO - Evaluating bbox...
2024/07/24 07:24:54 - mmengine - INFO - bbox_mAP_copypaste: 0.289 0.469 0.300 0.181 0.432 0.557
2024/07/24 07:24:54 - mmengine - INFO - Epoch(val) [190][9/9]    coco/bbox_mAP: 0.2890  coco/bbox_mAP_50: 0.4690  coco/bbox_mAP_75: 0.3000  coco/bbox_mAP_s: 0.1810  coco/bbox_mAP_m: 0.4320  coco/bbox_mAP_l: 0.5570  data_time: 0.0223  time: 0.0953
2024/07/24 07:24:54 - mmengine - INFO - The previous best checkpoint /mnt/exam_log/0723_remdet/remdet_series/visdrone/remdet_l/best_coco_bbox_mAP_epoch_180.pth is removed
2024/07/24 07:24:56 - mmengine - INFO - The best checkpoint with 0.2890 coco/bbox_mAP at 190 epoch is saved to best_coco_bbox_mAP_epoch_190.pth.
2024/07/24 07:25:11 - mmengine - INFO - Epoch(train) [191][ 50/102]  base_lr: 2.0000e-02 lr: 7.5260e-03  eta: 0:48:23  time: 0.2631  data_time: 0.0119  memory: 11936  grad_norm: 84.8632  loss: 185.6735  loss_cls: 49.6805  loss_bbox: 77.6800  loss_dfl: 58.3131
2024/07/24 07:25:23 - mmengine - INFO - Epoch(train) [191][100/102]  base_lr: 2.0000e-02 lr: 7.5260e-03  eta: 0:48:10  time: 0.2484  data_time: 0.0010  memory: 11889  grad_norm: 86.5272  loss: 188.6830  loss_cls: 51.0063  loss_bbox: 79.1074  loss_dfl: 58.5693
2024/07/24 07:25:24 - mmengine - INFO - Exp name: remdet_l-300e_coco_20240724_055016
2024/07/24 07:25:37 - mmengine - INFO - Epoch(train) [192][ 50/102]  base_lr: 2.0000e-02 lr: 7.4600e-03  eta: 0:47:57  time: 0.2696  data_time: 0.0130  memory: 11862  grad_norm: 85.4446  loss: 187.3505  loss_cls: 50.3886  loss_bbox: 78.4623  loss_dfl: 58.4995
2024/07/24 07:25:50 - mmengine - INFO - Epoch(train) [192][100/102]  base_lr: 2.0000e-02 lr: 7.4600e-03  eta: 0:47:43  time: 0.2461  data_time: 0.0010  memory: 12349  grad_norm: 85.3855  loss: 183.9264  loss_cls: 49.2308  loss_bbox: 77.0557  loss_dfl: 57.6399
2024/07/24 07:25:50 - mmengine - INFO - Exp name: remdet_l-300e_coco_20240724_055016
2024/07/24 07:26:04 - mmengine - INFO - Epoch(train) [193][ 50/102]  base_lr: 2.0000e-02 lr: 7.3940e-03  eta: 0:47:30  time: 0.2734  data_time: 0.0117  memory: 11382  grad_norm: 86.4884  loss: 187.6802  loss_cls: 50.4350  loss_bbox: 79.6180  loss_dfl: 57.6273
2024/07/24 07:26:16 - mmengine - INFO - Epoch(train) [193][100/102]  base_lr: 2.0000e-02 lr: 7.3940e-03  eta: 0:47:17  time: 0.2507  data_time: 0.0010  memory: 11869  grad_norm: 87.7711  loss: 184.3792  loss_cls: 49.4338  loss_bbox: 77.4105  loss_dfl: 57.5349
2024/07/24 07:26:17 - mmengine - INFO - Exp name: remdet_l-300e_coco_20240724_055016
2024/07/24 07:26:30 - mmengine - INFO - Epoch(train) [194][ 50/102]  base_lr: 2.0000e-02 lr: 7.3280e-03  eta: 0:47:03  time: 0.2728  data_time: 0.0137  memory: 11682  grad_norm: 86.4189  loss: 185.1974  loss_cls: 49.9930  loss_bbox: 77.2995  loss_dfl: 57.9050
2024/07/24 07:26:43 - mmengine - INFO - Epoch(train) [194][100/102]  base_lr: 2.0000e-02 lr: 7.3280e-03  eta: 0:46:50  time: 0.2477  data_time: 0.0010  memory: 11682  grad_norm: 86.9253  loss: 185.3610  loss_cls: 49.8640  loss_bbox: 77.4963  loss_dfl: 58.0007
2024/07/24 07:26:43 - mmengine - INFO - Exp name: remdet_l-300e_coco_20240724_055016
2024/07/24 07:26:57 - mmengine - INFO - Epoch(train) [195][ 50/102]  base_lr: 2.0000e-02 lr: 7.2620e-03  eta: 0:46:37  time: 0.2709  data_time: 0.0152  memory: 12089  grad_norm: 85.5745  loss: 183.4041  loss_cls: 49.3015  loss_bbox: 76.1848  loss_dfl: 57.9179
2024/07/24 07:27:09 - mmengine - INFO - Epoch(train) [195][100/102]  base_lr: 2.0000e-02 lr: 7.2620e-03  eta: 0:46:23  time: 0.2470  data_time: 0.0010  memory: 13262  grad_norm: 87.7293  loss: 185.8222  loss_cls: 50.1500  loss_bbox: 77.4238  loss_dfl: 58.2484
2024/07/24 07:27:09 - mmengine - INFO - Exp name: remdet_l-300e_coco_20240724_055016
2024/07/24 07:27:23 - mmengine - INFO - Epoch(train) [196][ 50/102]  base_lr: 2.0000e-02 lr: 7.1960e-03  eta: 0:46:10  time: 0.2677  data_time: 0.0101  memory: 11642  grad_norm: 86.4757  loss: 185.0250  loss_cls: 49.6406  loss_bbox: 77.5423  loss_dfl: 57.8421
2024/07/24 07:27:35 - mmengine - INFO - Epoch(train) [196][100/102]  base_lr: 2.0000e-02 lr: 7.1960e-03  eta: 0:45:57  time: 0.2491  data_time: 0.0010  memory: 13862  grad_norm: 86.6762  loss: 185.6609  loss_cls: 49.8080  loss_bbox: 78.3208  loss_dfl: 57.5321
2024/07/24 07:27:35 - mmengine - INFO - Exp name: remdet_l-300e_coco_20240724_055016
2024/07/24 07:27:38 - mmengine - INFO - Exp name: remdet_l-300e_coco_20240724_055016
2024/07/24 07:27:49 - mmengine - INFO - Epoch(train) [197][ 50/102]  base_lr: 2.0000e-02 lr: 7.1300e-03  eta: 0:45:44  time: 0.2722  data_time: 0.0103  memory: 12256  grad_norm: 86.5580  loss: 184.2374  loss_cls: 49.4344  loss_bbox: 77.0667  loss_dfl: 57.7363
2024/07/24 07:28:02 - mmengine - INFO - Epoch(train) [197][100/102]  base_lr: 2.0000e-02 lr: 7.1300e-03  eta: 0:45:30  time: 0.2512  data_time: 0.0010  memory: 11116  grad_norm: 88.8869  loss: 186.6709  loss_cls: 50.3320  loss_bbox: 77.8456  loss_dfl: 58.4932
2024/07/24 07:28:02 - mmengine - INFO - Exp name: remdet_l-300e_coco_20240724_055016
2024/07/24 07:28:16 - mmengine - INFO - Epoch(train) [198][ 50/102]  base_lr: 2.0000e-02 lr: 7.0640e-03  eta: 0:45:17  time: 0.2739  data_time: 0.0176  memory: 11836  grad_norm: 87.5294  loss: 185.1700  loss_cls: 49.8356  loss_bbox: 77.7279  loss_dfl: 57.6066
2024/07/24 07:28:28 - mmengine - INFO - Epoch(train) [198][100/102]  base_lr: 2.0000e-02 lr: 7.0640e-03  eta: 0:45:04  time: 0.2490  data_time: 0.0011  memory: 12696  grad_norm: 88.4300  loss: 180.9780  loss_cls: 47.9027  loss_bbox: 75.2628  loss_dfl: 57.8125
2024/07/24 07:28:29 - mmengine - INFO - Exp name: remdet_l-300e_coco_20240724_055016
2024/07/24 07:28:42 - mmengine - INFO - Epoch(train) [199][ 50/102]  base_lr: 2.0000e-02 lr: 6.9980e-03  eta: 0:44:50  time: 0.2685  data_time: 0.0117  memory: 12009  grad_norm: 88.4681  loss: 185.6939  loss_cls: 50.2137  loss_bbox: 77.4683  loss_dfl: 58.0119
2024/07/24 07:28:54 - mmengine - INFO - Epoch(train) [199][100/102]  base_lr: 2.0000e-02 lr: 6.9980e-03  eta: 0:44:37  time: 0.2463  data_time: 0.0010  memory: 11342  grad_norm: 88.2986  loss: 183.7401  loss_cls: 48.8192  loss_bbox: 76.5511  loss_dfl: 58.3698
2024/07/24 07:28:55 - mmengine - INFO - Exp name: remdet_l-300e_coco_20240724_055016
2024/07/24 07:29:08 - mmengine - INFO - Epoch(train) [200][ 50/102]  base_lr: 2.0000e-02 lr: 6.9320e-03  eta: 0:44:24  time: 0.2679  data_time: 0.0140  memory: 11242  grad_norm: 88.2744  loss: 182.7933  loss_cls: 48.5934  loss_bbox: 76.8030  loss_dfl: 57.3969
2024/07/24 07:29:21 - mmengine - INFO - Epoch(train) [200][100/102]  base_lr: 2.0000e-02 lr: 6.9320e-03  eta: 0:44:10  time: 0.2483  data_time: 0.0010  memory: 11402  grad_norm: 88.6722  loss: 185.7326  loss_cls: 50.0533  loss_bbox: 77.9090  loss_dfl: 57.7703
2024/07/24 07:29:21 - mmengine - INFO - Exp name: remdet_l-300e_coco_20240724_055016
2024/07/24 07:29:21 - mmengine - INFO - Saving checkpoint at 200 epochs
2024/07/24 07:29:26 - mmengine - INFO - Evaluating bbox...
2024/07/24 07:29:50 - mmengine - INFO - bbox_mAP_copypaste: 0.290 0.469 0.300 0.183 0.432 0.552
2024/07/24 07:29:50 - mmengine - INFO - Epoch(val) [200][9/9]    coco/bbox_mAP: 0.2900  coco/bbox_mAP_50: 0.4690  coco/bbox_mAP_75: 0.3000  coco/bbox_mAP_s: 0.1830  coco/bbox_mAP_m: 0.4320  coco/bbox_mAP_l: 0.5520  data_time: 0.0220  time: 0.0965
2024/07/24 07:29:50 - mmengine - INFO - The previous best checkpoint /mnt/exam_log/0723_remdet/remdet_series/visdrone/remdet_l/best_coco_bbox_mAP_epoch_190.pth is removed
2024/07/24 07:29:51 - mmengine - INFO - The best checkpoint with 0.2900 coco/bbox_mAP at 200 epoch is saved to best_coco_bbox_mAP_epoch_200.pth.
2024/07/24 07:30:07 - mmengine - INFO - Epoch(train) [201][ 50/102]  base_lr: 2.0000e-02 lr: 6.8660e-03  eta: 0:43:57  time: 0.2628  data_time: 0.0115  memory: 11802  grad_norm: 86.6350  loss: 184.4603  loss_cls: 49.6001  loss_bbox: 76.9115  loss_dfl: 57.9487
2024/07/24 07:30:19 - mmengine - INFO - Epoch(train) [201][100/102]  base_lr: 2.0000e-02 lr: 6.8660e-03  eta: 0:43:44  time: 0.2484  data_time: 0.0010  memory: 11882  grad_norm: 88.5016  loss: 186.0033  loss_cls: 50.3334  loss_bbox: 77.9878  loss_dfl: 57.6822
2024/07/24 07:30:19 - mmengine - INFO - Exp name: remdet_l-300e_coco_20240724_055016
2024/07/24 07:30:33 - mmengine - INFO - Epoch(train) [202][ 50/102]  base_lr: 2.0000e-02 lr: 6.8000e-03  eta: 0:43:31  time: 0.2800  data_time: 0.0187  memory: 11389  grad_norm: 88.1180  loss: 186.2156  loss_cls: 49.9524  loss_bbox: 78.4201  loss_dfl: 57.8432
2024/07/24 07:30:46 - mmengine - INFO - Epoch(train) [202][100/102]  base_lr: 2.0000e-02 lr: 6.8000e-03  eta: 0:43:17  time: 0.2521  data_time: 0.0010  memory: 11436  grad_norm: 89.8308  loss: 186.2241  loss_cls: 49.8986  loss_bbox: 78.7998  loss_dfl: 57.5257
2024/07/24 07:30:46 - mmengine - INFO - Exp name: remdet_l-300e_coco_20240724_055016
2024/07/24 07:31:00 - mmengine - INFO - Epoch(train) [203][ 50/102]  base_lr: 2.0000e-02 lr: 6.7340e-03  eta: 0:43:04  time: 0.2758  data_time: 0.0148  memory: 11449  grad_norm: 89.8934  loss: 183.4318  loss_cls: 49.6718  loss_bbox: 76.2012  loss_dfl: 57.5588
2024/07/24 07:31:13 - mmengine - INFO - Epoch(train) [203][100/102]  base_lr: 2.0000e-02 lr: 6.7340e-03  eta: 0:42:51  time: 0.2616  data_time: 0.0010  memory: 11809  grad_norm: 87.6437  loss: 180.1778  loss_cls: 47.7582  loss_bbox: 75.1370  loss_dfl: 57.2825
2024/07/24 07:31:14 - mmengine - INFO - Exp name: remdet_l-300e_coco_20240724_055016
2024/07/24 07:31:28 - mmengine - INFO - Epoch(train) [204][ 50/102]  base_lr: 2.0000e-02 lr: 6.6680e-03  eta: 0:42:38  time: 0.2790  data_time: 0.0162  memory: 11563  grad_norm: 89.0161  loss: 186.2709  loss_cls: 49.4190  loss_bbox: 78.5182  loss_dfl: 58.3337
2024/07/24 07:31:40 - mmengine - INFO - Epoch(train) [204][100/102]  base_lr: 2.0000e-02 lr: 6.6680e-03  eta: 0:42:25  time: 0.2524  data_time: 0.0010  memory: 11556  grad_norm: 89.8402  loss: 182.2167  loss_cls: 48.5329  loss_bbox: 76.1377  loss_dfl: 57.5460
2024/07/24 07:31:41 - mmengine - INFO - Exp name: remdet_l-300e_coco_20240724_055016
2024/07/24 07:31:54 - mmengine - INFO - Epoch(train) [205][ 50/102]  base_lr: 2.0000e-02 lr: 6.6020e-03  eta: 0:42:12  time: 0.2711  data_time: 0.0101  memory: 11922  grad_norm: 89.8637  loss: 181.4200  loss_cls: 48.2552  loss_bbox: 75.8249  loss_dfl: 57.3400
2024/07/24 07:32:07 - mmengine - INFO - Epoch(train) [205][100/102]  base_lr: 2.0000e-02 lr: 6.6020e-03  eta: 0:41:58  time: 0.2481  data_time: 0.0010  memory: 11736  grad_norm: 90.6921  loss: 184.2266  loss_cls: 48.7039  loss_bbox: 77.7639  loss_dfl: 57.7588
2024/07/24 07:32:07 - mmengine - INFO - Exp name: remdet_l-300e_coco_20240724_055016
2024/07/24 07:32:21 - mmengine - INFO - Epoch(train) [206][ 50/102]  base_lr: 2.0000e-02 lr: 6.5360e-03  eta: 0:41:45  time: 0.2708  data_time: 0.0113  memory: 11662  grad_norm: 90.5775  loss: 180.8537  loss_cls: 47.9807  loss_bbox: 74.9879  loss_dfl: 57.8851
2024/07/24 07:32:30 - mmengine - INFO - Exp name: remdet_l-300e_coco_20240724_055016
2024/07/24 07:32:33 - mmengine - INFO - Epoch(train) [206][100/102]  base_lr: 2.0000e-02 lr: 6.5360e-03  eta: 0:41:32  time: 0.2468  data_time: 0.0010  memory: 11842  grad_norm: 90.7934  loss: 181.5269  loss_cls: 48.6293  loss_bbox: 75.4424  loss_dfl: 57.4552
2024/07/24 07:32:33 - mmengine - INFO - Exp name: remdet_l-300e_coco_20240724_055016
2024/07/24 07:32:47 - mmengine - INFO - Epoch(train) [207][ 50/102]  base_lr: 2.0000e-02 lr: 6.4700e-03  eta: 0:41:18  time: 0.2707  data_time: 0.0104  memory: 11522  grad_norm: 90.1099  loss: 181.1399  loss_cls: 47.8667  loss_bbox: 75.7154  loss_dfl: 57.5579
2024/07/24 07:33:00 - mmengine - INFO - Epoch(train) [207][100/102]  base_lr: 2.0000e-02 lr: 6.4700e-03  eta: 0:41:05  time: 0.2536  data_time: 0.0011  memory: 11709  grad_norm: 91.4442  loss: 181.3498  loss_cls: 48.2698  loss_bbox: 75.5969  loss_dfl: 57.4830
2024/07/24 07:33:00 - mmengine - INFO - Exp name: remdet_l-300e_coco_20240724_055016
2024/07/24 07:33:13 - mmengine - INFO - Epoch(train) [208][ 50/102]  base_lr: 2.0000e-02 lr: 6.4040e-03  eta: 0:40:52  time: 0.2701  data_time: 0.0105  memory: 11556  grad_norm: 92.1540  loss: 179.5247  loss_cls: 47.9370  loss_bbox: 73.7131  loss_dfl: 57.8747
2024/07/24 07:33:26 - mmengine - INFO - Epoch(train) [208][100/102]  base_lr: 2.0000e-02 lr: 6.4040e-03  eta: 0:40:39  time: 0.2466  data_time: 0.0010  memory: 11969  grad_norm: 91.0140  loss: 182.0243  loss_cls: 48.0719  loss_bbox: 76.6620  loss_dfl: 57.2905
2024/07/24 07:33:26 - mmengine - INFO - Exp name: remdet_l-300e_coco_20240724_055016
2024/07/24 07:33:40 - mmengine - INFO - Epoch(train) [209][ 50/102]  base_lr: 2.0000e-02 lr: 6.3380e-03  eta: 0:40:25  time: 0.2733  data_time: 0.0139  memory: 11229  grad_norm: 93.4237  loss: 183.0414  loss_cls: 49.0367  loss_bbox: 76.0634  loss_dfl: 57.9413
2024/07/24 07:33:52 - mmengine - INFO - Epoch(train) [209][100/102]  base_lr: 2.0000e-02 lr: 6.3380e-03  eta: 0:40:12  time: 0.2473  data_time: 0.0010  memory: 11622  grad_norm: 91.4960  loss: 181.8296  loss_cls: 48.3083  loss_bbox: 75.6363  loss_dfl: 57.8851
2024/07/24 07:33:53 - mmengine - INFO - Exp name: remdet_l-300e_coco_20240724_055016
2024/07/24 07:34:06 - mmengine - INFO - Epoch(train) [210][ 50/102]  base_lr: 2.0000e-02 lr: 6.2720e-03  eta: 0:39:59  time: 0.2699  data_time: 0.0124  memory: 14569  grad_norm: 91.1839  loss: 178.2755  loss_cls: 46.7344  loss_bbox: 74.4929  loss_dfl: 57.0483
2024/07/24 07:34:18 - mmengine - INFO - Epoch(train) [210][100/102]  base_lr: 2.0000e-02 lr: 6.2720e-03  eta: 0:39:45  time: 0.2484  data_time: 0.0010  memory: 12416  grad_norm: 91.8008  loss: 176.2963  loss_cls: 46.3609  loss_bbox: 73.2518  loss_dfl: 56.6837
2024/07/24 07:34:19 - mmengine - INFO - Exp name: remdet_l-300e_coco_20240724_055016
2024/07/24 07:34:19 - mmengine - INFO - Saving checkpoint at 210 epochs
2024/07/24 07:34:23 - mmengine - INFO - Evaluating bbox...
2024/07/24 07:34:47 - mmengine - INFO - bbox_mAP_copypaste: 0.290 0.470 0.300 0.184 0.433 0.551
2024/07/24 07:34:48 - mmengine - INFO - Epoch(val) [210][9/9]    coco/bbox_mAP: 0.2900  coco/bbox_mAP_50: 0.4700  coco/bbox_mAP_75: 0.3000  coco/bbox_mAP_s: 0.1840  coco/bbox_mAP_m: 0.4330  coco/bbox_mAP_l: 0.5510  data_time: 0.0225  time: 0.0945
2024/07/24 07:35:01 - mmengine - INFO - Epoch(train) [211][ 50/102]  base_lr: 2.0000e-02 lr: 6.2060e-03  eta: 0:39:32  time: 0.2701  data_time: 0.0149  memory: 12076  grad_norm: 92.9366  loss: 177.7002  loss_cls: 46.4733  loss_bbox: 73.6575  loss_dfl: 57.5694
2024/07/24 07:35:13 - mmengine - INFO - Epoch(train) [211][100/102]  base_lr: 2.0000e-02 lr: 6.2060e-03  eta: 0:39:19  time: 0.2472  data_time: 0.0010  memory: 11602  grad_norm: 91.3060  loss: 182.6481  loss_cls: 48.1680  loss_bbox: 76.7211  loss_dfl: 57.7591
2024/07/24 07:35:14 - mmengine - INFO - Exp name: remdet_l-300e_coco_20240724_055016
2024/07/24 07:35:27 - mmengine - INFO - Epoch(train) [212][ 50/102]  base_lr: 2.0000e-02 lr: 6.1400e-03  eta: 0:39:05  time: 0.2696  data_time: 0.0132  memory: 11729  grad_norm: 91.0935  loss: 181.4889  loss_cls: 48.4804  loss_bbox: 75.3999  loss_dfl: 57.6086
2024/07/24 07:35:40 - mmengine - INFO - Epoch(train) [212][100/102]  base_lr: 2.0000e-02 lr: 6.1400e-03  eta: 0:38:52  time: 0.2497  data_time: 0.0010  memory: 11796  grad_norm: 93.6588  loss: 181.5887  loss_cls: 48.1107  loss_bbox: 75.7676  loss_dfl: 57.7104
2024/07/24 07:35:40 - mmengine - INFO - Exp name: remdet_l-300e_coco_20240724_055016
2024/07/24 07:35:54 - mmengine - INFO - Epoch(train) [213][ 50/102]  base_lr: 2.0000e-02 lr: 6.0740e-03  eta: 0:38:39  time: 0.2724  data_time: 0.0140  memory: 12902  grad_norm: 94.5346  loss: 179.5441  loss_cls: 47.2726  loss_bbox: 74.6657  loss_dfl: 57.6058
2024/07/24 07:36:06 - mmengine - INFO - Epoch(train) [213][100/102]  base_lr: 2.0000e-02 lr: 6.0740e-03  eta: 0:38:26  time: 0.2468  data_time: 0.0010  memory: 11702  grad_norm: 93.5177  loss: 183.5811  loss_cls: 48.6282  loss_bbox: 76.8330  loss_dfl: 58.1199
2024/07/24 07:36:07 - mmengine - INFO - Exp name: remdet_l-300e_coco_20240724_055016
2024/07/24 07:36:20 - mmengine - INFO - Epoch(train) [214][ 50/102]  base_lr: 2.0000e-02 lr: 6.0080e-03  eta: 0:38:12  time: 0.2700  data_time: 0.0122  memory: 12469  grad_norm: 93.5457  loss: 182.5726  loss_cls: 48.4371  loss_bbox: 76.3771  loss_dfl: 57.7584
2024/07/24 07:36:33 - mmengine - INFO - Epoch(train) [214][100/102]  base_lr: 2.0000e-02 lr: 6.0080e-03  eta: 0:37:59  time: 0.2486  data_time: 0.0010  memory: 11822  grad_norm: 91.8506  loss: 182.1063  loss_cls: 47.8710  loss_bbox: 76.4402  loss_dfl: 57.7951
2024/07/24 07:36:33 - mmengine - INFO - Exp name: remdet_l-300e_coco_20240724_055016
2024/07/24 07:36:46 - mmengine - INFO - Epoch(train) [215][ 50/102]  base_lr: 2.0000e-02 lr: 5.9420e-03  eta: 0:37:46  time: 0.2713  data_time: 0.0133  memory: 11949  grad_norm: 96.4584  loss: 180.0833  loss_cls: 46.7853  loss_bbox: 75.8184  loss_dfl: 57.4796
2024/07/24 07:36:59 - mmengine - INFO - Epoch(train) [215][100/102]  base_lr: 2.0000e-02 lr: 5.9420e-03  eta: 0:37:33  time: 0.2500  data_time: 0.0010  memory: 12129  grad_norm: 92.9983  loss: 180.5290  loss_cls: 47.1485  loss_bbox: 76.0538  loss_dfl: 57.3268
2024/07/24 07:36:59 - mmengine - INFO - Exp name: remdet_l-300e_coco_20240724_055016
2024/07/24 07:37:13 - mmengine - INFO - Epoch(train) [216][ 50/102]  base_lr: 2.0000e-02 lr: 5.8760e-03  eta: 0:37:19  time: 0.2720  data_time: 0.0131  memory: 11876  grad_norm: 92.8956  loss: 183.9649  loss_cls: 49.1502  loss_bbox: 77.2318  loss_dfl: 57.5829
2024/07/24 07:37:18 - mmengine - INFO - Exp name: remdet_l-300e_coco_20240724_055016
2024/07/24 07:37:25 - mmengine - INFO - Epoch(train) [216][100/102]  base_lr: 2.0000e-02 lr: 5.8760e-03  eta: 0:37:06  time: 0.2480  data_time: 0.0010  memory: 11509  grad_norm: 93.1450  loss: 183.5093  loss_cls: 48.0592  loss_bbox: 77.4438  loss_dfl: 58.0063
2024/07/24 07:37:26 - mmengine - INFO - Exp name: remdet_l-300e_coco_20240724_055016
2024/07/24 07:37:40 - mmengine - INFO - Epoch(train) [217][ 50/102]  base_lr: 2.0000e-02 lr: 5.8100e-03  eta: 0:36:53  time: 0.2780  data_time: 0.0120  memory: 12362  grad_norm: 93.5364  loss: 180.1815  loss_cls: 47.0851  loss_bbox: 75.1987  loss_dfl: 57.8978
2024/07/24 07:37:52 - mmengine - INFO - Epoch(train) [217][100/102]  base_lr: 2.0000e-02 lr: 5.8100e-03  eta: 0:36:40  time: 0.2551  data_time: 0.0010  memory: 11929  grad_norm: 94.9214  loss: 179.7468  loss_cls: 47.1514  loss_bbox: 74.9789  loss_dfl: 57.6164
2024/07/24 07:37:53 - mmengine - INFO - Exp name: remdet_l-300e_coco_20240724_055016
2024/07/24 07:38:07 - mmengine - INFO - Epoch(train) [218][ 50/102]  base_lr: 2.0000e-02 lr: 5.7440e-03  eta: 0:36:27  time: 0.2823  data_time: 0.0128  memory: 12082  grad_norm: 93.0929  loss: 178.8187  loss_cls: 46.6753  loss_bbox: 74.7134  loss_dfl: 57.4299
2024/07/24 07:38:19 - mmengine - INFO - Epoch(train) [218][100/102]  base_lr: 2.0000e-02 lr: 5.7440e-03  eta: 0:36:13  time: 0.2474  data_time: 0.0010  memory: 11549  grad_norm: 94.0783  loss: 178.1967  loss_cls: 47.0238  loss_bbox: 73.5927  loss_dfl: 57.5802
2024/07/24 07:38:20 - mmengine - INFO - Exp name: remdet_l-300e_coco_20240724_055016
2024/07/24 07:38:33 - mmengine - INFO - Epoch(train) [219][ 50/102]  base_lr: 2.0000e-02 lr: 5.6780e-03  eta: 0:36:00  time: 0.2712  data_time: 0.0145  memory: 12036  grad_norm: 94.9113  loss: 178.4094  loss_cls: 46.7414  loss_bbox: 75.1659  loss_dfl: 56.5021
2024/07/24 07:38:46 - mmengine - INFO - Epoch(train) [219][100/102]  base_lr: 2.0000e-02 lr: 5.6780e-03  eta: 0:35:47  time: 0.2535  data_time: 0.0010  memory: 12082  grad_norm: 96.6115  loss: 181.4208  loss_cls: 47.3834  loss_bbox: 76.4745  loss_dfl: 57.5630
2024/07/24 07:38:46 - mmengine - INFO - Exp name: remdet_l-300e_coco_20240724_055016
2024/07/24 07:39:00 - mmengine - INFO - Epoch(train) [220][ 50/102]  base_lr: 2.0000e-02 lr: 5.6120e-03  eta: 0:35:33  time: 0.2680  data_time: 0.0123  memory: 12136  grad_norm: 94.1557  loss: 182.4975  loss_cls: 47.9233  loss_bbox: 77.0840  loss_dfl: 57.4901
2024/07/24 07:39:12 - mmengine - INFO - Epoch(train) [220][100/102]  base_lr: 2.0000e-02 lr: 5.6120e-03  eta: 0:35:20  time: 0.2489  data_time: 0.0010  memory: 12776  grad_norm: 93.7087  loss: 178.7360  loss_cls: 46.4421  loss_bbox: 75.0720  loss_dfl: 57.2219
2024/07/24 07:39:12 - mmengine - INFO - Exp name: remdet_l-300e_coco_20240724_055016
2024/07/24 07:39:12 - mmengine - INFO - Saving checkpoint at 220 epochs
2024/07/24 07:39:17 - mmengine - INFO - Evaluating bbox...
2024/07/24 07:39:41 - mmengine - INFO - bbox_mAP_copypaste: 0.291 0.470 0.302 0.184 0.433 0.549
2024/07/24 07:39:41 - mmengine - INFO - Epoch(val) [220][9/9]    coco/bbox_mAP: 0.2910  coco/bbox_mAP_50: 0.4700  coco/bbox_mAP_75: 0.3020  coco/bbox_mAP_s: 0.1840  coco/bbox_mAP_m: 0.4330  coco/bbox_mAP_l: 0.5490  data_time: 0.0145  time: 0.0869
2024/07/24 07:39:41 - mmengine - INFO - The previous best checkpoint /mnt/exam_log/0723_remdet/remdet_series/visdrone/remdet_l/best_coco_bbox_mAP_epoch_200.pth is removed
2024/07/24 07:39:43 - mmengine - INFO - The best checkpoint with 0.2910 coco/bbox_mAP at 220 epoch is saved to best_coco_bbox_mAP_epoch_220.pth.
2024/07/24 07:39:58 - mmengine - INFO - Epoch(train) [221][ 50/102]  base_lr: 2.0000e-02 lr: 5.5460e-03  eta: 0:35:07  time: 0.2621  data_time: 0.0127  memory: 12262  grad_norm: 96.2855  loss: 177.9572  loss_cls: 47.0021  loss_bbox: 73.7782  loss_dfl: 57.1770
2024/07/24 07:40:10 - mmengine - INFO - Epoch(train) [221][100/102]  base_lr: 2.0000e-02 lr: 5.5460e-03  eta: 0:34:54  time: 0.2484  data_time: 0.0010  memory: 11629  grad_norm: 94.5027  loss: 181.3896  loss_cls: 47.6999  loss_bbox: 76.2374  loss_dfl: 57.4523
2024/07/24 07:40:10 - mmengine - INFO - Exp name: remdet_l-300e_coco_20240724_055016
2024/07/24 07:40:24 - mmengine - INFO - Epoch(train) [222][ 50/102]  base_lr: 2.0000e-02 lr: 5.4800e-03  eta: 0:34:40  time: 0.2714  data_time: 0.0134  memory: 12142  grad_norm: 94.2478  loss: 178.5384  loss_cls: 46.4686  loss_bbox: 75.3043  loss_dfl: 56.7655
2024/07/24 07:40:37 - mmengine - INFO - Epoch(train) [222][100/102]  base_lr: 2.0000e-02 lr: 5.4800e-03  eta: 0:34:27  time: 0.2546  data_time: 0.0010  memory: 11836  grad_norm: 96.9434  loss: 181.4937  loss_cls: 47.3936  loss_bbox: 76.4779  loss_dfl: 57.6222
2024/07/24 07:40:37 - mmengine - INFO - Exp name: remdet_l-300e_coco_20240724_055016
2024/07/24 07:40:51 - mmengine - INFO - Epoch(train) [223][ 50/102]  base_lr: 2.0000e-02 lr: 5.4140e-03  eta: 0:34:14  time: 0.2704  data_time: 0.0123  memory: 11796  grad_norm: 96.4925  loss: 179.8532  loss_cls: 47.4049  loss_bbox: 74.7757  loss_dfl: 57.6725
2024/07/24 07:41:03 - mmengine - INFO - Epoch(train) [223][100/102]  base_lr: 2.0000e-02 lr: 5.4140e-03  eta: 0:34:01  time: 0.2539  data_time: 0.0010  memory: 11422  grad_norm: 97.1746  loss: 183.5153  loss_cls: 48.2888  loss_bbox: 77.7464  loss_dfl: 57.4801
2024/07/24 07:41:04 - mmengine - INFO - Exp name: remdet_l-300e_coco_20240724_055016
2024/07/24 07:41:17 - mmengine - INFO - Epoch(train) [224][ 50/102]  base_lr: 2.0000e-02 lr: 5.3480e-03  eta: 0:33:47  time: 0.2683  data_time: 0.0157  memory: 12989  grad_norm: 96.0010  loss: 181.7008  loss_cls: 48.5544  loss_bbox: 75.6809  loss_dfl: 57.4655
2024/07/24 07:41:30 - mmengine - INFO - Epoch(train) [224][100/102]  base_lr: 2.0000e-02 lr: 5.3480e-03  eta: 0:33:34  time: 0.2498  data_time: 0.0010  memory: 11669  grad_norm: 95.9200  loss: 178.9919  loss_cls: 46.6577  loss_bbox: 74.7269  loss_dfl: 57.6072
2024/07/24 07:41:30 - mmengine - INFO - Exp name: remdet_l-300e_coco_20240724_055016
2024/07/24 07:41:43 - mmengine - INFO - Epoch(train) [225][ 50/102]  base_lr: 2.0000e-02 lr: 5.2820e-03  eta: 0:33:21  time: 0.2665  data_time: 0.0138  memory: 11696  grad_norm: 98.2156  loss: 178.0756  loss_cls: 46.4584  loss_bbox: 74.6101  loss_dfl: 57.0070
2024/07/24 07:41:56 - mmengine - INFO - Epoch(train) [225][100/102]  base_lr: 2.0000e-02 lr: 5.2820e-03  eta: 0:33:07  time: 0.2517  data_time: 0.0010  memory: 11796  grad_norm: 96.3391  loss: 177.2251  loss_cls: 45.9719  loss_bbox: 73.7067  loss_dfl: 57.5465
2024/07/24 07:41:56 - mmengine - INFO - Exp name: remdet_l-300e_coco_20240724_055016
2024/07/24 07:42:10 - mmengine - INFO - Exp name: remdet_l-300e_coco_20240724_055016
2024/07/24 07:42:10 - mmengine - INFO - Epoch(train) [226][ 50/102]  base_lr: 2.0000e-02 lr: 5.2160e-03  eta: 0:32:54  time: 0.2706  data_time: 0.0146  memory: 11782  grad_norm: 98.0645  loss: 179.4679  loss_cls: 46.7016  loss_bbox: 75.7158  loss_dfl: 57.0504
2024/07/24 07:42:22 - mmengine - INFO - Epoch(train) [226][100/102]  base_lr: 2.0000e-02 lr: 5.2160e-03  eta: 0:32:41  time: 0.2493  data_time: 0.0011  memory: 11196  grad_norm: 94.9450  loss: 176.2836  loss_cls: 46.2003  loss_bbox: 73.5349  loss_dfl: 56.5485
2024/07/24 07:42:23 - mmengine - INFO - Exp name: remdet_l-300e_coco_20240724_055016
2024/07/24 07:42:36 - mmengine - INFO - Epoch(train) [227][ 50/102]  base_lr: 2.0000e-02 lr: 5.1500e-03  eta: 0:32:28  time: 0.2683  data_time: 0.0102  memory: 12869  grad_norm: 97.4410  loss: 178.7514  loss_cls: 46.8915  loss_bbox: 74.5273  loss_dfl: 57.3326
2024/07/24 07:42:48 - mmengine - INFO - Epoch(train) [227][100/102]  base_lr: 2.0000e-02 lr: 5.1500e-03  eta: 0:32:14  time: 0.2467  data_time: 0.0010  memory: 11769  grad_norm: 98.0353  loss: 179.8570  loss_cls: 46.6773  loss_bbox: 75.5324  loss_dfl: 57.6472
2024/07/24 07:42:49 - mmengine - INFO - Exp name: remdet_l-300e_coco_20240724_055016
2024/07/24 07:43:02 - mmengine - INFO - Epoch(train) [228][ 50/102]  base_lr: 2.0000e-02 lr: 5.0840e-03  eta: 0:32:01  time: 0.2661  data_time: 0.0140  memory: 11509  grad_norm: 97.8312  loss: 179.1173  loss_cls: 46.8861  loss_bbox: 74.6552  loss_dfl: 57.5761
2024/07/24 07:43:15 - mmengine - INFO - Epoch(train) [228][100/102]  base_lr: 2.0000e-02 lr: 5.0840e-03  eta: 0:31:48  time: 0.2476  data_time: 0.0010  memory: 12296  grad_norm: 99.6853  loss: 179.6897  loss_cls: 47.1756  loss_bbox: 75.5427  loss_dfl: 56.9714
2024/07/24 07:43:15 - mmengine - INFO - Exp name: remdet_l-300e_coco_20240724_055016
2024/07/24 07:43:28 - mmengine - INFO - Epoch(train) [229][ 50/102]  base_lr: 2.0000e-02 lr: 5.0180e-03  eta: 0:31:34  time: 0.2693  data_time: 0.0100  memory: 11916  grad_norm: 97.7141  loss: 177.9195  loss_cls: 46.1443  loss_bbox: 74.2325  loss_dfl: 57.5427
2024/07/24 07:43:41 - mmengine - INFO - Epoch(train) [229][100/102]  base_lr: 2.0000e-02 lr: 5.0180e-03  eta: 0:31:21  time: 0.2511  data_time: 0.0010  memory: 12249  grad_norm: 99.3283  loss: 178.6776  loss_cls: 46.6615  loss_bbox: 75.1374  loss_dfl: 56.8787
2024/07/24 07:43:41 - mmengine - INFO - Exp name: remdet_l-300e_coco_20240724_055016
2024/07/24 07:43:55 - mmengine - INFO - Epoch(train) [230][ 50/102]  base_lr: 2.0000e-02 lr: 4.9520e-03  eta: 0:31:08  time: 0.2711  data_time: 0.0108  memory: 15002  grad_norm: 97.9776  loss: 179.3465  loss_cls: 46.8333  loss_bbox: 75.0238  loss_dfl: 57.4893
2024/07/24 07:44:07 - mmengine - INFO - Epoch(train) [230][100/102]  base_lr: 2.0000e-02 lr: 4.9520e-03  eta: 0:30:55  time: 0.2472  data_time: 0.0010  memory: 12709  grad_norm: 98.7094  loss: 176.3804  loss_cls: 45.0625  loss_bbox: 73.9932  loss_dfl: 57.3247
2024/07/24 07:44:08 - mmengine - INFO - Exp name: remdet_l-300e_coco_20240724_055016
2024/07/24 07:44:08 - mmengine - INFO - Saving checkpoint at 230 epochs
2024/07/24 07:44:12 - mmengine - INFO - Evaluating bbox...
2024/07/24 07:44:36 - mmengine - INFO - bbox_mAP_copypaste: 0.291 0.471 0.302 0.185 0.433 0.550
2024/07/24 07:44:36 - mmengine - INFO - Epoch(val) [230][9/9]    coco/bbox_mAP: 0.2910  coco/bbox_mAP_50: 0.4710  coco/bbox_mAP_75: 0.3020  coco/bbox_mAP_s: 0.1850  coco/bbox_mAP_m: 0.4330  coco/bbox_mAP_l: 0.5500  data_time: 0.0178  time: 0.0891
2024/07/24 07:44:50 - mmengine - INFO - Epoch(train) [231][ 50/102]  base_lr: 2.0000e-02 lr: 4.8860e-03  eta: 0:30:41  time: 0.2766  data_time: 0.0174  memory: 11416  grad_norm: 99.0507  loss: 176.1732  loss_cls: 45.5045  loss_bbox: 73.6757  loss_dfl: 56.9930
2024/07/24 07:45:03 - mmengine - INFO - Epoch(train) [231][100/102]  base_lr: 2.0000e-02 lr: 4.8860e-03  eta: 0:30:28  time: 0.2519  data_time: 0.0010  memory: 11802  grad_norm: 100.3141  loss: 179.7252  loss_cls: 47.2070  loss_bbox: 75.7654  loss_dfl: 56.7527
2024/07/24 07:45:03 - mmengine - INFO - Exp name: remdet_l-300e_coco_20240724_055016
2024/07/24 07:45:18 - mmengine - INFO - Epoch(train) [232][ 50/102]  base_lr: 2.0000e-02 lr: 4.8200e-03  eta: 0:30:15  time: 0.2874  data_time: 0.0118  memory: 12389  grad_norm: 99.9212  loss: 174.7255  loss_cls: 45.0674  loss_bbox: 73.3134  loss_dfl: 56.3447
2024/07/24 07:45:30 - mmengine - INFO - Epoch(train) [232][100/102]  base_lr: 2.0000e-02 lr: 4.8200e-03  eta: 0:30:02  time: 0.2542  data_time: 0.0010  memory: 11436  grad_norm: 101.0470  loss: 176.3606  loss_cls: 45.7169  loss_bbox: 72.9873  loss_dfl: 57.6564
2024/07/24 07:45:31 - mmengine - INFO - Exp name: remdet_l-300e_coco_20240724_055016
2024/07/24 07:45:45 - mmengine - INFO - Epoch(train) [233][ 50/102]  base_lr: 2.0000e-02 lr: 4.7540e-03  eta: 0:29:49  time: 0.2757  data_time: 0.0120  memory: 12449  grad_norm: 97.8496  loss: 176.2771  loss_cls: 45.9162  loss_bbox: 73.3342  loss_dfl: 57.0267
2024/07/24 07:45:57 - mmengine - INFO - Epoch(train) [233][100/102]  base_lr: 2.0000e-02 lr: 4.7540e-03  eta: 0:29:36  time: 0.2570  data_time: 0.0010  memory: 13776  grad_norm: 99.8560  loss: 177.7242  loss_cls: 46.3635  loss_bbox: 74.4309  loss_dfl: 56.9298
2024/07/24 07:45:58 - mmengine - INFO - Exp name: remdet_l-300e_coco_20240724_055016
2024/07/24 07:46:11 - mmengine - INFO - Epoch(train) [234][ 50/102]  base_lr: 2.0000e-02 lr: 4.6880e-03  eta: 0:29:22  time: 0.2699  data_time: 0.0106  memory: 11996  grad_norm: 100.4595  loss: 177.1377  loss_cls: 46.2097  loss_bbox: 73.8879  loss_dfl: 57.0401
2024/07/24 07:46:24 - mmengine - INFO - Epoch(train) [234][100/102]  base_lr: 2.0000e-02 lr: 4.6880e-03  eta: 0:29:09  time: 0.2509  data_time: 0.0010  memory: 12056  grad_norm: 99.7968  loss: 175.1865  loss_cls: 45.1613  loss_bbox: 73.0871  loss_dfl: 56.9380
2024/07/24 07:46:24 - mmengine - INFO - Exp name: remdet_l-300e_coco_20240724_055016
2024/07/24 07:46:38 - mmengine - INFO - Epoch(train) [235][ 50/102]  base_lr: 2.0000e-02 lr: 4.6220e-03  eta: 0:28:56  time: 0.2673  data_time: 0.0114  memory: 12530  grad_norm: 98.5713  loss: 177.4594  loss_cls: 45.7961  loss_bbox: 74.5447  loss_dfl: 57.1186
2024/07/24 07:46:50 - mmengine - INFO - Epoch(train) [235][100/102]  base_lr: 2.0000e-02 lr: 4.6220e-03  eta: 0:28:43  time: 0.2541  data_time: 0.0010  memory: 11676  grad_norm: 100.8445  loss: 174.6050  loss_cls: 44.4387  loss_bbox: 72.9228  loss_dfl: 57.2436
2024/07/24 07:46:51 - mmengine - INFO - Exp name: remdet_l-300e_coco_20240724_055016
2024/07/24 07:46:59 - mmengine - INFO - Exp name: remdet_l-300e_coco_20240724_055016
2024/07/24 07:47:05 - mmengine - INFO - Epoch(train) [236][ 50/102]  base_lr: 2.0000e-02 lr: 4.5560e-03  eta: 0:28:29  time: 0.2771  data_time: 0.0134  memory: 13269  grad_norm: 101.8399  loss: 179.3029  loss_cls: 46.5701  loss_bbox: 75.6584  loss_dfl: 57.0744
2024/07/24 07:47:17 - mmengine - INFO - Epoch(train) [236][100/102]  base_lr: 2.0000e-02 lr: 4.5560e-03  eta: 0:28:16  time: 0.2573  data_time: 0.0011  memory: 11802  grad_norm: 102.2518  loss: 177.7596  loss_cls: 46.4345  loss_bbox: 74.0888  loss_dfl: 57.2364
2024/07/24 07:47:18 - mmengine - INFO - Exp name: remdet_l-300e_coco_20240724_055016
2024/07/24 07:47:31 - mmengine - INFO - Epoch(train) [237][ 50/102]  base_lr: 2.0000e-02 lr: 4.4900e-03  eta: 0:28:03  time: 0.2710  data_time: 0.0125  memory: 11669  grad_norm: 101.2914  loss: 177.5851  loss_cls: 45.6932  loss_bbox: 74.9450  loss_dfl: 56.9469
2024/07/24 07:47:44 - mmengine - INFO - Epoch(train) [237][100/102]  base_lr: 2.0000e-02 lr: 4.4900e-03  eta: 0:27:50  time: 0.2484  data_time: 0.0010  memory: 11536  grad_norm: 101.0747  loss: 174.1023  loss_cls: 44.7362  loss_bbox: 72.0847  loss_dfl: 57.2815
2024/07/24 07:47:44 - mmengine - INFO - Exp name: remdet_l-300e_coco_20240724_055016
2024/07/24 07:47:58 - mmengine - INFO - Epoch(train) [238][ 50/102]  base_lr: 2.0000e-02 lr: 4.4240e-03  eta: 0:27:36  time: 0.2728  data_time: 0.0122  memory: 12062  grad_norm: 101.8495  loss: 174.3316  loss_cls: 44.7331  loss_bbox: 72.8765  loss_dfl: 56.7220
2024/07/24 07:48:10 - mmengine - INFO - Epoch(train) [238][100/102]  base_lr: 2.0000e-02 lr: 4.4240e-03  eta: 0:27:23  time: 0.2495  data_time: 0.0010  memory: 12176  grad_norm: 100.4627  loss: 175.6254  loss_cls: 45.7262  loss_bbox: 72.9006  loss_dfl: 56.9986
2024/07/24 07:48:11 - mmengine - INFO - Exp name: remdet_l-300e_coco_20240724_055016
2024/07/24 07:48:24 - mmengine - INFO - Epoch(train) [239][ 50/102]  base_lr: 2.0000e-02 lr: 4.3580e-03  eta: 0:27:10  time: 0.2684  data_time: 0.0101  memory: 12342  grad_norm: 103.6706  loss: 176.6221  loss_cls: 45.8154  loss_bbox: 73.8440  loss_dfl: 56.9626
2024/07/24 07:48:36 - mmengine - INFO - Epoch(train) [239][100/102]  base_lr: 2.0000e-02 lr: 4.3580e-03  eta: 0:26:57  time: 0.2465  data_time: 0.0010  memory: 11322  grad_norm: 102.8790  loss: 175.1600  loss_cls: 45.0464  loss_bbox: 72.6791  loss_dfl: 57.4344
2024/07/24 07:48:37 - mmengine - INFO - Exp name: remdet_l-300e_coco_20240724_055016
2024/07/24 07:48:50 - mmengine - INFO - Epoch(train) [240][ 50/102]  base_lr: 2.0000e-02 lr: 4.2920e-03  eta: 0:26:43  time: 0.2659  data_time: 0.0111  memory: 12256  grad_norm: 101.3358  loss: 180.9197  loss_cls: 47.1176  loss_bbox: 76.2539  loss_dfl: 57.5482
2024/07/24 07:49:03 - mmengine - INFO - Epoch(train) [240][100/102]  base_lr: 2.0000e-02 lr: 4.2920e-03  eta: 0:26:30  time: 0.2489  data_time: 0.0010  memory: 12656  grad_norm: 102.2538  loss: 175.6146  loss_cls: 44.9859  loss_bbox: 73.8290  loss_dfl: 56.7997
2024/07/24 07:49:03 - mmengine - INFO - Exp name: remdet_l-300e_coco_20240724_055016
2024/07/24 07:49:03 - mmengine - INFO - Saving checkpoint at 240 epochs
2024/07/24 07:49:07 - mmengine - INFO - Evaluating bbox...
2024/07/24 07:49:32 - mmengine - INFO - bbox_mAP_copypaste: 0.291 0.471 0.302 0.185 0.434 0.554
2024/07/24 07:49:32 - mmengine - INFO - Epoch(val) [240][9/9]    coco/bbox_mAP: 0.2910  coco/bbox_mAP_50: 0.4710  coco/bbox_mAP_75: 0.3020  coco/bbox_mAP_s: 0.1850  coco/bbox_mAP_m: 0.4340  coco/bbox_mAP_l: 0.5540  data_time: 0.0199  time: 0.0928
2024/07/24 07:49:45 - mmengine - INFO - Epoch(train) [241][ 50/102]  base_lr: 2.0000e-02 lr: 4.2260e-03  eta: 0:26:17  time: 0.2718  data_time: 0.0171  memory: 12369  grad_norm: 103.6300  loss: 177.1637  loss_cls: 45.3928  loss_bbox: 74.8348  loss_dfl: 56.9361
2024/07/24 07:49:58 - mmengine - INFO - Epoch(train) [241][100/102]  base_lr: 2.0000e-02 lr: 4.2260e-03  eta: 0:26:03  time: 0.2493  data_time: 0.0010  memory: 12476  grad_norm: 104.7758  loss: 177.2914  loss_cls: 45.8668  loss_bbox: 73.7528  loss_dfl: 57.6718
2024/07/24 07:49:58 - mmengine - INFO - Exp name: remdet_l-300e_coco_20240724_055016
2024/07/24 07:50:12 - mmengine - INFO - Epoch(train) [242][ 50/102]  base_lr: 2.0000e-02 lr: 4.1600e-03  eta: 0:25:50  time: 0.2698  data_time: 0.0119  memory: 11669  grad_norm: 104.9503  loss: 173.0689  loss_cls: 43.6833  loss_bbox: 72.6418  loss_dfl: 56.7439
2024/07/24 07:50:24 - mmengine - INFO - Epoch(train) [242][100/102]  base_lr: 2.0000e-02 lr: 4.1600e-03  eta: 0:25:37  time: 0.2490  data_time: 0.0010  memory: 12189  grad_norm: 100.7707  loss: 174.9172  loss_cls: 44.8599  loss_bbox: 73.1286  loss_dfl: 56.9286
2024/07/24 07:50:25 - mmengine - INFO - Exp name: remdet_l-300e_coco_20240724_055016
2024/07/24 07:50:38 - mmengine - INFO - Epoch(train) [243][ 50/102]  base_lr: 2.0000e-02 lr: 4.0940e-03  eta: 0:25:23  time: 0.2693  data_time: 0.0128  memory: 11542  grad_norm: 103.2970  loss: 173.3011  loss_cls: 44.1012  loss_bbox: 72.3218  loss_dfl: 56.8781
2024/07/24 07:50:50 - mmengine - INFO - Epoch(train) [243][100/102]  base_lr: 2.0000e-02 lr: 4.0940e-03  eta: 0:25:10  time: 0.2482  data_time: 0.0010  memory: 12522  grad_norm: 104.3260  loss: 173.9701  loss_cls: 44.3506  loss_bbox: 72.8933  loss_dfl: 56.7262
2024/07/24 07:50:51 - mmengine - INFO - Exp name: remdet_l-300e_coco_20240724_055016
2024/07/24 07:51:04 - mmengine - INFO - Epoch(train) [244][ 50/102]  base_lr: 2.0000e-02 lr: 4.0280e-03  eta: 0:24:57  time: 0.2698  data_time: 0.0138  memory: 11536  grad_norm: 102.4490  loss: 174.6357  loss_cls: 45.1847  loss_bbox: 72.7313  loss_dfl: 56.7197
2024/07/24 07:51:17 - mmengine - INFO - Epoch(train) [244][100/102]  base_lr: 2.0000e-02 lr: 4.0280e-03  eta: 0:24:44  time: 0.2489  data_time: 0.0010  memory: 12016  grad_norm: 104.3562  loss: 176.0542  loss_cls: 44.8798  loss_bbox: 73.1835  loss_dfl: 57.9909
2024/07/24 07:51:17 - mmengine - INFO - Exp name: remdet_l-300e_coco_20240724_055016
2024/07/24 07:51:31 - mmengine - INFO - Epoch(train) [245][ 50/102]  base_lr: 2.0000e-02 lr: 3.9620e-03  eta: 0:24:30  time: 0.2705  data_time: 0.0117  memory: 11869  grad_norm: 105.0066  loss: 176.1872  loss_cls: 45.1669  loss_bbox: 74.3271  loss_dfl: 56.6931
2024/07/24 07:51:43 - mmengine - INFO - Epoch(train) [245][100/102]  base_lr: 2.0000e-02 lr: 3.9620e-03  eta: 0:24:17  time: 0.2507  data_time: 0.0010  memory: 11716  grad_norm: 106.1949  loss: 170.6945  loss_cls: 42.8924  loss_bbox: 71.1799  loss_dfl: 56.6222
2024/07/24 07:51:44 - mmengine - INFO - Exp name: remdet_l-300e_coco_20240724_055016
2024/07/24 07:51:47 - mmengine - INFO - Exp name: remdet_l-300e_coco_20240724_055016
2024/07/24 07:51:57 - mmengine - INFO - Epoch(train) [246][ 50/102]  base_lr: 2.0000e-02 lr: 3.8960e-03  eta: 0:24:04  time: 0.2728  data_time: 0.0132  memory: 12129  grad_norm: 106.1138  loss: 175.0947  loss_cls: 44.8853  loss_bbox: 73.1696  loss_dfl: 57.0398
2024/07/24 07:52:10 - mmengine - INFO - Epoch(train) [246][100/102]  base_lr: 2.0000e-02 lr: 3.8960e-03  eta: 0:23:51  time: 0.2535  data_time: 0.0010  memory: 11736  grad_norm: 106.3256  loss: 175.0467  loss_cls: 44.9110  loss_bbox: 73.3566  loss_dfl: 56.7791
2024/07/24 07:52:10 - mmengine - INFO - Exp name: remdet_l-300e_coco_20240724_055016
2024/07/24 07:52:24 - mmengine - INFO - Epoch(train) [247][ 50/102]  base_lr: 2.0000e-02 lr: 3.8300e-03  eta: 0:23:37  time: 0.2748  data_time: 0.0112  memory: 11622  grad_norm: 106.1894  loss: 175.8142  loss_cls: 45.4682  loss_bbox: 73.5619  loss_dfl: 56.7841
2024/07/24 07:52:36 - mmengine - INFO - Epoch(train) [247][100/102]  base_lr: 2.0000e-02 lr: 3.8300e-03  eta: 0:23:24  time: 0.2464  data_time: 0.0010  memory: 11749  grad_norm: 104.5555  loss: 169.8889  loss_cls: 42.6269  loss_bbox: 70.7539  loss_dfl: 56.5081
2024/07/24 07:52:37 - mmengine - INFO - Exp name: remdet_l-300e_coco_20240724_055016
2024/07/24 07:52:50 - mmengine - INFO - Epoch(train) [248][ 50/102]  base_lr: 2.0000e-02 lr: 3.7640e-03  eta: 0:23:11  time: 0.2670  data_time: 0.0101  memory: 11389  grad_norm: 104.9039  loss: 174.8757  loss_cls: 44.8290  loss_bbox: 73.0054  loss_dfl: 57.0412
2024/07/24 07:53:02 - mmengine - INFO - Epoch(train) [248][100/102]  base_lr: 2.0000e-02 lr: 3.7640e-03  eta: 0:22:58  time: 0.2472  data_time: 0.0011  memory: 11496  grad_norm: 108.0916  loss: 175.6957  loss_cls: 45.0718  loss_bbox: 74.1000  loss_dfl: 56.5239
2024/07/24 07:53:03 - mmengine - INFO - Exp name: remdet_l-300e_coco_20240724_055016
2024/07/24 07:53:17 - mmengine - INFO - Epoch(train) [249][ 50/102]  base_lr: 2.0000e-02 lr: 3.6980e-03  eta: 0:22:44  time: 0.2789  data_time: 0.0093  memory: 11956  grad_norm: 107.2707  loss: 175.5973  loss_cls: 44.9294  loss_bbox: 73.3576  loss_dfl: 57.3104
2024/07/24 07:53:29 - mmengine - INFO - Epoch(train) [249][100/102]  base_lr: 2.0000e-02 lr: 3.6980e-03  eta: 0:22:31  time: 0.2500  data_time: 0.0010  memory: 12189  grad_norm: 105.9369  loss: 174.5277  loss_cls: 44.2634  loss_bbox: 73.7873  loss_dfl: 56.4770
2024/07/24 07:53:30 - mmengine - INFO - Exp name: remdet_l-300e_coco_20240724_055016
2024/07/24 07:53:43 - mmengine - INFO - Epoch(train) [250][ 50/102]  base_lr: 2.0000e-02 lr: 3.6320e-03  eta: 0:22:18  time: 0.2737  data_time: 0.0102  memory: 12149  grad_norm: 107.2413  loss: 170.8658  loss_cls: 43.1204  loss_bbox: 71.1440  loss_dfl: 56.6014
2024/07/24 07:53:56 - mmengine - INFO - Epoch(train) [250][100/102]  base_lr: 2.0000e-02 lr: 3.6320e-03  eta: 0:22:05  time: 0.2573  data_time: 0.0010  memory: 11563  grad_norm: 107.4233  loss: 171.4050  loss_cls: 43.2977  loss_bbox: 71.8564  loss_dfl: 56.2509
2024/07/24 07:53:57 - mmengine - INFO - Exp name: remdet_l-300e_coco_20240724_055016
2024/07/24 07:53:57 - mmengine - INFO - Saving checkpoint at 250 epochs
2024/07/24 07:54:01 - mmengine - INFO - Evaluating bbox...
2024/07/24 07:54:25 - mmengine - INFO - bbox_mAP_copypaste: 0.292 0.473 0.302 0.186 0.434 0.551
2024/07/24 07:54:25 - mmengine - INFO - Epoch(val) [250][9/9]    coco/bbox_mAP: 0.2920  coco/bbox_mAP_50: 0.4730  coco/bbox_mAP_75: 0.3020  coco/bbox_mAP_s: 0.1860  coco/bbox_mAP_m: 0.4340  coco/bbox_mAP_l: 0.5510  data_time: 0.0214  time: 0.0943
2024/07/24 07:54:25 - mmengine - INFO - The previous best checkpoint /mnt/exam_log/0723_remdet/remdet_series/visdrone/remdet_l/best_coco_bbox_mAP_epoch_220.pth is removed
2024/07/24 07:54:27 - mmengine - INFO - The best checkpoint with 0.2920 coco/bbox_mAP at 250 epoch is saved to best_coco_bbox_mAP_epoch_250.pth.
2024/07/24 07:54:42 - mmengine - INFO - Epoch(train) [251][ 50/102]  base_lr: 2.0000e-02 lr: 3.5660e-03  eta: 0:21:51  time: 0.2678  data_time: 0.0124  memory: 12062  grad_norm: 105.4961  loss: 173.3766  loss_cls: 44.2755  loss_bbox: 72.8990  loss_dfl: 56.2021
2024/07/24 07:54:55 - mmengine - INFO - Epoch(train) [251][100/102]  base_lr: 2.0000e-02 lr: 3.5660e-03  eta: 0:21:38  time: 0.2497  data_time: 0.0010  memory: 12129  grad_norm: 108.2629  loss: 172.7470  loss_cls: 43.4648  loss_bbox: 72.2292  loss_dfl: 57.0530
2024/07/24 07:54:55 - mmengine - INFO - Exp name: remdet_l-300e_coco_20240724_055016
2024/07/24 07:55:09 - mmengine - INFO - Epoch(train) [252][ 50/102]  base_lr: 2.0000e-02 lr: 3.5000e-03  eta: 0:21:25  time: 0.2731  data_time: 0.0093  memory: 11489  grad_norm: 106.3843  loss: 172.3335  loss_cls: 43.3474  loss_bbox: 72.3750  loss_dfl: 56.6111
2024/07/24 07:55:21 - mmengine - INFO - Epoch(train) [252][100/102]  base_lr: 2.0000e-02 lr: 3.5000e-03  eta: 0:21:12  time: 0.2513  data_time: 0.0011  memory: 12129  grad_norm: 110.5432  loss: 175.1335  loss_cls: 45.0689  loss_bbox: 73.3480  loss_dfl: 56.7166
2024/07/24 07:55:22 - mmengine - INFO - Exp name: remdet_l-300e_coco_20240724_055016
2024/07/24 07:55:35 - mmengine - INFO - Epoch(train) [253][ 50/102]  base_lr: 2.0000e-02 lr: 3.4340e-03  eta: 0:20:58  time: 0.2715  data_time: 0.0171  memory: 11182  grad_norm: 108.3741  loss: 173.7724  loss_cls: 44.4396  loss_bbox: 72.8586  loss_dfl: 56.4743
2024/07/24 07:55:48 - mmengine - INFO - Epoch(train) [253][100/102]  base_lr: 2.0000e-02 lr: 3.4340e-03  eta: 0:20:45  time: 0.2493  data_time: 0.0010  memory: 12489  grad_norm: 109.4919  loss: 169.4066  loss_cls: 41.9181  loss_bbox: 71.1248  loss_dfl: 56.3637
2024/07/24 07:55:48 - mmengine - INFO - Exp name: remdet_l-300e_coco_20240724_055016
2024/07/24 07:56:02 - mmengine - INFO - Epoch(train) [254][ 50/102]  base_lr: 2.0000e-02 lr: 3.3680e-03  eta: 0:20:32  time: 0.2710  data_time: 0.0114  memory: 12456  grad_norm: 108.0970  loss: 170.2788  loss_cls: 42.4082  loss_bbox: 71.3882  loss_dfl: 56.4825
2024/07/24 07:56:14 - mmengine - INFO - Epoch(train) [254][100/102]  base_lr: 2.0000e-02 lr: 3.3680e-03  eta: 0:20:19  time: 0.2493  data_time: 0.0010  memory: 11649  grad_norm: 109.9541  loss: 171.1938  loss_cls: 43.2028  loss_bbox: 70.8050  loss_dfl: 57.1859
2024/07/24 07:56:15 - mmengine - INFO - Exp name: remdet_l-300e_coco_20240724_055016
2024/07/24 07:56:28 - mmengine - INFO - Epoch(train) [255][ 50/102]  base_lr: 2.0000e-02 lr: 3.3020e-03  eta: 0:20:05  time: 0.2675  data_time: 0.0137  memory: 12042  grad_norm: 109.6469  loss: 172.0824  loss_cls: 43.8045  loss_bbox: 72.0963  loss_dfl: 56.1817
2024/07/24 07:56:38 - mmengine - INFO - Exp name: remdet_l-300e_coco_20240724_055016
2024/07/24 07:56:40 - mmengine - INFO - Epoch(train) [255][100/102]  base_lr: 2.0000e-02 lr: 3.3020e-03  eta: 0:19:52  time: 0.2479  data_time: 0.0010  memory: 11942  grad_norm: 107.9238  loss: 173.2268  loss_cls: 44.0641  loss_bbox: 72.3499  loss_dfl: 56.8129
2024/07/24 07:56:41 - mmengine - INFO - Exp name: remdet_l-300e_coco_20240724_055016
2024/07/24 07:56:54 - mmengine - INFO - Epoch(train) [256][ 50/102]  base_lr: 2.0000e-02 lr: 3.2360e-03  eta: 0:19:39  time: 0.2708  data_time: 0.0106  memory: 11162  grad_norm: 108.4093  loss: 172.7605  loss_cls: 44.0542  loss_bbox: 71.9394  loss_dfl: 56.7668
2024/07/24 07:57:07 - mmengine - INFO - Epoch(train) [256][100/102]  base_lr: 2.0000e-02 lr: 3.2360e-03  eta: 0:19:26  time: 0.2487  data_time: 0.0010  memory: 14469  grad_norm: 106.6903  loss: 172.8781  loss_cls: 43.6678  loss_bbox: 72.3497  loss_dfl: 56.8605
2024/07/24 07:57:07 - mmengine - INFO - Exp name: remdet_l-300e_coco_20240724_055016
2024/07/24 07:57:21 - mmengine - INFO - Epoch(train) [257][ 50/102]  base_lr: 2.0000e-02 lr: 3.1700e-03  eta: 0:19:12  time: 0.2701  data_time: 0.0151  memory: 12069  grad_norm: 108.6394  loss: 172.0871  loss_cls: 43.5170  loss_bbox: 71.7486  loss_dfl: 56.8215
2024/07/24 07:57:33 - mmengine - INFO - Epoch(train) [257][100/102]  base_lr: 2.0000e-02 lr: 3.1700e-03  eta: 0:18:59  time: 0.2486  data_time: 0.0010  memory: 11949  grad_norm: 110.9460  loss: 174.0070  loss_cls: 44.1016  loss_bbox: 72.8728  loss_dfl: 57.0326
2024/07/24 07:57:33 - mmengine - INFO - Exp name: remdet_l-300e_coco_20240724_055016
2024/07/24 07:57:47 - mmengine - INFO - Epoch(train) [258][ 50/102]  base_lr: 2.0000e-02 lr: 3.1040e-03  eta: 0:18:46  time: 0.2695  data_time: 0.0108  memory: 11416  grad_norm: 109.2805  loss: 169.3273  loss_cls: 42.4972  loss_bbox: 70.6864  loss_dfl: 56.1436
2024/07/24 07:57:59 - mmengine - INFO - Epoch(train) [258][100/102]  base_lr: 2.0000e-02 lr: 3.1040e-03  eta: 0:18:33  time: 0.2476  data_time: 0.0010  memory: 11956  grad_norm: 110.9757  loss: 173.1488  loss_cls: 44.6075  loss_bbox: 72.0007  loss_dfl: 56.5407
2024/07/24 07:58:00 - mmengine - INFO - Exp name: remdet_l-300e_coco_20240724_055016
2024/07/24 07:58:13 - mmengine - INFO - Epoch(train) [259][ 50/102]  base_lr: 2.0000e-02 lr: 3.0380e-03  eta: 0:18:19  time: 0.2689  data_time: 0.0114  memory: 12549  grad_norm: 111.8347  loss: 171.3540  loss_cls: 42.9368  loss_bbox: 71.6064  loss_dfl: 56.8108
2024/07/24 07:58:26 - mmengine - INFO - Epoch(train) [259][100/102]  base_lr: 2.0000e-02 lr: 3.0380e-03  eta: 0:18:06  time: 0.2525  data_time: 0.0010  memory: 11722  grad_norm: 109.6441  loss: 168.1181  loss_cls: 41.7993  loss_bbox: 69.6272  loss_dfl: 56.6916
2024/07/24 07:58:26 - mmengine - INFO - Exp name: remdet_l-300e_coco_20240724_055016
2024/07/24 07:58:40 - mmengine - INFO - Epoch(train) [260][ 50/102]  base_lr: 2.0000e-02 lr: 2.9720e-03  eta: 0:17:53  time: 0.2743  data_time: 0.0112  memory: 11563  grad_norm: 110.6507  loss: 174.7606  loss_cls: 44.4818  loss_bbox: 73.4739  loss_dfl: 56.8049
2024/07/24 07:58:52 - mmengine - INFO - Epoch(train) [260][100/102]  base_lr: 2.0000e-02 lr: 2.9720e-03  eta: 0:17:40  time: 0.2464  data_time: 0.0010  memory: 11669  grad_norm: 111.8199  loss: 172.0084  loss_cls: 43.5227  loss_bbox: 71.8936  loss_dfl: 56.5920
2024/07/24 07:58:53 - mmengine - INFO - Exp name: remdet_l-300e_coco_20240724_055016
2024/07/24 07:58:53 - mmengine - INFO - Saving checkpoint at 260 epochs
2024/07/24 07:58:57 - mmengine - INFO - Evaluating bbox...
2024/07/24 07:59:22 - mmengine - INFO - bbox_mAP_copypaste: 0.293 0.474 0.302 0.186 0.435 0.552
2024/07/24 07:59:22 - mmengine - INFO - Epoch(val) [260][9/9]    coco/bbox_mAP: 0.2930  coco/bbox_mAP_50: 0.4740  coco/bbox_mAP_75: 0.3020  coco/bbox_mAP_s: 0.1860  coco/bbox_mAP_m: 0.4350  coco/bbox_mAP_l: 0.5520  data_time: 0.0246  time: 0.0991
2024/07/24 07:59:22 - mmengine - INFO - The previous best checkpoint /mnt/exam_log/0723_remdet/remdet_series/visdrone/remdet_l/best_coco_bbox_mAP_epoch_250.pth is removed
2024/07/24 07:59:23 - mmengine - INFO - The best checkpoint with 0.2930 coco/bbox_mAP at 260 epoch is saved to best_coco_bbox_mAP_epoch_260.pth.
2024/07/24 07:59:39 - mmengine - INFO - Epoch(train) [261][ 50/102]  base_lr: 2.0000e-02 lr: 2.9060e-03  eta: 0:17:26  time: 0.2788  data_time: 0.0120  memory: 11909  grad_norm: 112.4069  loss: 168.7275  loss_cls: 41.6123  loss_bbox: 70.4660  loss_dfl: 56.6493
2024/07/24 07:59:52 - mmengine - INFO - Epoch(train) [261][100/102]  base_lr: 2.0000e-02 lr: 2.9060e-03  eta: 0:17:13  time: 0.2482  data_time: 0.0010  memory: 11622  grad_norm: 111.7499  loss: 173.1413  loss_cls: 43.6047  loss_bbox: 72.6158  loss_dfl: 56.9208
2024/07/24 07:59:52 - mmengine - INFO - Exp name: remdet_l-300e_coco_20240724_055016
2024/07/24 08:00:06 - mmengine - INFO - Epoch(train) [262][ 50/102]  base_lr: 2.0000e-02 lr: 2.8400e-03  eta: 0:17:00  time: 0.2688  data_time: 0.0134  memory: 11522  grad_norm: 112.0222  loss: 166.8739  loss_cls: 41.1049  loss_bbox: 69.3897  loss_dfl: 56.3792
2024/07/24 08:00:18 - mmengine - INFO - Epoch(train) [262][100/102]  base_lr: 2.0000e-02 lr: 2.8400e-03  eta: 0:16:47  time: 0.2505  data_time: 0.0010  memory: 11502  grad_norm: 111.5527  loss: 174.0801  loss_cls: 43.9383  loss_bbox: 73.5142  loss_dfl: 56.6276
2024/07/24 08:00:18 - mmengine - INFO - Exp name: remdet_l-300e_coco_20240724_055016
2024/07/24 08:00:32 - mmengine - INFO - Epoch(train) [263][ 50/102]  base_lr: 2.0000e-02 lr: 2.7740e-03  eta: 0:16:33  time: 0.2766  data_time: 0.0158  memory: 12009  grad_norm: 111.7123  loss: 166.9745  loss_cls: 41.4568  loss_bbox: 69.1283  loss_dfl: 56.3894
2024/07/24 08:00:45 - mmengine - INFO - Epoch(train) [263][100/102]  base_lr: 2.0000e-02 lr: 2.7740e-03  eta: 0:16:20  time: 0.2521  data_time: 0.0010  memory: 14422  grad_norm: 111.1225  loss: 173.4708  loss_cls: 43.6462  loss_bbox: 72.7381  loss_dfl: 57.0865
2024/07/24 08:00:45 - mmengine - INFO - Exp name: remdet_l-300e_coco_20240724_055016
2024/07/24 08:00:59 - mmengine - INFO - Epoch(train) [264][ 50/102]  base_lr: 2.0000e-02 lr: 2.7080e-03  eta: 0:16:07  time: 0.2701  data_time: 0.0110  memory: 13282  grad_norm: 113.6345  loss: 171.8220  loss_cls: 43.1228  loss_bbox: 72.0716  loss_dfl: 56.6276
2024/07/24 08:01:11 - mmengine - INFO - Epoch(train) [264][100/102]  base_lr: 2.0000e-02 lr: 2.7080e-03  eta: 0:15:54  time: 0.2518  data_time: 0.0010  memory: 11676  grad_norm: 114.7768  loss: 170.9097  loss_cls: 42.9985  loss_bbox: 71.7643  loss_dfl: 56.1469
2024/07/24 08:01:12 - mmengine - INFO - Exp name: remdet_l-300e_coco_20240724_055016
2024/07/24 08:01:25 - mmengine - INFO - Epoch(train) [265][ 50/102]  base_lr: 2.0000e-02 lr: 2.6420e-03  eta: 0:15:40  time: 0.2707  data_time: 0.0158  memory: 12636  grad_norm: 112.7672  loss: 173.5008  loss_cls: 44.1524  loss_bbox: 72.3947  loss_dfl: 56.9537
2024/07/24 08:01:31 - mmengine - INFO - Exp name: remdet_l-300e_coco_20240724_055016
2024/07/24 08:01:38 - mmengine - INFO - Epoch(train) [265][100/102]  base_lr: 2.0000e-02 lr: 2.6420e-03  eta: 0:15:27  time: 0.2487  data_time: 0.0010  memory: 11316  grad_norm: 114.4286  loss: 167.9644  loss_cls: 41.8935  loss_bbox: 69.6945  loss_dfl: 56.3764
2024/07/24 08:01:38 - mmengine - INFO - Exp name: remdet_l-300e_coco_20240724_055016
2024/07/24 08:01:52 - mmengine - INFO - Epoch(train) [266][ 50/102]  base_lr: 2.0000e-02 lr: 2.5760e-03  eta: 0:15:14  time: 0.2718  data_time: 0.0106  memory: 11649  grad_norm: 114.2682  loss: 170.6660  loss_cls: 42.5302  loss_bbox: 71.6353  loss_dfl: 56.5005
2024/07/24 08:02:04 - mmengine - INFO - Epoch(train) [266][100/102]  base_lr: 2.0000e-02 lr: 2.5760e-03  eta: 0:15:01  time: 0.2495  data_time: 0.0010  memory: 12082  grad_norm: 115.7234  loss: 169.0931  loss_cls: 42.1648  loss_bbox: 70.7355  loss_dfl: 56.1928
2024/07/24 08:02:05 - mmengine - INFO - Exp name: remdet_l-300e_coco_20240724_055016
2024/07/24 08:02:18 - mmengine - INFO - Epoch(train) [267][ 50/102]  base_lr: 2.0000e-02 lr: 2.5100e-03  eta: 0:14:47  time: 0.2701  data_time: 0.0141  memory: 11789  grad_norm: 113.5019  loss: 169.9857  loss_cls: 42.2427  loss_bbox: 70.8422  loss_dfl: 56.9008
2024/07/24 08:02:31 - mmengine - INFO - Epoch(train) [267][100/102]  base_lr: 2.0000e-02 lr: 2.5100e-03  eta: 0:14:34  time: 0.2495  data_time: 0.0010  memory: 12156  grad_norm: 114.1170  loss: 169.8859  loss_cls: 42.4066  loss_bbox: 71.0811  loss_dfl: 56.3982
2024/07/24 08:02:31 - mmengine - INFO - Exp name: remdet_l-300e_coco_20240724_055016
2024/07/24 08:02:44 - mmengine - INFO - Epoch(train) [268][ 50/102]  base_lr: 2.0000e-02 lr: 2.4440e-03  eta: 0:14:21  time: 0.2683  data_time: 0.0112  memory: 11522  grad_norm: 113.0371  loss: 169.3289  loss_cls: 41.7655  loss_bbox: 71.0401  loss_dfl: 56.5233
2024/07/24 08:02:57 - mmengine - INFO - Epoch(train) [268][100/102]  base_lr: 2.0000e-02 lr: 2.4440e-03  eta: 0:14:08  time: 0.2478  data_time: 0.0010  memory: 11929  grad_norm: 115.7085  loss: 167.4716  loss_cls: 41.3664  loss_bbox: 69.4169  loss_dfl: 56.6882
2024/07/24 08:02:57 - mmengine - INFO - Exp name: remdet_l-300e_coco_20240724_055016
2024/07/24 08:03:11 - mmengine - INFO - Epoch(train) [269][ 50/102]  base_lr: 2.0000e-02 lr: 2.3780e-03  eta: 0:13:54  time: 0.2685  data_time: 0.0148  memory: 12009  grad_norm: 114.1438  loss: 169.3148  loss_cls: 42.2911  loss_bbox: 70.6420  loss_dfl: 56.3818
2024/07/24 08:03:23 - mmengine - INFO - Epoch(train) [269][100/102]  base_lr: 2.0000e-02 lr: 2.3780e-03  eta: 0:13:41  time: 0.2472  data_time: 0.0010  memory: 11669  grad_norm: 115.6333  loss: 167.4027  loss_cls: 41.3444  loss_bbox: 69.7316  loss_dfl: 56.3268
2024/07/24 08:03:23 - mmengine - INFO - Exp name: remdet_l-300e_coco_20240724_055016
2024/07/24 08:03:37 - mmengine - INFO - Epoch(train) [270][ 50/102]  base_lr: 2.0000e-02 lr: 2.3120e-03  eta: 0:13:28  time: 0.2716  data_time: 0.0165  memory: 11509  grad_norm: 115.7231  loss: 165.7782  loss_cls: 40.8126  loss_bbox: 68.9469  loss_dfl: 56.0188
2024/07/24 08:03:49 - mmengine - INFO - Epoch(train) [270][100/102]  base_lr: 2.0000e-02 lr: 2.3120e-03  eta: 0:13:15  time: 0.2501  data_time: 0.0010  memory: 11862  grad_norm: 117.3048  loss: 167.8615  loss_cls: 41.7158  loss_bbox: 70.4141  loss_dfl: 55.7315
2024/07/24 08:03:50 - mmengine - INFO - Exp name: remdet_l-300e_coco_20240724_055016
2024/07/24 08:03:50 - mmengine - INFO - Saving checkpoint at 270 epochs
2024/07/24 08:03:55 - mmengine - INFO - Evaluating bbox...
2024/07/24 08:04:19 - mmengine - INFO - bbox_mAP_copypaste: 0.293 0.474 0.302 0.186 0.434 0.555
2024/07/24 08:04:19 - mmengine - INFO - Epoch(val) [270][9/9]    coco/bbox_mAP: 0.2930  coco/bbox_mAP_50: 0.4740  coco/bbox_mAP_75: 0.3020  coco/bbox_mAP_s: 0.1860  coco/bbox_mAP_m: 0.4340  coco/bbox_mAP_l: 0.5550  data_time: 0.0194  time: 0.0933
2024/07/24 08:04:33 - mmengine - INFO - Epoch(train) [271][ 50/102]  base_lr: 2.0000e-02 lr: 2.2460e-03  eta: 0:13:01  time: 0.2705  data_time: 0.0144  memory: 11902  grad_norm: 116.2414  loss: 170.3084  loss_cls: 43.0863  loss_bbox: 70.5975  loss_dfl: 56.6246
2024/07/24 08:04:45 - mmengine - INFO - Epoch(train) [271][100/102]  base_lr: 2.0000e-02 lr: 2.2460e-03  eta: 0:12:48  time: 0.2508  data_time: 0.0011  memory: 12036  grad_norm: 115.0932  loss: 169.1522  loss_cls: 41.9897  loss_bbox: 70.7507  loss_dfl: 56.4119
2024/07/24 08:04:46 - mmengine - INFO - Exp name: remdet_l-300e_coco_20240724_055016
2024/07/24 08:05:00 - mmengine - INFO - Epoch(train) [272][ 50/102]  base_lr: 2.0000e-02 lr: 2.1800e-03  eta: 0:12:35  time: 0.2755  data_time: 0.0143  memory: 12269  grad_norm: 115.5126  loss: 168.0238  loss_cls: 41.1130  loss_bbox: 70.4847  loss_dfl: 56.4261
2024/07/24 08:05:12 - mmengine - INFO - Epoch(train) [272][100/102]  base_lr: 2.0000e-02 lr: 2.1800e-03  eta: 0:12:22  time: 0.2534  data_time: 0.0011  memory: 11749  grad_norm: 116.0586  loss: 166.9848  loss_cls: 41.2440  loss_bbox: 69.5883  loss_dfl: 56.1524
2024/07/24 08:05:13 - mmengine - INFO - Exp name: remdet_l-300e_coco_20240724_055016
2024/07/24 08:05:26 - mmengine - INFO - Epoch(train) [273][ 50/102]  base_lr: 2.0000e-02 lr: 2.1140e-03  eta: 0:12:08  time: 0.2733  data_time: 0.0135  memory: 11756  grad_norm: 117.4576  loss: 170.4151  loss_cls: 42.1040  loss_bbox: 71.4902  loss_dfl: 56.8209
2024/07/24 08:05:39 - mmengine - INFO - Epoch(train) [273][100/102]  base_lr: 2.0000e-02 lr: 2.1140e-03  eta: 0:11:55  time: 0.2471  data_time: 0.0011  memory: 11736  grad_norm: 116.5243  loss: 167.9689  loss_cls: 41.3903  loss_bbox: 70.1809  loss_dfl: 56.3978
2024/07/24 08:05:39 - mmengine - INFO - Exp name: remdet_l-300e_coco_20240724_055016
2024/07/24 08:05:53 - mmengine - INFO - Epoch(train) [274][ 50/102]  base_lr: 2.0000e-02 lr: 2.0480e-03  eta: 0:11:42  time: 0.2700  data_time: 0.0108  memory: 11982  grad_norm: 117.8033  loss: 167.3901  loss_cls: 41.6041  loss_bbox: 69.6212  loss_dfl: 56.1647
2024/07/24 08:06:05 - mmengine - INFO - Epoch(train) [274][100/102]  base_lr: 2.0000e-02 lr: 2.0480e-03  eta: 0:11:29  time: 0.2541  data_time: 0.0011  memory: 11716  grad_norm: 116.6261  loss: 170.8096  loss_cls: 42.8797  loss_bbox: 71.3472  loss_dfl: 56.5826
2024/07/24 08:06:06 - mmengine - INFO - Exp name: remdet_l-300e_coco_20240724_055016
2024/07/24 08:06:20 - mmengine - INFO - Epoch(train) [275][ 50/102]  base_lr: 2.0000e-02 lr: 1.9820e-03  eta: 0:11:15  time: 0.2796  data_time: 0.0101  memory: 12262  grad_norm: 117.9232  loss: 168.5321  loss_cls: 41.9796  loss_bbox: 70.3181  loss_dfl: 56.2344
2024/07/24 08:06:20 - mmengine - INFO - Exp name: remdet_l-300e_coco_20240724_055016
2024/07/24 08:06:32 - mmengine - INFO - Epoch(train) [275][100/102]  base_lr: 2.0000e-02 lr: 1.9820e-03  eta: 0:11:02  time: 0.2499  data_time: 0.0011  memory: 12009  grad_norm: 117.4381  loss: 169.6493  loss_cls: 42.1559  loss_bbox: 70.8630  loss_dfl: 56.6304
2024/07/24 08:06:32 - mmengine - INFO - Exp name: remdet_l-300e_coco_20240724_055016
2024/07/24 08:06:46 - mmengine - INFO - Epoch(train) [276][ 50/102]  base_lr: 2.0000e-02 lr: 1.9160e-03  eta: 0:10:49  time: 0.2739  data_time: 0.0158  memory: 11563  grad_norm: 116.6324  loss: 167.7125  loss_cls: 41.3070  loss_bbox: 69.6210  loss_dfl: 56.7845
2024/07/24 08:06:59 - mmengine - INFO - Epoch(train) [276][100/102]  base_lr: 2.0000e-02 lr: 1.9160e-03  eta: 0:10:36  time: 0.2500  data_time: 0.0011  memory: 11629  grad_norm: 117.6969  loss: 166.3278  loss_cls: 40.7784  loss_bbox: 69.6554  loss_dfl: 55.8940
2024/07/24 08:06:59 - mmengine - INFO - Exp name: remdet_l-300e_coco_20240724_055016
2024/07/24 08:07:13 - mmengine - INFO - Epoch(train) [277][ 50/102]  base_lr: 2.0000e-02 lr: 1.8500e-03  eta: 0:10:22  time: 0.2740  data_time: 0.0103  memory: 12422  grad_norm: 115.7005  loss: 166.2579  loss_cls: 40.5562  loss_bbox: 69.7188  loss_dfl: 55.9829
2024/07/24 08:07:25 - mmengine - INFO - Epoch(train) [277][100/102]  base_lr: 2.0000e-02 lr: 1.8500e-03  eta: 0:10:09  time: 0.2509  data_time: 0.0011  memory: 11609  grad_norm: 121.9930  loss: 170.5513  loss_cls: 42.3604  loss_bbox: 71.8521  loss_dfl: 56.3389
2024/07/24 08:07:26 - mmengine - INFO - Exp name: remdet_l-300e_coco_20240724_055016
2024/07/24 08:07:39 - mmengine - INFO - Epoch(train) [278][ 50/102]  base_lr: 2.0000e-02 lr: 1.7840e-03  eta: 0:09:56  time: 0.2662  data_time: 0.0130  memory: 11889  grad_norm: 119.0946  loss: 166.3241  loss_cls: 40.8453  loss_bbox: 69.3445  loss_dfl: 56.1343
2024/07/24 08:07:52 - mmengine - INFO - Epoch(train) [278][100/102]  base_lr: 2.0000e-02 lr: 1.7840e-03  eta: 0:09:43  time: 0.2534  data_time: 0.0011  memory: 11789  grad_norm: 120.4882  loss: 168.9780  loss_cls: 41.8166  loss_bbox: 70.6050  loss_dfl: 56.5564
2024/07/24 08:07:52 - mmengine - INFO - Exp name: remdet_l-300e_coco_20240724_055016
2024/07/24 08:08:05 - mmengine - INFO - Epoch(train) [279][ 50/102]  base_lr: 2.0000e-02 lr: 1.7180e-03  eta: 0:09:29  time: 0.2691  data_time: 0.0126  memory: 12696  grad_norm: 117.4013  loss: 166.5625  loss_cls: 40.7758  loss_bbox: 69.7451  loss_dfl: 56.0416
2024/07/24 08:08:18 - mmengine - INFO - Epoch(train) [279][100/102]  base_lr: 2.0000e-02 lr: 1.7180e-03  eta: 0:09:16  time: 0.2483  data_time: 0.0011  memory: 11896  grad_norm: 116.9291  loss: 164.8950  loss_cls: 40.4326  loss_bbox: 68.0133  loss_dfl: 56.4492
2024/07/24 08:08:18 - mmengine - INFO - Exp name: remdet_l-300e_coco_20240724_055016
2024/07/24 08:08:32 - mmengine - INFO - Epoch(train) [280][ 50/102]  base_lr: 2.0000e-02 lr: 1.6520e-03  eta: 0:09:03  time: 0.2713  data_time: 0.0121  memory: 12482  grad_norm: 119.5023  loss: 164.8611  loss_cls: 40.4072  loss_bbox: 68.6293  loss_dfl: 55.8247
2024/07/24 08:08:44 - mmengine - INFO - Epoch(train) [280][100/102]  base_lr: 2.0000e-02 lr: 1.6520e-03  eta: 0:08:50  time: 0.2494  data_time: 0.0011  memory: 11869  grad_norm: 117.6745  loss: 165.8045  loss_cls: 40.4948  loss_bbox: 69.2012  loss_dfl: 56.1085
2024/07/24 08:08:45 - mmengine - INFO - Exp name: remdet_l-300e_coco_20240724_055016
2024/07/24 08:08:45 - mmengine - INFO - Saving checkpoint at 280 epochs
2024/07/24 08:08:50 - mmengine - INFO - Evaluating bbox...
2024/07/24 08:09:14 - mmengine - INFO - bbox_mAP_copypaste: 0.293 0.474 0.303 0.187 0.434 0.558
2024/07/24 08:09:15 - mmengine - INFO - Epoch(val) [280][9/9]    coco/bbox_mAP: 0.2930  coco/bbox_mAP_50: 0.4740  coco/bbox_mAP_75: 0.3030  coco/bbox_mAP_s: 0.1870  coco/bbox_mAP_m: 0.4340  coco/bbox_mAP_l: 0.5580  data_time: 0.0211  time: 0.0947
2024/07/24 08:09:28 - mmengine - INFO - Epoch(train) [281][ 50/102]  base_lr: 2.0000e-02 lr: 1.5860e-03  eta: 0:08:36  time: 0.2666  data_time: 0.0117  memory: 11416  grad_norm: 120.8255  loss: 165.5123  loss_cls: 40.5589  loss_bbox: 69.1374  loss_dfl: 55.8160
2024/07/24 08:09:40 - mmengine - INFO - Epoch(train) [281][100/102]  base_lr: 2.0000e-02 lr: 1.5860e-03  eta: 0:08:23  time: 0.2490  data_time: 0.0011  memory: 11516  grad_norm: 120.1054  loss: 164.1698  loss_cls: 40.2456  loss_bbox: 67.8287  loss_dfl: 56.0955
2024/07/24 08:09:41 - mmengine - INFO - Exp name: remdet_l-300e_coco_20240724_055016
2024/07/24 08:09:54 - mmengine - INFO - Epoch(train) [282][ 50/102]  base_lr: 2.0000e-02 lr: 1.5200e-03  eta: 0:08:10  time: 0.2712  data_time: 0.0095  memory: 13776  grad_norm: 120.2196  loss: 167.8489  loss_cls: 41.6224  loss_bbox: 70.1043  loss_dfl: 56.1223
2024/07/24 08:10:07 - mmengine - INFO - Epoch(train) [282][100/102]  base_lr: 2.0000e-02 lr: 1.5200e-03  eta: 0:07:57  time: 0.2488  data_time: 0.0010  memory: 11849  grad_norm: 118.7600  loss: 163.0321  loss_cls: 39.8493  loss_bbox: 67.5656  loss_dfl: 55.6172
2024/07/24 08:10:07 - mmengine - INFO - Exp name: remdet_l-300e_coco_20240724_055016
2024/07/24 08:10:20 - mmengine - INFO - Epoch(train) [283][ 50/102]  base_lr: 2.0000e-02 lr: 1.4540e-03  eta: 0:07:43  time: 0.2667  data_time: 0.0106  memory: 11776  grad_norm: 119.2364  loss: 164.5528  loss_cls: 40.3414  loss_bbox: 68.0545  loss_dfl: 56.1569
2024/07/24 08:10:33 - mmengine - INFO - Epoch(train) [283][100/102]  base_lr: 2.0000e-02 lr: 1.4540e-03  eta: 0:07:30  time: 0.2463  data_time: 0.0011  memory: 11502  grad_norm: 120.5899  loss: 160.4715  loss_cls: 38.4515  loss_bbox: 66.3002  loss_dfl: 55.7198
2024/07/24 08:10:33 - mmengine - INFO - Exp name: remdet_l-300e_coco_20240724_055016
2024/07/24 08:10:46 - mmengine - INFO - Epoch(train) [284][ 50/102]  base_lr: 2.0000e-02 lr: 1.3880e-03  eta: 0:07:17  time: 0.2655  data_time: 0.0140  memory: 12849  grad_norm: 121.8995  loss: 166.6005  loss_cls: 41.0526  loss_bbox: 69.4107  loss_dfl: 56.1372
2024/07/24 08:10:59 - mmengine - INFO - Epoch(train) [284][100/102]  base_lr: 2.0000e-02 lr: 1.3880e-03  eta: 0:07:04  time: 0.2483  data_time: 0.0011  memory: 12329  grad_norm: 121.7365  loss: 165.9482  loss_cls: 40.6928  loss_bbox: 69.3406  loss_dfl: 55.9147
2024/07/24 08:10:59 - mmengine - INFO - Exp name: remdet_l-300e_coco_20240724_055016
2024/07/24 08:11:08 - mmengine - INFO - Exp name: remdet_l-300e_coco_20240724_055016
2024/07/24 08:11:13 - mmengine - INFO - Epoch(train) [285][ 50/102]  base_lr: 2.0000e-02 lr: 1.3220e-03  eta: 0:06:50  time: 0.2699  data_time: 0.0144  memory: 12149  grad_norm: 120.4497  loss: 163.7359  loss_cls: 39.7134  loss_bbox: 68.2884  loss_dfl: 55.7342
2024/07/24 08:11:25 - mmengine - INFO - Epoch(train) [285][100/102]  base_lr: 2.0000e-02 lr: 1.3220e-03  eta: 0:06:37  time: 0.2485  data_time: 0.0011  memory: 11442  grad_norm: 120.1275  loss: 160.3984  loss_cls: 38.6141  loss_bbox: 66.0263  loss_dfl: 55.7580
2024/07/24 08:11:26 - mmengine - INFO - Exp name: remdet_l-300e_coco_20240724_055016
2024/07/24 08:11:39 - mmengine - INFO - Epoch(train) [286][ 50/102]  base_lr: 2.0000e-02 lr: 1.2560e-03  eta: 0:06:24  time: 0.2691  data_time: 0.0103  memory: 11436  grad_norm: 118.3552  loss: 161.6744  loss_cls: 38.8091  loss_bbox: 67.0352  loss_dfl: 55.8301
2024/07/24 08:11:52 - mmengine - INFO - Epoch(train) [286][100/102]  base_lr: 2.0000e-02 lr: 1.2560e-03  eta: 0:06:11  time: 0.2503  data_time: 0.0010  memory: 11696  grad_norm: 119.6193  loss: 163.8806  loss_cls: 39.4928  loss_bbox: 68.3256  loss_dfl: 56.0621
2024/07/24 08:11:52 - mmengine - INFO - Exp name: remdet_l-300e_coco_20240724_055016
2024/07/24 08:12:06 - mmengine - INFO - Epoch(train) [287][ 50/102]  base_lr: 2.0000e-02 lr: 1.1900e-03  eta: 0:05:57  time: 0.2719  data_time: 0.0105  memory: 11942  grad_norm: 120.8907  loss: 164.0729  loss_cls: 39.8356  loss_bbox: 68.4246  loss_dfl: 55.8127
2024/07/24 08:12:18 - mmengine - INFO - Epoch(train) [287][100/102]  base_lr: 2.0000e-02 lr: 1.1900e-03  eta: 0:05:44  time: 0.2500  data_time: 0.0011  memory: 14609  grad_norm: 121.8203  loss: 167.8609  loss_cls: 40.9084  loss_bbox: 70.8860  loss_dfl: 56.0665
2024/07/24 08:12:18 - mmengine - INFO - Exp name: remdet_l-300e_coco_20240724_055016
2024/07/24 08:12:32 - mmengine - INFO - Epoch(train) [288][ 50/102]  base_lr: 2.0000e-02 lr: 1.1240e-03  eta: 0:05:31  time: 0.2684  data_time: 0.0126  memory: 12056  grad_norm: 123.2723  loss: 163.7917  loss_cls: 39.8635  loss_bbox: 68.3010  loss_dfl: 55.6272
2024/07/24 08:12:45 - mmengine - INFO - Epoch(train) [288][100/102]  base_lr: 2.0000e-02 lr: 1.1240e-03  eta: 0:05:18  time: 0.2612  data_time: 0.0011  memory: 14062  grad_norm: 120.5577  loss: 163.8204  loss_cls: 39.3113  loss_bbox: 68.2115  loss_dfl: 56.2975
2024/07/24 08:12:45 - mmengine - INFO - Exp name: remdet_l-300e_coco_20240724_055016
2024/07/24 08:12:59 - mmengine - INFO - Epoch(train) [289][ 50/102]  base_lr: 2.0000e-02 lr: 1.0580e-03  eta: 0:05:04  time: 0.2793  data_time: 0.0100  memory: 11542  grad_norm: 120.2340  loss: 165.2738  loss_cls: 40.0307  loss_bbox: 69.0058  loss_dfl: 56.2374
2024/07/24 08:13:12 - mmengine - INFO - Epoch(train) [289][100/102]  base_lr: 2.0000e-02 lr: 1.0580e-03  eta: 0:04:51  time: 0.2554  data_time: 0.0011  memory: 11622  grad_norm: 121.2020  loss: 165.0500  loss_cls: 40.4262  loss_bbox: 68.3795  loss_dfl: 56.2443
2024/07/24 08:13:12 - mmengine - INFO - Exp name: remdet_l-300e_coco_20240724_055016
2024/07/24 08:13:26 - mmengine - INFO - Epoch(train) [290][ 50/102]  base_lr: 2.0000e-02 lr: 9.9200e-04  eta: 0:04:38  time: 0.2714  data_time: 0.0113  memory: 11889  grad_norm: 121.6381  loss: 162.6667  loss_cls: 39.6321  loss_bbox: 67.6415  loss_dfl: 55.3931
2024/07/24 08:13:39 - mmengine - INFO - Epoch(train) [290][100/102]  base_lr: 2.0000e-02 lr: 9.9200e-04  eta: 0:04:25  time: 0.2551  data_time: 0.0011  memory: 11789  grad_norm: 120.4006  loss: 164.7232  loss_cls: 40.2622  loss_bbox: 68.6244  loss_dfl: 55.8366
2024/07/24 08:13:39 - mmengine - INFO - Exp name: remdet_l-300e_coco_20240724_055016
2024/07/24 08:13:39 - mmengine - INFO - Saving checkpoint at 290 epochs
2024/07/24 08:13:44 - mmengine - INFO - Evaluating bbox...
2024/07/24 08:14:08 - mmengine - INFO - bbox_mAP_copypaste: 0.293 0.474 0.302 0.187 0.434 0.556
2024/07/24 08:14:08 - mmengine - INFO - Epoch(val) [290][9/9]    coco/bbox_mAP: 0.2930  coco/bbox_mAP_50: 0.4740  coco/bbox_mAP_75: 0.3020  coco/bbox_mAP_s: 0.1870  coco/bbox_mAP_m: 0.4340  coco/bbox_mAP_l: 0.5560  data_time: 0.0198  time: 0.0939
2024/07/24 08:14:08 - mmengine - INFO - Switch pipeline now!
2024/07/24 08:14:22 - mmengine - INFO - Epoch(train) [291][ 50/102]  base_lr: 2.0000e-02 lr: 9.2600e-04  eta: 0:04:11  time: 0.2734  data_time: 0.0196  memory: 13129  grad_norm: 167.3815  loss: 152.7952  loss_cls: 34.7911  loss_bbox: 62.5690  loss_dfl: 55.4350
2024/07/24 08:14:34 - mmengine - INFO - Epoch(train) [291][100/102]  base_lr: 2.0000e-02 lr: 9.2600e-04  eta: 0:03:58  time: 0.2422  data_time: 0.0012  memory: 11102  grad_norm: 154.8385  loss: 152.3157  loss_cls: 34.4303  loss_bbox: 62.1434  loss_dfl: 55.7420
2024/07/24 08:14:35 - mmengine - INFO - Exp name: remdet_l-300e_coco_20240724_055016
2024/07/24 08:14:48 - mmengine - INFO - Epoch(train) [292][ 50/102]  base_lr: 2.0000e-02 lr: 8.6000e-04  eta: 0:03:45  time: 0.2659  data_time: 0.0101  memory: 11076  grad_norm: 151.5154  loss: 157.2348  loss_cls: 36.3152  loss_bbox: 65.6554  loss_dfl: 55.2642
2024/07/24 08:15:00 - mmengine - INFO - Epoch(train) [292][100/102]  base_lr: 2.0000e-02 lr: 8.6000e-04  eta: 0:03:32  time: 0.2411  data_time: 0.0011  memory: 10482  grad_norm: 153.6538  loss: 152.7132  loss_cls: 34.5385  loss_bbox: 63.2018  loss_dfl: 54.9729
2024/07/24 08:15:00 - mmengine - INFO - Exp name: remdet_l-300e_coco_20240724_055016
2024/07/24 08:15:13 - mmengine - INFO - Epoch(train) [293][ 50/102]  base_lr: 2.0000e-02 lr: 7.9400e-04  eta: 0:03:18  time: 0.2577  data_time: 0.0067  memory: 10942  grad_norm: 154.7300  loss: 153.4020  loss_cls: 34.3189  loss_bbox: 63.5155  loss_dfl: 55.5676
2024/07/24 08:15:25 - mmengine - INFO - Epoch(train) [293][100/102]  base_lr: 2.0000e-02 lr: 7.9400e-04  eta: 0:03:05  time: 0.2398  data_time: 0.0011  memory: 11036  grad_norm: 153.0452  loss: 151.7804  loss_cls: 34.3170  loss_bbox: 62.3013  loss_dfl: 55.1621
2024/07/24 08:15:26 - mmengine - INFO - Exp name: remdet_l-300e_coco_20240724_055016
2024/07/24 08:15:38 - mmengine - INFO - Epoch(train) [294][ 50/102]  base_lr: 2.0000e-02 lr: 7.2800e-04  eta: 0:02:52  time: 0.2534  data_time: 0.0058  memory: 10989  grad_norm: 151.2859  loss: 149.9615  loss_cls: 33.1610  loss_bbox: 61.7609  loss_dfl: 55.0397
2024/07/24 08:15:50 - mmengine - INFO - Epoch(train) [294][100/102]  base_lr: 2.0000e-02 lr: 7.2800e-04  eta: 0:02:39  time: 0.2406  data_time: 0.0011  memory: 10436  grad_norm: 150.8426  loss: 152.0559  loss_cls: 34.0078  loss_bbox: 62.4871  loss_dfl: 55.5611
2024/07/24 08:15:51 - mmengine - INFO - Exp name: remdet_l-300e_coco_20240724_055016
2024/07/24 08:15:54 - mmengine - INFO - Exp name: remdet_l-300e_coco_20240724_055016
2024/07/24 08:16:03 - mmengine - INFO - Epoch(train) [295][ 50/102]  base_lr: 2.0000e-02 lr: 6.6200e-04  eta: 0:02:25  time: 0.2557  data_time: 0.0065  memory: 10422  grad_norm: 149.4877  loss: 148.1172  loss_cls: 32.5366  loss_bbox: 60.2722  loss_dfl: 55.3084
2024/07/24 08:16:15 - mmengine - INFO - Epoch(train) [295][100/102]  base_lr: 2.0000e-02 lr: 6.6200e-04  eta: 0:02:12  time: 0.2378  data_time: 0.0011  memory: 10389  grad_norm: 151.0215  loss: 151.2528  loss_cls: 33.6837  loss_bbox: 62.4474  loss_dfl: 55.1217
2024/07/24 08:16:16 - mmengine - INFO - Exp name: remdet_l-300e_coco_20240724_055016
2024/07/24 08:16:28 - mmengine - INFO - Epoch(train) [296][ 50/102]  base_lr: 2.0000e-02 lr: 5.9600e-04  eta: 0:01:59  time: 0.2557  data_time: 0.0071  memory: 11402  grad_norm: 153.4182  loss: 148.5362  loss_cls: 33.0058  loss_bbox: 60.7306  loss_dfl: 54.7999
2024/07/24 08:16:40 - mmengine - INFO - Epoch(train) [296][100/102]  base_lr: 2.0000e-02 lr: 5.9600e-04  eta: 0:01:46  time: 0.2386  data_time: 0.0010  memory: 10949  grad_norm: 148.0908  loss: 150.1903  loss_cls: 33.5611  loss_bbox: 61.3319  loss_dfl: 55.2973
2024/07/24 08:16:41 - mmengine - INFO - Exp name: remdet_l-300e_coco_20240724_055016
2024/07/24 08:16:53 - mmengine - INFO - Epoch(train) [297][ 50/102]  base_lr: 2.0000e-02 lr: 5.3000e-04  eta: 0:01:32  time: 0.2515  data_time: 0.0069  memory: 10576  grad_norm: 150.1097  loss: 149.1072  loss_cls: 32.6107  loss_bbox: 60.8850  loss_dfl: 55.6115
2024/07/24 08:17:05 - mmengine - INFO - Epoch(train) [297][100/102]  base_lr: 2.0000e-02 lr: 5.3000e-04  eta: 0:01:19  time: 0.2399  data_time: 0.0011  memory: 10629  grad_norm: 147.3986  loss: 151.5568  loss_cls: 33.6272  loss_bbox: 61.9784  loss_dfl: 55.9512
2024/07/24 08:17:06 - mmengine - INFO - Exp name: remdet_l-300e_coco_20240724_055016
2024/07/24 08:17:18 - mmengine - INFO - Epoch(train) [298][ 50/102]  base_lr: 2.0000e-02 lr: 4.6400e-04  eta: 0:01:06  time: 0.2513  data_time: 0.0059  memory: 11422  grad_norm: 152.5711  loss: 149.8628  loss_cls: 33.0424  loss_bbox: 61.8175  loss_dfl: 55.0029
2024/07/24 08:17:30 - mmengine - INFO - Epoch(train) [298][100/102]  base_lr: 2.0000e-02 lr: 4.6400e-04  eta: 0:00:53  time: 0.2383  data_time: 0.0011  memory: 10489  grad_norm: 146.3694  loss: 148.9475  loss_cls: 32.5246  loss_bbox: 61.0800  loss_dfl: 55.3429
2024/07/24 08:17:31 - mmengine - INFO - Exp name: remdet_l-300e_coco_20240724_055016
2024/07/24 08:17:43 - mmengine - INFO - Epoch(train) [299][ 50/102]  base_lr: 2.0000e-02 lr: 3.9800e-04  eta: 0:00:39  time: 0.2526  data_time: 0.0087  memory: 10856  grad_norm: 147.4621  loss: 149.6654  loss_cls: 33.2493  loss_bbox: 61.1383  loss_dfl: 55.2778
2024/07/24 08:17:55 - mmengine - INFO - Epoch(train) [299][100/102]  base_lr: 2.0000e-02 lr: 3.9800e-04  eta: 0:00:26  time: 0.2370  data_time: 0.0011  memory: 10303  grad_norm: 151.5090  loss: 148.2678  loss_cls: 32.6466  loss_bbox: 60.3251  loss_dfl: 55.2961
2024/07/24 08:17:55 - mmengine - INFO - Exp name: remdet_l-300e_coco_20240724_055016
2024/07/24 08:18:08 - mmengine - INFO - Epoch(train) [300][ 50/102]  base_lr: 2.0000e-02 lr: 3.3200e-04  eta: 0:00:13  time: 0.2521  data_time: 0.0061  memory: 11262  grad_norm: 147.6353  loss: 145.2555  loss_cls: 31.3784  loss_bbox: 58.8890  loss_dfl: 54.9880
2024/07/24 08:18:20 - mmengine - INFO - Epoch(train) [300][100/102]  base_lr: 2.0000e-02 lr: 3.3200e-04  eta: 0:00:00  time: 0.2366  data_time: 0.0010  memory: 10569  grad_norm: 150.2186  loss: 151.3815  loss_cls: 33.6128  loss_bbox: 62.5882  loss_dfl: 55.1806
2024/07/24 08:18:20 - mmengine - INFO - Exp name: remdet_l-300e_coco_20240724_055016
2024/07/24 08:18:20 - mmengine - INFO - Saving checkpoint at 300 epochs
2024/07/24 08:18:25 - mmengine - INFO - Evaluating bbox...
2024/07/24 08:18:49 - mmengine - INFO - bbox_mAP_copypaste: 0.293 0.474 0.303 0.187 0.433 0.550
2024/07/24 08:18:49 - mmengine - INFO - Epoch(val) [300][9/9]    coco/bbox_mAP: 0.2930  coco/bbox_mAP_50: 0.4740  coco/bbox_mAP_75: 0.3030  coco/bbox_mAP_s: 0.1870  coco/bbox_mAP_m: 0.4330  coco/bbox_mAP_l: 0.5500  data_time: 0.0201  time: 0.0924
