2024/07/28 08:28:08 - mmengine - INFO - 
------------------------------------------------------------
System environment:
    sys.platform: linux
    Python: 3.11.9 (main, Apr 19 2024, 16:48:06) [GCC 11.2.0]
    CUDA available: True
    MUSA available: False
    numpy_random_seed: 821032639
    GPU 0,1,2,3,4,5,6,7: NVIDIA GeForce RTX 4090
    CUDA_HOME: /usr/local/cuda
    NVCC: Cuda compilation tools, release 12.2, V12.2.128
    GCC: gcc (Ubuntu 11.4.0-1ubuntu1~22.04) 11.4.0
    PyTorch: 2.3.1+cu121
    PyTorch compiling details: PyTorch built with:
  - GCC 9.3
  - C++ Version: 201703
  - Intel(R) oneAPI Math Kernel Library Version 2022.2-Product Build 20220804 for Intel(R) 64 architecture applications
  - Intel(R) MKL-DNN v3.3.6 (Git Hash 86e6af5974177e513fd3fee58425e1063e7f1361)
  - OpenMP 201511 (a.k.a. OpenMP 4.5)
  - LAPACK is enabled (usually provided by MKL)
  - NNPACK is enabled
  - CPU capability usage: AVX512
  - CUDA Runtime 12.1
  - NVCC architecture flags: -gencode;arch=compute_50,code=sm_50;-gencode;arch=compute_60,code=sm_60;-gencode;arch=compute_70,code=sm_70;-gencode;arch=compute_75,code=sm_75;-gencode;arch=compute_80,code=sm_80;-gencode;arch=compute_86,code=sm_86;-gencode;arch=compute_90,code=sm_90
  - CuDNN 8.5  (built against CUDA 11.7)
    - Built with CuDNN 8.9.2
  - Magma 2.6.1
  - Build settings: BLAS_INFO=mkl, BUILD_TYPE=Release, CUDA_VERSION=12.1, CUDNN_VERSION=8.9.2, CXX_COMPILER=/opt/rh/devtoolset-9/root/usr/bin/c++, CXX_FLAGS= -D_GLIBCXX_USE_CXX11_ABI=0 -fabi-version=11 -fvisibility-inlines-hidden -DUSE_PTHREADPOOL -DNDEBUG -DUSE_KINETO -DLIBKINETO_NOROCTRACER -DUSE_FBGEMM -DUSE_QNNPACK -DUSE_PYTORCH_QNNPACK -DUSE_XNNPACK -DSYMBOLICATE_MOBILE_DEBUG_HANDLE -O2 -fPIC -Wall -Wextra -Werror=return-type -Werror=non-virtual-dtor -Werror=bool-operation -Wnarrowing -Wno-missing-field-initializers -Wno-type-limits -Wno-array-bounds -Wno-unknown-pragmas -Wno-unused-parameter -Wno-unused-function -Wno-unused-result -Wno-strict-overflow -Wno-strict-aliasing -Wno-stringop-overflow -Wsuggest-override -Wno-psabi -Wno-error=pedantic -Wno-error=old-style-cast -Wno-missing-braces -fdiagnostics-color=always -faligned-new -Wno-unused-but-set-variable -Wno-maybe-uninitialized -fno-math-errno -fno-trapping-math -Werror=format -Wno-stringop-overflow, LAPACK_INFO=mkl, PERF_WITH_AVX=1, PERF_WITH_AVX2=1, PERF_WITH_AVX512=1, TORCH_VERSION=2.3.1, USE_CUDA=ON, USE_CUDNN=ON, USE_CUSPARSELT=1, USE_EXCEPTION_PTR=1, USE_GFLAGS=OFF, USE_GLOG=OFF, USE_GLOO=ON, USE_MKL=ON, USE_MKLDNN=ON, USE_MPI=OFF, USE_NCCL=1, USE_NNPACK=ON, USE_OPENMP=ON, USE_ROCM=OFF, USE_ROCM_KERNEL_ASSERT=OFF, 

    TorchVision: 0.18.1+cu121
    OpenCV: 4.10.0
    MMEngine: 0.10.4

Runtime environment:
    cudnn_benchmark: True
    mp_cfg: {'mp_start_method': 'fork', 'opencv_num_threads': 0}
    dist_cfg: {'backend': 'nccl'}
    seed: 821032639
    Distributed launcher: pytorch
    Distributed training: True
    GPU number: 8
------------------------------------------------------------

2024/07/28 08:28:09 - mmengine - INFO - Config:
_backend_args = None
_multiscale_resize_transforms = [
    dict(
        transforms=[
            dict(scale=(
                640,
                640,
            ), type='YOLOv5KeepRatioResize'),
            dict(
                allow_scale_up=False,
                pad_val=dict(img=114),
                scale=(
                    640,
                    640,
                ),
                type='LetterResize'),
        ],
        type='Compose'),
    dict(
        transforms=[
            dict(scale=(
                320,
                320,
            ), type='YOLOv5KeepRatioResize'),
            dict(
                allow_scale_up=False,
                pad_val=dict(img=114),
                scale=(
                    320,
                    320,
                ),
                type='LetterResize'),
        ],
        type='Compose'),
    dict(
        transforms=[
            dict(scale=(
                960,
                960,
            ), type='YOLOv5KeepRatioResize'),
            dict(
                allow_scale_up=False,
                pad_val=dict(img=114),
                scale=(
                    960,
                    960,
                ),
                type='LetterResize'),
        ],
        type='Compose'),
]
affine_scale = 0.9
albu_train_transforms = [
    dict(p=0.01, type='Blur'),
    dict(p=0.01, type='MedianBlur'),
    dict(p=0.01, type='ToGray'),
    dict(p=0.01, type='CLAHE'),
]
backend_args = None
base_lr = 0.02
batch_shapes_cfg = None
classes = (
    'pedestrian',
    'people',
    'bicycle',
    'car',
    'van',
    'truck',
    'tricycle',
    'awning-tricycle',
    'bus',
    'motor',
)
close_mosaic_epochs = 10
custom_hooks = [
    dict(
        ema_type='ExpMomentumEMA',
        momentum=0.0001,
        priority=49,
        strict_load=False,
        type='EMAHook',
        update_buffers=True),
    dict(
        switch_epoch=290,
        switch_pipeline=[
            dict(backend_args=None, type='LoadImageFromFile'),
            dict(type='LoadYOLOAnnotations', with_bbox=True),
            dict(scale=(
                640,
                640,
            ), type='YOLOv5KeepRatioResize'),
            dict(
                allow_scale_up=True,
                pad_val=dict(img=114.0),
                scale=(
                    640,
                    640,
                ),
                type='LetterResize'),
            dict(
                border_val=(
                    114,
                    114,
                    114,
                ),
                max_aspect_ratio=100,
                max_rotate_degree=0.0,
                max_shear_degree=0.0,
                scaling_ratio_range=(
                    0.09999999999999998,
                    1.9,
                ),
                type='YOLOv5RandomAffine'),
            dict(
                bbox_params=dict(
                    format='pascal_voc',
                    label_fields=[
                        'gt_bboxes_labels',
                        'gt_ignore_flags',
                    ],
                    type='BboxParams'),
                keymap=dict(gt_bboxes='bboxes', img='image'),
                transforms=[
                    dict(p=0.01, type='Blur'),
                    dict(p=0.01, type='MedianBlur'),
                    dict(p=0.01, type='ToGray'),
                    dict(p=0.01, type='CLAHE'),
                ],
                type='mmdet.Albu'),
            dict(type='YOLOv5HSVRandomAug'),
            dict(prob=0.5, type='mmdet.RandomFlip'),
            dict(
                meta_keys=(
                    'img_id',
                    'img_path',
                    'ori_shape',
                    'img_shape',
                    'flip',
                    'flip_direction',
                ),
                type='mmdet.PackDetInputs'),
        ],
        type='mmdet.PipelineSwitchHook'),
]
data_root = '/mnt/datasets/VisDrone2019-DET-COCO/'
dataset_type = 'YOLOv5CocoDataset'
deepen_factor = 1.0
default_hooks = dict(
    checkpoint=dict(
        interval=10, max_keep_ckpts=2, save_best='auto',
        type='CheckpointHook'),
    logger=dict(interval=50, type='LoggerHook'),
    param_scheduler=dict(
        lr_factor=0.01,
        max_epochs=300,
        scheduler_type='linear',
        type='YOLOv5ParamSchedulerHook',
        warmup_epochs=10),
    sampler_seed=dict(type='DistSamplerSeedHook'),
    timer=dict(type='IterTimerHook'),
    visualization=dict(type='mmdet.DetVisualizationHook'))
default_scope = 'mmdet'
env_cfg = dict(
    cudnn_benchmark=True,
    dist_cfg=dict(backend='nccl'),
    mp_cfg=dict(mp_start_method='fork', opencv_num_threads=0))
img_scale = (
    640,
    640,
)
img_scales = [
    (
        640,
        640,
    ),
    (
        320,
        320,
    ),
    (
        960,
        960,
    ),
]
last_stage_out_channels = 768
last_transform = [
    dict(
        bbox_params=dict(
            format='pascal_voc',
            label_fields=[
                'gt_bboxes_labels',
                'gt_ignore_flags',
            ],
            type='BboxParams'),
        keymap=dict(gt_bboxes='bboxes', img='image'),
        transforms=[
            dict(p=0.01, type='Blur'),
            dict(p=0.01, type='MedianBlur'),
            dict(p=0.01, type='ToGray'),
            dict(p=0.01, type='CLAHE'),
        ],
        type='mmdet.Albu'),
    dict(type='YOLOv5HSVRandomAug'),
    dict(prob=0.5, type='mmdet.RandomFlip'),
    dict(
        meta_keys=(
            'img_id',
            'img_path',
            'ori_shape',
            'img_shape',
            'flip',
            'flip_direction',
        ),
        type='mmdet.PackDetInputs'),
]
launcher = 'pytorch'
load_from = None
log_level = 'INFO'
log_processor = dict(by_epoch=True, type='LogProcessor', window_size=50)
loss_bbox_weight = 7.5
loss_cls_weight = 0.5
loss_dfl_weight = 0.375
lr_factor = 0.01
max_aspect_ratio = 100
max_epochs = 300
max_keep_ckpts = 2
mixup_prob = 0.1
model = dict(
    backbone=dict(
        act_cfg=dict(inplace=True, type='SiLU'),
        arch='P5',
        deepen_factor=1.0,
        last_stage_out_channels=768,
        norm_cfg=dict(eps=0.001, momentum=0.03, type='BN'),
        type='RemNet',
        widen_factor=1.25),
    bbox_head=dict(
        bbox_coder=dict(type='YOLODistancePointBBoxCoder'),
        head_module=dict(
            act_cfg=dict(inplace=True, type='SiLU'),
            featmap_strides=[
                8,
                16,
                32,
            ],
            in_channels=[
                256,
                512,
                768,
            ],
            norm_cfg=dict(eps=0.001, momentum=0.03, type='BN'),
            num_classes=10,
            reg_max=16,
            type='YOLOv8HeadModule',
            widen_factor=1.25),
        loss_bbox=dict(
            bbox_format='xyxy',
            iou_mode='ciou',
            loss_weight=7.5,
            reduction='sum',
            return_iou=False,
            type='YOLO_IoULoss'),
        loss_cls=dict(
            loss_weight=0.5,
            reduction='none',
            type='mmdet.CrossEntropyLoss',
            use_sigmoid=True),
        loss_dfl=dict(
            loss_weight=0.375,
            reduction='mean',
            type='mmdet.DistributionFocalLoss'),
        prior_generator=dict(
            offset=0.5, strides=[
                8,
                16,
                32,
            ], type='mmdet.MlvlPointGenerator'),
        type='YOLOv8Head'),
    data_preprocessor=dict(
        bgr_to_rgb=True,
        mean=[
            0.0,
            0.0,
            0.0,
        ],
        std=[
            255.0,
            255.0,
            255.0,
        ],
        type='YOLOv5DetDataPreprocessor'),
    neck=dict(
        act_cfg=dict(inplace=True, type='SiLU'),
        deepen_factor=1.0,
        in_channels=[
            256,
            512,
            768,
        ],
        norm_cfg=dict(eps=0.001, momentum=0.03, type='BN'),
        num_csp_blocks=3,
        out_channels=[
            256,
            512,
            768,
        ],
        type='RemDetPAFPN',
        widen_factor=1.25),
    test_cfg=dict(
        max_per_img=300,
        multi_label=True,
        nms=dict(iou_threshold=0.7, type='nms'),
        nms_pre=30000,
        score_thr=0.001),
    train_cfg=dict(
        assigner=dict(
            alpha=0.5,
            beta=6.0,
            eps=1e-09,
            num_classes=10,
            topk=10,
            type='BatchTaskAlignedAssigner',
            use_ciou=True)),
    type='YOLODetector')
model_test_cfg = dict(
    max_per_img=300,
    multi_label=True,
    nms=dict(iou_threshold=0.7, type='nms'),
    nms_pre=30000,
    score_thr=0.001)
mosaic_affine_transform = [
    dict(
        img_scale=(
            640,
            640,
        ),
        pad_val=114.0,
        pre_transform=[
            dict(backend_args=None, type='LoadImageFromFile'),
            dict(type='LoadYOLOAnnotations', with_bbox=True),
        ],
        type='YOLO_Mosaic'),
    dict(
        border=(
            -320,
            -320,
        ),
        border_val=(
            114,
            114,
            114,
        ),
        max_aspect_ratio=100,
        max_rotate_degree=0.0,
        max_shear_degree=0.0,
        scaling_ratio_range=(
            0.09999999999999998,
            1.9,
        ),
        type='YOLOv5RandomAffine'),
]
norm_cfg = dict(eps=0.001, momentum=0.03, type='BN')
num_classes = 10
num_det_layers = 3
optim_wrapper = dict(
    clip_grad=dict(max_norm=10.0),
    constructor='YOLOv5OptimizerConstructor',
    loss_scale='dynamic',
    optimizer=dict(
        batch_size_per_gpu=16,
        lr=0.02,
        momentum=0.937,
        nesterov=True,
        type='SGD',
        weight_decay=0.0005),
    type='AmpOptimWrapper')
param_scheduler = None
persistent_workers = True
pre_transform = [
    dict(backend_args=None, type='LoadImageFromFile'),
    dict(type='LoadYOLOAnnotations', with_bbox=True),
]
resume = False
save_epoch_intervals = 10
strides = [
    8,
    16,
    32,
]
tal_alpha = 0.5
tal_beta = 6.0
tal_topk = 10
test_cfg = dict(type='TestLoop')
test_dataloader = dict(
    batch_size=16,
    dataset=dict(
        ann_file='annotations/VisDrone2019-DET_val_coco.json',
        batch_shapes_cfg=None,
        data_prefix=dict(img='images/val'),
        data_root='/mnt/datasets/VisDrone2019-DET-COCO/',
        metainfo=dict(
            classes=(
                'pedestrian',
                'people',
                'bicycle',
                'car',
                'van',
                'truck',
                'tricycle',
                'awning-tricycle',
                'bus',
                'motor',
            )),
        pipeline=[
            dict(backend_args=None, type='LoadImageFromFile'),
            dict(scale=(
                640,
                640,
            ), type='YOLOv5KeepRatioResize'),
            dict(
                allow_scale_up=False,
                pad_val=dict(img=114),
                scale=(
                    640,
                    640,
                ),
                type='LetterResize'),
            dict(_scope_='mmdet', type='LoadAnnotations', with_bbox=True),
            dict(
                meta_keys=(
                    'img_id',
                    'img_path',
                    'ori_shape',
                    'img_shape',
                    'scale_factor',
                    'pad_param',
                ),
                type='mmdet.PackDetInputs'),
        ],
        test_mode=True,
        type='YOLOv5CocoDataset'),
    drop_last=False,
    num_workers=8,
    persistent_workers=True,
    pin_memory=True,
    sampler=dict(shuffle=False, type='DefaultSampler'))
test_evaluator = dict(
    ann_file=
    '/mnt/datasets/VisDrone2019-DET-COCO/annotations/VisDrone2019-DET_val_coco.json',
    metric='bbox',
    proposal_nums=(
        100,
        1,
        10,
    ),
    type='mmdet.CocoMetric')
test_pipeline = [
    dict(backend_args=None, type='LoadImageFromFile'),
    dict(scale=(
        640,
        640,
    ), type='YOLOv5KeepRatioResize'),
    dict(
        allow_scale_up=False,
        pad_val=dict(img=114),
        scale=(
            640,
            640,
        ),
        type='LetterResize'),
    dict(_scope_='mmdet', type='LoadAnnotations', with_bbox=True),
    dict(
        meta_keys=(
            'img_id',
            'img_path',
            'ori_shape',
            'img_shape',
            'scale_factor',
            'pad_param',
        ),
        type='mmdet.PackDetInputs'),
]
train_ann_file = 'annotations/VisDrone2019-DET_train_coco.json'
train_batch_size_per_gpu = 8
train_cfg = dict(
    dynamic_intervals=[
        (
            290,
            10,
        ),
    ],
    max_epochs=300,
    type='EpochBasedTrainLoop',
    val_interval=10)
train_data_prefix = 'images/train'
train_dataloader = dict(
    batch_size=8,
    collate_fn=dict(type='yolov5_collate'),
    dataset=dict(
        ann_file='annotations/VisDrone2019-DET_train_coco.json',
        data_prefix=dict(img='images/train'),
        data_root='/mnt/datasets/VisDrone2019-DET-COCO/',
        filter_cfg=dict(filter_empty_gt=False, min_size=32),
        metainfo=dict(
            classes=(
                'pedestrian',
                'people',
                'bicycle',
                'car',
                'van',
                'truck',
                'tricycle',
                'awning-tricycle',
                'bus',
                'motor',
            )),
        pipeline=[
            dict(backend_args=None, type='LoadImageFromFile'),
            dict(type='LoadYOLOAnnotations', with_bbox=True),
            dict(
                img_scale=(
                    640,
                    640,
                ),
                pad_val=114.0,
                pre_transform=[
                    dict(backend_args=None, type='LoadImageFromFile'),
                    dict(type='LoadYOLOAnnotations', with_bbox=True),
                ],
                type='YOLO_Mosaic'),
            dict(
                border=(
                    -320,
                    -320,
                ),
                border_val=(
                    114,
                    114,
                    114,
                ),
                max_aspect_ratio=100,
                max_rotate_degree=0.0,
                max_shear_degree=0.0,
                scaling_ratio_range=(
                    0.09999999999999998,
                    1.9,
                ),
                type='YOLOv5RandomAffine'),
            dict(
                pre_transform=[
                    dict(backend_args=None, type='LoadImageFromFile'),
                    dict(type='LoadYOLOAnnotations', with_bbox=True),
                    dict(
                        img_scale=(
                            640,
                            640,
                        ),
                        pad_val=114.0,
                        pre_transform=[
                            dict(backend_args=None, type='LoadImageFromFile'),
                            dict(type='LoadYOLOAnnotations', with_bbox=True),
                        ],
                        type='YOLO_Mosaic'),
                    dict(
                        border=(
                            -320,
                            -320,
                        ),
                        border_val=(
                            114,
                            114,
                            114,
                        ),
                        max_aspect_ratio=100,
                        max_rotate_degree=0.0,
                        max_shear_degree=0.0,
                        scaling_ratio_range=(
                            0.09999999999999998,
                            1.9,
                        ),
                        type='YOLOv5RandomAffine'),
                ],
                prob=0.1,
                type='YOLOv5MixUp'),
            dict(
                bbox_params=dict(
                    format='pascal_voc',
                    label_fields=[
                        'gt_bboxes_labels',
                        'gt_ignore_flags',
                    ],
                    type='BboxParams'),
                keymap=dict(gt_bboxes='bboxes', img='image'),
                transforms=[
                    dict(p=0.01, type='Blur'),
                    dict(p=0.01, type='MedianBlur'),
                    dict(p=0.01, type='ToGray'),
                    dict(p=0.01, type='CLAHE'),
                ],
                type='mmdet.Albu'),
            dict(type='YOLOv5HSVRandomAug'),
            dict(prob=0.5, type='mmdet.RandomFlip'),
            dict(
                meta_keys=(
                    'img_id',
                    'img_path',
                    'ori_shape',
                    'img_shape',
                    'flip',
                    'flip_direction',
                ),
                type='mmdet.PackDetInputs'),
        ],
        type='YOLOv5CocoDataset'),
    num_workers=8,
    persistent_workers=True,
    pin_memory=True,
    sampler=dict(shuffle=True, type='DefaultSampler'))
train_num_workers = 8
train_pipeline = [
    dict(backend_args=None, type='LoadImageFromFile'),
    dict(type='LoadYOLOAnnotations', with_bbox=True),
    dict(
        img_scale=(
            640,
            640,
        ),
        pad_val=114.0,
        pre_transform=[
            dict(backend_args=None, type='LoadImageFromFile'),
            dict(type='LoadYOLOAnnotations', with_bbox=True),
        ],
        type='YOLO_Mosaic'),
    dict(
        border=(
            -320,
            -320,
        ),
        border_val=(
            114,
            114,
            114,
        ),
        max_aspect_ratio=100,
        max_rotate_degree=0.0,
        max_shear_degree=0.0,
        scaling_ratio_range=(
            0.09999999999999998,
            1.9,
        ),
        type='YOLOv5RandomAffine'),
    dict(
        pre_transform=[
            dict(backend_args=None, type='LoadImageFromFile'),
            dict(type='LoadYOLOAnnotations', with_bbox=True),
            dict(
                img_scale=(
                    640,
                    640,
                ),
                pad_val=114.0,
                pre_transform=[
                    dict(backend_args=None, type='LoadImageFromFile'),
                    dict(type='LoadYOLOAnnotations', with_bbox=True),
                ],
                type='YOLO_Mosaic'),
            dict(
                border=(
                    -320,
                    -320,
                ),
                border_val=(
                    114,
                    114,
                    114,
                ),
                max_aspect_ratio=100,
                max_rotate_degree=0.0,
                max_shear_degree=0.0,
                scaling_ratio_range=(
                    0.09999999999999998,
                    1.9,
                ),
                type='YOLOv5RandomAffine'),
        ],
        prob=0.1,
        type='YOLOv5MixUp'),
    dict(
        bbox_params=dict(
            format='pascal_voc',
            label_fields=[
                'gt_bboxes_labels',
                'gt_ignore_flags',
            ],
            type='BboxParams'),
        keymap=dict(gt_bboxes='bboxes', img='image'),
        transforms=[
            dict(p=0.01, type='Blur'),
            dict(p=0.01, type='MedianBlur'),
            dict(p=0.01, type='ToGray'),
            dict(p=0.01, type='CLAHE'),
        ],
        type='mmdet.Albu'),
    dict(type='YOLOv5HSVRandomAug'),
    dict(prob=0.5, type='mmdet.RandomFlip'),
    dict(
        meta_keys=(
            'img_id',
            'img_path',
            'ori_shape',
            'img_shape',
            'flip',
            'flip_direction',
        ),
        type='mmdet.PackDetInputs'),
]
train_pipeline_stage2 = [
    dict(backend_args=None, type='LoadImageFromFile'),
    dict(type='LoadYOLOAnnotations', with_bbox=True),
    dict(scale=(
        640,
        640,
    ), type='YOLOv5KeepRatioResize'),
    dict(
        allow_scale_up=True,
        pad_val=dict(img=114.0),
        scale=(
            640,
            640,
        ),
        type='LetterResize'),
    dict(
        border_val=(
            114,
            114,
            114,
        ),
        max_aspect_ratio=100,
        max_rotate_degree=0.0,
        max_shear_degree=0.0,
        scaling_ratio_range=(
            0.09999999999999998,
            1.9,
        ),
        type='YOLOv5RandomAffine'),
    dict(
        bbox_params=dict(
            format='pascal_voc',
            label_fields=[
                'gt_bboxes_labels',
                'gt_ignore_flags',
            ],
            type='BboxParams'),
        keymap=dict(gt_bboxes='bboxes', img='image'),
        transforms=[
            dict(p=0.01, type='Blur'),
            dict(p=0.01, type='MedianBlur'),
            dict(p=0.01, type='ToGray'),
            dict(p=0.01, type='CLAHE'),
        ],
        type='mmdet.Albu'),
    dict(type='YOLOv5HSVRandomAug'),
    dict(prob=0.5, type='mmdet.RandomFlip'),
    dict(
        meta_keys=(
            'img_id',
            'img_path',
            'ori_shape',
            'img_shape',
            'flip',
            'flip_direction',
        ),
        type='mmdet.PackDetInputs'),
]
tta_model = dict(
    tta_cfg=dict(max_per_img=300, nms=dict(iou_threshold=0.65, type='nms')),
    type='mmdet.DetTTAModel')
tta_pipeline = [
    dict(backend_args=None, type='LoadImageFromFile'),
    dict(
        transforms=[
            [
                dict(
                    transforms=[
                        dict(scale=(
                            640,
                            640,
                        ), type='YOLOv5KeepRatioResize'),
                        dict(
                            allow_scale_up=False,
                            pad_val=dict(img=114),
                            scale=(
                                640,
                                640,
                            ),
                            type='LetterResize'),
                    ],
                    type='Compose'),
                dict(
                    transforms=[
                        dict(scale=(
                            320,
                            320,
                        ), type='YOLOv5KeepRatioResize'),
                        dict(
                            allow_scale_up=False,
                            pad_val=dict(img=114),
                            scale=(
                                320,
                                320,
                            ),
                            type='LetterResize'),
                    ],
                    type='Compose'),
                dict(
                    transforms=[
                        dict(scale=(
                            960,
                            960,
                        ), type='YOLOv5KeepRatioResize'),
                        dict(
                            allow_scale_up=False,
                            pad_val=dict(img=114),
                            scale=(
                                960,
                                960,
                            ),
                            type='LetterResize'),
                    ],
                    type='Compose'),
            ],
            [
                dict(prob=1.0, type='mmdet.RandomFlip'),
                dict(prob=0.0, type='mmdet.RandomFlip'),
            ],
            [
                dict(type='mmdet.LoadAnnotations', with_bbox=True),
            ],
            [
                dict(
                    meta_keys=(
                        'img_id',
                        'img_path',
                        'ori_shape',
                        'img_shape',
                        'scale_factor',
                        'pad_param',
                        'flip',
                        'flip_direction',
                    ),
                    type='mmdet.PackDetInputs'),
            ],
        ],
        type='TestTimeAug'),
]
val_ann_file = 'annotations/VisDrone2019-DET_val_coco.json'
val_batch_size_per_gpu = 8
val_cfg = dict(type='ValLoop')
val_data_prefix = 'images/val'
val_dataloader = dict(
    batch_size=8,
    dataset=dict(
        ann_file='annotations/VisDrone2019-DET_val_coco.json',
        batch_shapes_cfg=None,
        data_prefix=dict(img='images/val'),
        data_root='/mnt/datasets/VisDrone2019-DET-COCO/',
        metainfo=dict(
            classes=(
                'pedestrian',
                'people',
                'bicycle',
                'car',
                'van',
                'truck',
                'tricycle',
                'awning-tricycle',
                'bus',
                'motor',
            )),
        pipeline=[
            dict(backend_args=None, type='LoadImageFromFile'),
            dict(scale=(
                640,
                640,
            ), type='YOLOv5KeepRatioResize'),
            dict(
                allow_scale_up=False,
                pad_val=dict(img=114),
                scale=(
                    640,
                    640,
                ),
                type='LetterResize'),
            dict(_scope_='mmdet', type='LoadAnnotations', with_bbox=True),
            dict(
                meta_keys=(
                    'img_id',
                    'img_path',
                    'ori_shape',
                    'img_shape',
                    'scale_factor',
                    'pad_param',
                ),
                type='mmdet.PackDetInputs'),
        ],
        test_mode=True,
        type='YOLOv5CocoDataset'),
    drop_last=False,
    num_workers=8,
    persistent_workers=True,
    pin_memory=True,
    sampler=dict(shuffle=False, type='DefaultSampler'))
val_evaluator = dict(
    ann_file=
    '/mnt/datasets/VisDrone2019-DET-COCO/annotations/VisDrone2019-DET_val_coco.json',
    metric='bbox',
    proposal_nums=(
        100,
        1,
        10,
    ),
    type='mmdet.CocoMetric')
val_interval_stage2 = 10
val_num_workers = 8
vis_backends = [
    dict(type='LocalVisBackend'),
]
visualizer = dict(
    name='visualizer',
    type='mmdet.DetLocalVisualizer',
    vis_backends=[
        dict(type='LocalVisBackend'),
    ])
weight_decay = 0.0005
widen_factor = 1.25
work_dir = '/mnt/exam_log/0723_remdet/remdet_series/visdrone/remdet_x'

2024/07/28 08:28:11 - mmengine - INFO - Using SyncBatchNorm()
2024/07/28 08:28:11 - mmengine - INFO - Hooks will be executed in the following order:
before_run:
(VERY_HIGH   ) RuntimeInfoHook                    
(49          ) EMAHook                            
(BELOW_NORMAL) LoggerHook                         
 -------------------- 
after_load_checkpoint:
(49          ) EMAHook                            
 -------------------- 
before_train:
(9           ) YOLOv5ParamSchedulerHook           
(VERY_HIGH   ) RuntimeInfoHook                    
(49          ) EMAHook                            
(NORMAL      ) IterTimerHook                      
(VERY_LOW    ) CheckpointHook                     
 -------------------- 
before_train_epoch:
(VERY_HIGH   ) RuntimeInfoHook                    
(NORMAL      ) IterTimerHook                      
(NORMAL      ) DistSamplerSeedHook                
(NORMAL      ) PipelineSwitchHook                 
 -------------------- 
before_train_iter:
(9           ) YOLOv5ParamSchedulerHook           
(VERY_HIGH   ) RuntimeInfoHook                    
(NORMAL      ) IterTimerHook                      
 -------------------- 
after_train_iter:
(9           ) YOLOv5ParamSchedulerHook           
(VERY_HIGH   ) RuntimeInfoHook                    
(49          ) EMAHook                            
(NORMAL      ) IterTimerHook                      
(BELOW_NORMAL) LoggerHook                         
(VERY_LOW    ) CheckpointHook                     
 -------------------- 
after_train_epoch:
(9           ) YOLOv5ParamSchedulerHook           
(NORMAL      ) IterTimerHook                      
(VERY_LOW    ) CheckpointHook                     
 -------------------- 
before_val:
(VERY_HIGH   ) RuntimeInfoHook                    
 -------------------- 
before_val_epoch:
(49          ) EMAHook                            
(NORMAL      ) IterTimerHook                      
 -------------------- 
before_val_iter:
(NORMAL      ) IterTimerHook                      
 -------------------- 
after_val_iter:
(NORMAL      ) IterTimerHook                      
(NORMAL      ) DetVisualizationHook               
(BELOW_NORMAL) LoggerHook                         
 -------------------- 
after_val_epoch:
(9           ) YOLOv5ParamSchedulerHook           
(VERY_HIGH   ) RuntimeInfoHook                    
(49          ) EMAHook                            
(NORMAL      ) IterTimerHook                      
(BELOW_NORMAL) LoggerHook                         
(VERY_LOW    ) CheckpointHook                     
 -------------------- 
after_val:
(VERY_HIGH   ) RuntimeInfoHook                    
 -------------------- 
before_save_checkpoint:
(49          ) EMAHook                            
 -------------------- 
after_train:
(VERY_HIGH   ) RuntimeInfoHook                    
(VERY_LOW    ) CheckpointHook                     
 -------------------- 
before_test:
(VERY_HIGH   ) RuntimeInfoHook                    
 -------------------- 
before_test_epoch:
(49          ) EMAHook                            
(NORMAL      ) IterTimerHook                      
 -------------------- 
before_test_iter:
(NORMAL      ) IterTimerHook                      
 -------------------- 
after_test_iter:
(NORMAL      ) IterTimerHook                      
(NORMAL      ) DetVisualizationHook               
(BELOW_NORMAL) LoggerHook                         
 -------------------- 
after_test_epoch:
(VERY_HIGH   ) RuntimeInfoHook                    
(49          ) EMAHook                            
(NORMAL      ) IterTimerHook                      
(BELOW_NORMAL) LoggerHook                         
 -------------------- 
after_test:
(VERY_HIGH   ) RuntimeInfoHook                    
 -------------------- 
after_run:
(BELOW_NORMAL) LoggerHook                         
 -------------------- 
2024/07/28 08:28:15 - mmengine - INFO - Scaled weight_decay to 0.001
2024/07/28 08:28:15 - mmengine - INFO - Optimizer groups: 96 .bias, 92 conv.weight, 90 other
Name of parameter - Initialization information

backbone.stem.conv.weight - torch.Size([80, 3, 3, 3]): 
Initialized by user-defined `init_weights` in RemNet  

backbone.stem.bn.weight - torch.Size([80]): 
The value is the same before and after calling `init_weights` of YOLODetector  

backbone.stem.bn.bias - torch.Size([80]): 
The value is the same before and after calling `init_weights` of YOLODetector  

backbone.stage1.0.conv.weight - torch.Size([160, 80, 3, 3]): 
Initialized by user-defined `init_weights` in RemNet  

backbone.stage1.0.bn.weight - torch.Size([160]): 
The value is the same before and after calling `init_weights` of YOLODetector  

backbone.stage1.0.bn.bias - torch.Size([160]): 
The value is the same before and after calling `init_weights` of YOLODetector  

backbone.stage1.1.proj.conv.weight - torch.Size([960, 160, 1, 1]): 
Initialized by user-defined `init_weights` in RemNet  

backbone.stage1.1.proj.bn.weight - torch.Size([960]): 
The value is the same before and after calling `init_weights` of YOLODetector  

backbone.stage1.1.proj.bn.bias - torch.Size([960]): 
The value is the same before and after calling `init_weights` of YOLODetector  

backbone.stage1.1.rep.rbr_identity.weight - torch.Size([480]): 
The value is the same before and after calling `init_weights` of YOLODetector  

backbone.stage1.1.rep.rbr_identity.bias - torch.Size([480]): 
The value is the same before and after calling `init_weights` of YOLODetector  

backbone.stage1.1.rep.rbr_dense.conv.weight - torch.Size([480, 1, 3, 3]): 
Initialized by user-defined `init_weights` in RemNet  

backbone.stage1.1.rep.rbr_dense.bn.weight - torch.Size([480]): 
The value is the same before and after calling `init_weights` of YOLODetector  

backbone.stage1.1.rep.rbr_dense.bn.bias - torch.Size([480]): 
The value is the same before and after calling `init_weights` of YOLODetector  

backbone.stage1.1.rep.rbr_1x1.conv.weight - torch.Size([480, 480, 1, 1]): 
Initialized by user-defined `init_weights` in RemNet  

backbone.stage1.1.rep.rbr_1x1.bn.weight - torch.Size([480]): 
The value is the same before and after calling `init_weights` of YOLODetector  

backbone.stage1.1.rep.rbr_1x1.bn.bias - torch.Size([480]): 
The value is the same before and after calling `init_weights` of YOLODetector  

backbone.stage1.1.m.0.conv.weight - torch.Size([480, 1, 3, 3]): 
Initialized by user-defined `init_weights` in RemNet  

backbone.stage1.1.m.0.bn.weight - torch.Size([480]): 
The value is the same before and after calling `init_weights` of YOLODetector  

backbone.stage1.1.m.0.bn.bias - torch.Size([480]): 
The value is the same before and after calling `init_weights` of YOLODetector  

backbone.stage1.1.m.1.conv.weight - torch.Size([480, 1, 3, 3]): 
Initialized by user-defined `init_weights` in RemNet  

backbone.stage1.1.m.1.bn.weight - torch.Size([480]): 
The value is the same before and after calling `init_weights` of YOLODetector  

backbone.stage1.1.m.1.bn.bias - torch.Size([480]): 
The value is the same before and after calling `init_weights` of YOLODetector  

backbone.stage1.1.cv2.conv.weight - torch.Size([160, 480, 1, 1]): 
Initialized by user-defined `init_weights` in RemNet  

backbone.stage1.1.cv2.bn.weight - torch.Size([160]): 
The value is the same before and after calling `init_weights` of YOLODetector  

backbone.stage1.1.cv2.bn.bias - torch.Size([160]): 
The value is the same before and after calling `init_weights` of YOLODetector  

backbone.stage2.0.cv1.conv.weight - torch.Size([320, 160, 1, 1]): 
Initialized by user-defined `init_weights` in RemNet  

backbone.stage2.0.cv1.bn.weight - torch.Size([320]): 
The value is the same before and after calling `init_weights` of YOLODetector  

backbone.stage2.0.cv1.bn.bias - torch.Size([320]): 
The value is the same before and after calling `init_weights` of YOLODetector  

backbone.stage2.0.cv2.conv.weight - torch.Size([320, 1280, 1, 1]): 
Initialized by user-defined `init_weights` in RemNet  

backbone.stage2.0.cv2.bn.weight - torch.Size([320]): 
The value is the same before and after calling `init_weights` of YOLODetector  

backbone.stage2.0.cv2.bn.bias - torch.Size([320]): 
The value is the same before and after calling `init_weights` of YOLODetector  

backbone.stage2.0.dwconv.conv.weight - torch.Size([320, 1, 3, 3]): 
Initialized by user-defined `init_weights` in RemNet  

backbone.stage2.0.dwconv.bn.weight - torch.Size([320]): 
The value is the same before and after calling `init_weights` of YOLODetector  

backbone.stage2.0.dwconv.bn.bias - torch.Size([320]): 
The value is the same before and after calling `init_weights` of YOLODetector  

backbone.stage2.1.proj.conv.weight - torch.Size([1920, 320, 1, 1]): 
Initialized by user-defined `init_weights` in RemNet  

backbone.stage2.1.proj.bn.weight - torch.Size([1920]): 
The value is the same before and after calling `init_weights` of YOLODetector  

backbone.stage2.1.proj.bn.bias - torch.Size([1920]): 
The value is the same before and after calling `init_weights` of YOLODetector  

backbone.stage2.1.rep.rbr_identity.weight - torch.Size([960]): 
The value is the same before and after calling `init_weights` of YOLODetector  

backbone.stage2.1.rep.rbr_identity.bias - torch.Size([960]): 
The value is the same before and after calling `init_weights` of YOLODetector  

backbone.stage2.1.rep.rbr_dense.conv.weight - torch.Size([960, 1, 3, 3]): 
Initialized by user-defined `init_weights` in RemNet  

backbone.stage2.1.rep.rbr_dense.bn.weight - torch.Size([960]): 
The value is the same before and after calling `init_weights` of YOLODetector  

backbone.stage2.1.rep.rbr_dense.bn.bias - torch.Size([960]): 
The value is the same before and after calling `init_weights` of YOLODetector  

backbone.stage2.1.rep.rbr_1x1.conv.weight - torch.Size([960, 960, 1, 1]): 
Initialized by user-defined `init_weights` in RemNet  

backbone.stage2.1.rep.rbr_1x1.bn.weight - torch.Size([960]): 
The value is the same before and after calling `init_weights` of YOLODetector  

backbone.stage2.1.rep.rbr_1x1.bn.bias - torch.Size([960]): 
The value is the same before and after calling `init_weights` of YOLODetector  

backbone.stage2.1.m.0.conv.weight - torch.Size([960, 1, 3, 3]): 
Initialized by user-defined `init_weights` in RemNet  

backbone.stage2.1.m.0.bn.weight - torch.Size([960]): 
The value is the same before and after calling `init_weights` of YOLODetector  

backbone.stage2.1.m.0.bn.bias - torch.Size([960]): 
The value is the same before and after calling `init_weights` of YOLODetector  

backbone.stage2.1.m.1.conv.weight - torch.Size([960, 1, 3, 3]): 
Initialized by user-defined `init_weights` in RemNet  

backbone.stage2.1.m.1.bn.weight - torch.Size([960]): 
The value is the same before and after calling `init_weights` of YOLODetector  

backbone.stage2.1.m.1.bn.bias - torch.Size([960]): 
The value is the same before and after calling `init_weights` of YOLODetector  

backbone.stage2.1.cv2.conv.weight - torch.Size([320, 960, 1, 1]): 
Initialized by user-defined `init_weights` in RemNet  

backbone.stage2.1.cv2.bn.weight - torch.Size([320]): 
The value is the same before and after calling `init_weights` of YOLODetector  

backbone.stage2.1.cv2.bn.bias - torch.Size([320]): 
The value is the same before and after calling `init_weights` of YOLODetector  

backbone.stage3.0.cv1.conv.weight - torch.Size([640, 320, 1, 1]): 
Initialized by user-defined `init_weights` in RemNet  

backbone.stage3.0.cv1.bn.weight - torch.Size([640]): 
The value is the same before and after calling `init_weights` of YOLODetector  

backbone.stage3.0.cv1.bn.bias - torch.Size([640]): 
The value is the same before and after calling `init_weights` of YOLODetector  

backbone.stage3.0.cv2.conv.weight - torch.Size([640, 2560, 1, 1]): 
Initialized by user-defined `init_weights` in RemNet  

backbone.stage3.0.cv2.bn.weight - torch.Size([640]): 
The value is the same before and after calling `init_weights` of YOLODetector  

backbone.stage3.0.cv2.bn.bias - torch.Size([640]): 
The value is the same before and after calling `init_weights` of YOLODetector  

backbone.stage3.0.dwconv.conv.weight - torch.Size([640, 1, 3, 3]): 
Initialized by user-defined `init_weights` in RemNet  

backbone.stage3.0.dwconv.bn.weight - torch.Size([640]): 
The value is the same before and after calling `init_weights` of YOLODetector  

backbone.stage3.0.dwconv.bn.bias - torch.Size([640]): 
The value is the same before and after calling `init_weights` of YOLODetector  

backbone.stage3.1.proj.conv.weight - torch.Size([3840, 640, 1, 1]): 
Initialized by user-defined `init_weights` in RemNet  

backbone.stage3.1.proj.bn.weight - torch.Size([3840]): 
The value is the same before and after calling `init_weights` of YOLODetector  

backbone.stage3.1.proj.bn.bias - torch.Size([3840]): 
The value is the same before and after calling `init_weights` of YOLODetector  

backbone.stage3.1.rep.rbr_identity.weight - torch.Size([1920]): 
The value is the same before and after calling `init_weights` of YOLODetector  

backbone.stage3.1.rep.rbr_identity.bias - torch.Size([1920]): 
The value is the same before and after calling `init_weights` of YOLODetector  

backbone.stage3.1.rep.rbr_dense.conv.weight - torch.Size([1920, 1, 3, 3]): 
Initialized by user-defined `init_weights` in RemNet  

backbone.stage3.1.rep.rbr_dense.bn.weight - torch.Size([1920]): 
The value is the same before and after calling `init_weights` of YOLODetector  

backbone.stage3.1.rep.rbr_dense.bn.bias - torch.Size([1920]): 
The value is the same before and after calling `init_weights` of YOLODetector  

backbone.stage3.1.rep.rbr_1x1.conv.weight - torch.Size([1920, 1920, 1, 1]): 
Initialized by user-defined `init_weights` in RemNet  

backbone.stage3.1.rep.rbr_1x1.bn.weight - torch.Size([1920]): 
The value is the same before and after calling `init_weights` of YOLODetector  

backbone.stage3.1.rep.rbr_1x1.bn.bias - torch.Size([1920]): 
The value is the same before and after calling `init_weights` of YOLODetector  

backbone.stage3.1.m.0.conv.weight - torch.Size([1920, 1, 3, 3]): 
Initialized by user-defined `init_weights` in RemNet  

backbone.stage3.1.m.0.bn.weight - torch.Size([1920]): 
The value is the same before and after calling `init_weights` of YOLODetector  

backbone.stage3.1.m.0.bn.bias - torch.Size([1920]): 
The value is the same before and after calling `init_weights` of YOLODetector  

backbone.stage3.1.m.1.conv.weight - torch.Size([1920, 1, 3, 3]): 
Initialized by user-defined `init_weights` in RemNet  

backbone.stage3.1.m.1.bn.weight - torch.Size([1920]): 
The value is the same before and after calling `init_weights` of YOLODetector  

backbone.stage3.1.m.1.bn.bias - torch.Size([1920]): 
The value is the same before and after calling `init_weights` of YOLODetector  

backbone.stage3.1.m.2.conv.weight - torch.Size([1920, 1, 3, 3]): 
Initialized by user-defined `init_weights` in RemNet  

backbone.stage3.1.m.2.bn.weight - torch.Size([1920]): 
The value is the same before and after calling `init_weights` of YOLODetector  

backbone.stage3.1.m.2.bn.bias - torch.Size([1920]): 
The value is the same before and after calling `init_weights` of YOLODetector  

backbone.stage3.1.m.3.conv.weight - torch.Size([1920, 1, 3, 3]): 
Initialized by user-defined `init_weights` in RemNet  

backbone.stage3.1.m.3.bn.weight - torch.Size([1920]): 
The value is the same before and after calling `init_weights` of YOLODetector  

backbone.stage3.1.m.3.bn.bias - torch.Size([1920]): 
The value is the same before and after calling `init_weights` of YOLODetector  

backbone.stage3.1.m.4.conv.weight - torch.Size([1920, 1, 3, 3]): 
Initialized by user-defined `init_weights` in RemNet  

backbone.stage3.1.m.4.bn.weight - torch.Size([1920]): 
The value is the same before and after calling `init_weights` of YOLODetector  

backbone.stage3.1.m.4.bn.bias - torch.Size([1920]): 
The value is the same before and after calling `init_weights` of YOLODetector  

backbone.stage3.1.cv2.conv.weight - torch.Size([640, 1920, 1, 1]): 
Initialized by user-defined `init_weights` in RemNet  

backbone.stage3.1.cv2.bn.weight - torch.Size([640]): 
The value is the same before and after calling `init_weights` of YOLODetector  

backbone.stage3.1.cv2.bn.bias - torch.Size([640]): 
The value is the same before and after calling `init_weights` of YOLODetector  

backbone.stage4.0.cv1.conv.weight - torch.Size([960, 640, 1, 1]): 
Initialized by user-defined `init_weights` in RemNet  

backbone.stage4.0.cv1.bn.weight - torch.Size([960]): 
The value is the same before and after calling `init_weights` of YOLODetector  

backbone.stage4.0.cv1.bn.bias - torch.Size([960]): 
The value is the same before and after calling `init_weights` of YOLODetector  

backbone.stage4.0.cv2.conv.weight - torch.Size([960, 3840, 1, 1]): 
Initialized by user-defined `init_weights` in RemNet  

backbone.stage4.0.cv2.bn.weight - torch.Size([960]): 
The value is the same before and after calling `init_weights` of YOLODetector  

backbone.stage4.0.cv2.bn.bias - torch.Size([960]): 
The value is the same before and after calling `init_weights` of YOLODetector  

backbone.stage4.0.dwconv.conv.weight - torch.Size([960, 1, 3, 3]): 
Initialized by user-defined `init_weights` in RemNet  

backbone.stage4.0.dwconv.bn.weight - torch.Size([960]): 
The value is the same before and after calling `init_weights` of YOLODetector  

backbone.stage4.0.dwconv.bn.bias - torch.Size([960]): 
The value is the same before and after calling `init_weights` of YOLODetector  

backbone.stage4.1.proj.conv.weight - torch.Size([5760, 960, 1, 1]): 
Initialized by user-defined `init_weights` in RemNet  

backbone.stage4.1.proj.bn.weight - torch.Size([5760]): 
The value is the same before and after calling `init_weights` of YOLODetector  

backbone.stage4.1.proj.bn.bias - torch.Size([5760]): 
The value is the same before and after calling `init_weights` of YOLODetector  

backbone.stage4.1.rep.rbr_identity.weight - torch.Size([2880]): 
The value is the same before and after calling `init_weights` of YOLODetector  

backbone.stage4.1.rep.rbr_identity.bias - torch.Size([2880]): 
The value is the same before and after calling `init_weights` of YOLODetector  

backbone.stage4.1.rep.rbr_dense.conv.weight - torch.Size([2880, 1, 3, 3]): 
Initialized by user-defined `init_weights` in RemNet  

backbone.stage4.1.rep.rbr_dense.bn.weight - torch.Size([2880]): 
The value is the same before and after calling `init_weights` of YOLODetector  

backbone.stage4.1.rep.rbr_dense.bn.bias - torch.Size([2880]): 
The value is the same before and after calling `init_weights` of YOLODetector  

backbone.stage4.1.rep.rbr_1x1.conv.weight - torch.Size([2880, 2880, 1, 1]): 
Initialized by user-defined `init_weights` in RemNet  

backbone.stage4.1.rep.rbr_1x1.bn.weight - torch.Size([2880]): 
The value is the same before and after calling `init_weights` of YOLODetector  

backbone.stage4.1.rep.rbr_1x1.bn.bias - torch.Size([2880]): 
The value is the same before and after calling `init_weights` of YOLODetector  

backbone.stage4.1.m.0.conv.weight - torch.Size([2880, 1, 3, 3]): 
Initialized by user-defined `init_weights` in RemNet  

backbone.stage4.1.m.0.bn.weight - torch.Size([2880]): 
The value is the same before and after calling `init_weights` of YOLODetector  

backbone.stage4.1.m.0.bn.bias - torch.Size([2880]): 
The value is the same before and after calling `init_weights` of YOLODetector  

backbone.stage4.1.m.1.conv.weight - torch.Size([2880, 1, 3, 3]): 
Initialized by user-defined `init_weights` in RemNet  

backbone.stage4.1.m.1.bn.weight - torch.Size([2880]): 
The value is the same before and after calling `init_weights` of YOLODetector  

backbone.stage4.1.m.1.bn.bias - torch.Size([2880]): 
The value is the same before and after calling `init_weights` of YOLODetector  

backbone.stage4.1.cv2.conv.weight - torch.Size([960, 2880, 1, 1]): 
Initialized by user-defined `init_weights` in RemNet  

backbone.stage4.1.cv2.bn.weight - torch.Size([960]): 
The value is the same before and after calling `init_weights` of YOLODetector  

backbone.stage4.1.cv2.bn.bias - torch.Size([960]): 
The value is the same before and after calling `init_weights` of YOLODetector  

backbone.stage4.2.conv1.conv.weight - torch.Size([480, 960, 1, 1]): 
Initialized by user-defined `init_weights` in RemNet  

backbone.stage4.2.conv1.bn.weight - torch.Size([480]): 
The value is the same before and after calling `init_weights` of YOLODetector  

backbone.stage4.2.conv1.bn.bias - torch.Size([480]): 
The value is the same before and after calling `init_weights` of YOLODetector  

backbone.stage4.2.conv2.conv.weight - torch.Size([960, 1920, 1, 1]): 
Initialized by user-defined `init_weights` in RemNet  

backbone.stage4.2.conv2.bn.weight - torch.Size([960]): 
The value is the same before and after calling `init_weights` of YOLODetector  

backbone.stage4.2.conv2.bn.bias - torch.Size([960]): 
The value is the same before and after calling `init_weights` of YOLODetector  

neck.top_down_layers.0.cv1.conv.weight - torch.Size([1280, 1600, 1, 1]): 
Initialized by user-defined `init_weights` in RemDetPAFPN  

neck.top_down_layers.0.cv1.bn.weight - torch.Size([1280]): 
The value is the same before and after calling `init_weights` of YOLODetector  

neck.top_down_layers.0.cv1.bn.bias - torch.Size([1280]): 
The value is the same before and after calling `init_weights` of YOLODetector  

neck.top_down_layers.0.cv2.conv.weight - torch.Size([640, 3200, 1, 1]): 
Initialized by user-defined `init_weights` in RemDetPAFPN  

neck.top_down_layers.0.cv2.bn.weight - torch.Size([640]): 
The value is the same before and after calling `init_weights` of YOLODetector  

neck.top_down_layers.0.cv2.bn.bias - torch.Size([640]): 
The value is the same before and after calling `init_weights` of YOLODetector  

neck.top_down_layers.0.m.0.conv1.conv.weight - torch.Size([160, 640, 3, 3]): 
Initialized by user-defined `init_weights` in RemDetPAFPN  

neck.top_down_layers.0.m.0.conv1.bn.weight - torch.Size([160]): 
The value is the same before and after calling `init_weights` of YOLODetector  

neck.top_down_layers.0.m.0.conv1.bn.bias - torch.Size([160]): 
The value is the same before and after calling `init_weights` of YOLODetector  

neck.top_down_layers.0.m.0.conv2.conv.weight - torch.Size([640, 160, 3, 3]): 
Initialized by user-defined `init_weights` in RemDetPAFPN  

neck.top_down_layers.0.m.0.conv2.bn.weight - torch.Size([640]): 
The value is the same before and after calling `init_weights` of YOLODetector  

neck.top_down_layers.0.m.0.conv2.bn.bias - torch.Size([640]): 
The value is the same before and after calling `init_weights` of YOLODetector  

neck.top_down_layers.0.m.1.conv1.conv.weight - torch.Size([160, 640, 3, 3]): 
Initialized by user-defined `init_weights` in RemDetPAFPN  

neck.top_down_layers.0.m.1.conv1.bn.weight - torch.Size([160]): 
The value is the same before and after calling `init_weights` of YOLODetector  

neck.top_down_layers.0.m.1.conv1.bn.bias - torch.Size([160]): 
The value is the same before and after calling `init_weights` of YOLODetector  

neck.top_down_layers.0.m.1.conv2.conv.weight - torch.Size([640, 160, 3, 3]): 
Initialized by user-defined `init_weights` in RemDetPAFPN  

neck.top_down_layers.0.m.1.conv2.bn.weight - torch.Size([640]): 
The value is the same before and after calling `init_weights` of YOLODetector  

neck.top_down_layers.0.m.1.conv2.bn.bias - torch.Size([640]): 
The value is the same before and after calling `init_weights` of YOLODetector  

neck.top_down_layers.0.m.2.conv1.conv.weight - torch.Size([160, 640, 3, 3]): 
Initialized by user-defined `init_weights` in RemDetPAFPN  

neck.top_down_layers.0.m.2.conv1.bn.weight - torch.Size([160]): 
The value is the same before and after calling `init_weights` of YOLODetector  

neck.top_down_layers.0.m.2.conv1.bn.bias - torch.Size([160]): 
The value is the same before and after calling `init_weights` of YOLODetector  

neck.top_down_layers.0.m.2.conv2.conv.weight - torch.Size([640, 160, 3, 3]): 
Initialized by user-defined `init_weights` in RemDetPAFPN  

neck.top_down_layers.0.m.2.conv2.bn.weight - torch.Size([640]): 
The value is the same before and after calling `init_weights` of YOLODetector  

neck.top_down_layers.0.m.2.conv2.bn.bias - torch.Size([640]): 
The value is the same before and after calling `init_weights` of YOLODetector  

neck.top_down_layers.1.cv1.conv.weight - torch.Size([640, 960, 1, 1]): 
Initialized by user-defined `init_weights` in RemDetPAFPN  

neck.top_down_layers.1.cv1.bn.weight - torch.Size([640]): 
The value is the same before and after calling `init_weights` of YOLODetector  

neck.top_down_layers.1.cv1.bn.bias - torch.Size([640]): 
The value is the same before and after calling `init_weights` of YOLODetector  

neck.top_down_layers.1.cv2.conv.weight - torch.Size([320, 1600, 1, 1]): 
Initialized by user-defined `init_weights` in RemDetPAFPN  

neck.top_down_layers.1.cv2.bn.weight - torch.Size([320]): 
The value is the same before and after calling `init_weights` of YOLODetector  

neck.top_down_layers.1.cv2.bn.bias - torch.Size([320]): 
The value is the same before and after calling `init_weights` of YOLODetector  

neck.top_down_layers.1.m.0.conv1.conv.weight - torch.Size([80, 320, 3, 3]): 
Initialized by user-defined `init_weights` in RemDetPAFPN  

neck.top_down_layers.1.m.0.conv1.bn.weight - torch.Size([80]): 
The value is the same before and after calling `init_weights` of YOLODetector  

neck.top_down_layers.1.m.0.conv1.bn.bias - torch.Size([80]): 
The value is the same before and after calling `init_weights` of YOLODetector  

neck.top_down_layers.1.m.0.conv2.conv.weight - torch.Size([320, 80, 3, 3]): 
Initialized by user-defined `init_weights` in RemDetPAFPN  

neck.top_down_layers.1.m.0.conv2.bn.weight - torch.Size([320]): 
The value is the same before and after calling `init_weights` of YOLODetector  

neck.top_down_layers.1.m.0.conv2.bn.bias - torch.Size([320]): 
The value is the same before and after calling `init_weights` of YOLODetector  

neck.top_down_layers.1.m.1.conv1.conv.weight - torch.Size([80, 320, 3, 3]): 
Initialized by user-defined `init_weights` in RemDetPAFPN  

neck.top_down_layers.1.m.1.conv1.bn.weight - torch.Size([80]): 
The value is the same before and after calling `init_weights` of YOLODetector  

neck.top_down_layers.1.m.1.conv1.bn.bias - torch.Size([80]): 
The value is the same before and after calling `init_weights` of YOLODetector  

neck.top_down_layers.1.m.1.conv2.conv.weight - torch.Size([320, 80, 3, 3]): 
Initialized by user-defined `init_weights` in RemDetPAFPN  

neck.top_down_layers.1.m.1.conv2.bn.weight - torch.Size([320]): 
The value is the same before and after calling `init_weights` of YOLODetector  

neck.top_down_layers.1.m.1.conv2.bn.bias - torch.Size([320]): 
The value is the same before and after calling `init_weights` of YOLODetector  

neck.top_down_layers.1.m.2.conv1.conv.weight - torch.Size([80, 320, 3, 3]): 
Initialized by user-defined `init_weights` in RemDetPAFPN  

neck.top_down_layers.1.m.2.conv1.bn.weight - torch.Size([80]): 
The value is the same before and after calling `init_weights` of YOLODetector  

neck.top_down_layers.1.m.2.conv1.bn.bias - torch.Size([80]): 
The value is the same before and after calling `init_weights` of YOLODetector  

neck.top_down_layers.1.m.2.conv2.conv.weight - torch.Size([320, 80, 3, 3]): 
Initialized by user-defined `init_weights` in RemDetPAFPN  

neck.top_down_layers.1.m.2.conv2.bn.weight - torch.Size([320]): 
The value is the same before and after calling `init_weights` of YOLODetector  

neck.top_down_layers.1.m.2.conv2.bn.bias - torch.Size([320]): 
The value is the same before and after calling `init_weights` of YOLODetector  

neck.downsample_layers.0.conv.weight - torch.Size([320, 320, 3, 3]): 
Initialized by user-defined `init_weights` in RemDetPAFPN  

neck.downsample_layers.0.bn.weight - torch.Size([320]): 
The value is the same before and after calling `init_weights` of YOLODetector  

neck.downsample_layers.0.bn.bias - torch.Size([320]): 
The value is the same before and after calling `init_weights` of YOLODetector  

neck.downsample_layers.1.conv.weight - torch.Size([640, 640, 3, 3]): 
Initialized by user-defined `init_weights` in RemDetPAFPN  

neck.downsample_layers.1.bn.weight - torch.Size([640]): 
The value is the same before and after calling `init_weights` of YOLODetector  

neck.downsample_layers.1.bn.bias - torch.Size([640]): 
The value is the same before and after calling `init_weights` of YOLODetector  

neck.bottom_up_layers.0.cv1.conv.weight - torch.Size([1280, 960, 1, 1]): 
Initialized by user-defined `init_weights` in RemDetPAFPN  

neck.bottom_up_layers.0.cv1.bn.weight - torch.Size([1280]): 
The value is the same before and after calling `init_weights` of YOLODetector  

neck.bottom_up_layers.0.cv1.bn.bias - torch.Size([1280]): 
The value is the same before and after calling `init_weights` of YOLODetector  

neck.bottom_up_layers.0.cv2.conv.weight - torch.Size([640, 3200, 1, 1]): 
Initialized by user-defined `init_weights` in RemDetPAFPN  

neck.bottom_up_layers.0.cv2.bn.weight - torch.Size([640]): 
The value is the same before and after calling `init_weights` of YOLODetector  

neck.bottom_up_layers.0.cv2.bn.bias - torch.Size([640]): 
The value is the same before and after calling `init_weights` of YOLODetector  

neck.bottom_up_layers.0.m.0.conv1.conv.weight - torch.Size([160, 640, 3, 3]): 
Initialized by user-defined `init_weights` in RemDetPAFPN  

neck.bottom_up_layers.0.m.0.conv1.bn.weight - torch.Size([160]): 
The value is the same before and after calling `init_weights` of YOLODetector  

neck.bottom_up_layers.0.m.0.conv1.bn.bias - torch.Size([160]): 
The value is the same before and after calling `init_weights` of YOLODetector  

neck.bottom_up_layers.0.m.0.conv2.conv.weight - torch.Size([640, 160, 3, 3]): 
Initialized by user-defined `init_weights` in RemDetPAFPN  

neck.bottom_up_layers.0.m.0.conv2.bn.weight - torch.Size([640]): 
The value is the same before and after calling `init_weights` of YOLODetector  

neck.bottom_up_layers.0.m.0.conv2.bn.bias - torch.Size([640]): 
The value is the same before and after calling `init_weights` of YOLODetector  

neck.bottom_up_layers.0.m.1.conv1.conv.weight - torch.Size([160, 640, 3, 3]): 
Initialized by user-defined `init_weights` in RemDetPAFPN  

neck.bottom_up_layers.0.m.1.conv1.bn.weight - torch.Size([160]): 
The value is the same before and after calling `init_weights` of YOLODetector  

neck.bottom_up_layers.0.m.1.conv1.bn.bias - torch.Size([160]): 
The value is the same before and after calling `init_weights` of YOLODetector  

neck.bottom_up_layers.0.m.1.conv2.conv.weight - torch.Size([640, 160, 3, 3]): 
Initialized by user-defined `init_weights` in RemDetPAFPN  

neck.bottom_up_layers.0.m.1.conv2.bn.weight - torch.Size([640]): 
The value is the same before and after calling `init_weights` of YOLODetector  

neck.bottom_up_layers.0.m.1.conv2.bn.bias - torch.Size([640]): 
The value is the same before and after calling `init_weights` of YOLODetector  

neck.bottom_up_layers.0.m.2.conv1.conv.weight - torch.Size([160, 640, 3, 3]): 
Initialized by user-defined `init_weights` in RemDetPAFPN  

neck.bottom_up_layers.0.m.2.conv1.bn.weight - torch.Size([160]): 
The value is the same before and after calling `init_weights` of YOLODetector  

neck.bottom_up_layers.0.m.2.conv1.bn.bias - torch.Size([160]): 
The value is the same before and after calling `init_weights` of YOLODetector  

neck.bottom_up_layers.0.m.2.conv2.conv.weight - torch.Size([640, 160, 3, 3]): 
Initialized by user-defined `init_weights` in RemDetPAFPN  

neck.bottom_up_layers.0.m.2.conv2.bn.weight - torch.Size([640]): 
The value is the same before and after calling `init_weights` of YOLODetector  

neck.bottom_up_layers.0.m.2.conv2.bn.bias - torch.Size([640]): 
The value is the same before and after calling `init_weights` of YOLODetector  

neck.bottom_up_layers.1.cv1.conv.weight - torch.Size([1920, 1600, 1, 1]): 
Initialized by user-defined `init_weights` in RemDetPAFPN  

neck.bottom_up_layers.1.cv1.bn.weight - torch.Size([1920]): 
The value is the same before and after calling `init_weights` of YOLODetector  

neck.bottom_up_layers.1.cv1.bn.bias - torch.Size([1920]): 
The value is the same before and after calling `init_weights` of YOLODetector  

neck.bottom_up_layers.1.cv2.conv.weight - torch.Size([960, 4800, 1, 1]): 
Initialized by user-defined `init_weights` in RemDetPAFPN  

neck.bottom_up_layers.1.cv2.bn.weight - torch.Size([960]): 
The value is the same before and after calling `init_weights` of YOLODetector  

neck.bottom_up_layers.1.cv2.bn.bias - torch.Size([960]): 
The value is the same before and after calling `init_weights` of YOLODetector  

neck.bottom_up_layers.1.m.0.conv1.conv.weight - torch.Size([240, 960, 3, 3]): 
Initialized by user-defined `init_weights` in RemDetPAFPN  

neck.bottom_up_layers.1.m.0.conv1.bn.weight - torch.Size([240]): 
The value is the same before and after calling `init_weights` of YOLODetector  

neck.bottom_up_layers.1.m.0.conv1.bn.bias - torch.Size([240]): 
The value is the same before and after calling `init_weights` of YOLODetector  

neck.bottom_up_layers.1.m.0.conv2.conv.weight - torch.Size([960, 240, 3, 3]): 
Initialized by user-defined `init_weights` in RemDetPAFPN  

neck.bottom_up_layers.1.m.0.conv2.bn.weight - torch.Size([960]): 
The value is the same before and after calling `init_weights` of YOLODetector  

neck.bottom_up_layers.1.m.0.conv2.bn.bias - torch.Size([960]): 
The value is the same before and after calling `init_weights` of YOLODetector  

neck.bottom_up_layers.1.m.1.conv1.conv.weight - torch.Size([240, 960, 3, 3]): 
Initialized by user-defined `init_weights` in RemDetPAFPN  

neck.bottom_up_layers.1.m.1.conv1.bn.weight - torch.Size([240]): 
The value is the same before and after calling `init_weights` of YOLODetector  

neck.bottom_up_layers.1.m.1.conv1.bn.bias - torch.Size([240]): 
The value is the same before and after calling `init_weights` of YOLODetector  

neck.bottom_up_layers.1.m.1.conv2.conv.weight - torch.Size([960, 240, 3, 3]): 
Initialized by user-defined `init_weights` in RemDetPAFPN  

neck.bottom_up_layers.1.m.1.conv2.bn.weight - torch.Size([960]): 
The value is the same before and after calling `init_weights` of YOLODetector  

neck.bottom_up_layers.1.m.1.conv2.bn.bias - torch.Size([960]): 
The value is the same before and after calling `init_weights` of YOLODetector  

neck.bottom_up_layers.1.m.2.conv1.conv.weight - torch.Size([240, 960, 3, 3]): 
Initialized by user-defined `init_weights` in RemDetPAFPN  

neck.bottom_up_layers.1.m.2.conv1.bn.weight - torch.Size([240]): 
The value is the same before and after calling `init_weights` of YOLODetector  

neck.bottom_up_layers.1.m.2.conv1.bn.bias - torch.Size([240]): 
The value is the same before and after calling `init_weights` of YOLODetector  

neck.bottom_up_layers.1.m.2.conv2.conv.weight - torch.Size([960, 240, 3, 3]): 
Initialized by user-defined `init_weights` in RemDetPAFPN  

neck.bottom_up_layers.1.m.2.conv2.bn.weight - torch.Size([960]): 
The value is the same before and after calling `init_weights` of YOLODetector  

neck.bottom_up_layers.1.m.2.conv2.bn.bias - torch.Size([960]): 
The value is the same before and after calling `init_weights` of YOLODetector  

bbox_head.head_module.cls_preds.0.0.conv.weight - torch.Size([320, 320, 3, 3]): 
The value is the same before and after calling `init_weights` of YOLODetector  

bbox_head.head_module.cls_preds.0.0.bn.weight - torch.Size([320]): 
The value is the same before and after calling `init_weights` of YOLODetector  

bbox_head.head_module.cls_preds.0.0.bn.bias - torch.Size([320]): 
The value is the same before and after calling `init_weights` of YOLODetector  

bbox_head.head_module.cls_preds.0.1.conv.weight - torch.Size([320, 320, 3, 3]): 
The value is the same before and after calling `init_weights` of YOLODetector  

bbox_head.head_module.cls_preds.0.1.bn.weight - torch.Size([320]): 
The value is the same before and after calling `init_weights` of YOLODetector  

bbox_head.head_module.cls_preds.0.1.bn.bias - torch.Size([320]): 
The value is the same before and after calling `init_weights` of YOLODetector  

bbox_head.head_module.cls_preds.0.2.weight - torch.Size([10, 320, 1, 1]): 
The value is the same before and after calling `init_weights` of YOLODetector  

bbox_head.head_module.cls_preds.0.2.bias - torch.Size([10]): 
Initialized by user-defined `init_weights` in YOLOv8HeadModule  

bbox_head.head_module.cls_preds.1.0.conv.weight - torch.Size([320, 640, 3, 3]): 
The value is the same before and after calling `init_weights` of YOLODetector  

bbox_head.head_module.cls_preds.1.0.bn.weight - torch.Size([320]): 
The value is the same before and after calling `init_weights` of YOLODetector  

bbox_head.head_module.cls_preds.1.0.bn.bias - torch.Size([320]): 
The value is the same before and after calling `init_weights` of YOLODetector  

bbox_head.head_module.cls_preds.1.1.conv.weight - torch.Size([320, 320, 3, 3]): 
The value is the same before and after calling `init_weights` of YOLODetector  

bbox_head.head_module.cls_preds.1.1.bn.weight - torch.Size([320]): 
The value is the same before and after calling `init_weights` of YOLODetector  

bbox_head.head_module.cls_preds.1.1.bn.bias - torch.Size([320]): 
The value is the same before and after calling `init_weights` of YOLODetector  

bbox_head.head_module.cls_preds.1.2.weight - torch.Size([10, 320, 1, 1]): 
The value is the same before and after calling `init_weights` of YOLODetector  

bbox_head.head_module.cls_preds.1.2.bias - torch.Size([10]): 
Initialized by user-defined `init_weights` in YOLOv8HeadModule  

bbox_head.head_module.cls_preds.2.0.conv.weight - torch.Size([320, 960, 3, 3]): 
The value is the same before and after calling `init_weights` of YOLODetector  

bbox_head.head_module.cls_preds.2.0.bn.weight - torch.Size([320]): 
The value is the same before and after calling `init_weights` of YOLODetector  

bbox_head.head_module.cls_preds.2.0.bn.bias - torch.Size([320]): 
The value is the same before and after calling `init_weights` of YOLODetector  

bbox_head.head_module.cls_preds.2.1.conv.weight - torch.Size([320, 320, 3, 3]): 
The value is the same before and after calling `init_weights` of YOLODetector  

bbox_head.head_module.cls_preds.2.1.bn.weight - torch.Size([320]): 
The value is the same before and after calling `init_weights` of YOLODetector  

bbox_head.head_module.cls_preds.2.1.bn.bias - torch.Size([320]): 
The value is the same before and after calling `init_weights` of YOLODetector  

bbox_head.head_module.cls_preds.2.2.weight - torch.Size([10, 320, 1, 1]): 
The value is the same before and after calling `init_weights` of YOLODetector  

bbox_head.head_module.cls_preds.2.2.bias - torch.Size([10]): 
Initialized by user-defined `init_weights` in YOLOv8HeadModule  

bbox_head.head_module.reg_preds.0.0.conv.weight - torch.Size([80, 320, 3, 3]): 
The value is the same before and after calling `init_weights` of YOLODetector  

bbox_head.head_module.reg_preds.0.0.bn.weight - torch.Size([80]): 
The value is the same before and after calling `init_weights` of YOLODetector  

bbox_head.head_module.reg_preds.0.0.bn.bias - torch.Size([80]): 
The value is the same before and after calling `init_weights` of YOLODetector  

bbox_head.head_module.reg_preds.0.1.conv.weight - torch.Size([80, 80, 3, 3]): 
The value is the same before and after calling `init_weights` of YOLODetector  

bbox_head.head_module.reg_preds.0.1.bn.weight - torch.Size([80]): 
The value is the same before and after calling `init_weights` of YOLODetector  

bbox_head.head_module.reg_preds.0.1.bn.bias - torch.Size([80]): 
The value is the same before and after calling `init_weights` of YOLODetector  

bbox_head.head_module.reg_preds.0.2.weight - torch.Size([64, 80, 1, 1]): 
The value is the same before and after calling `init_weights` of YOLODetector  

bbox_head.head_module.reg_preds.0.2.bias - torch.Size([64]): 
Initialized by user-defined `init_weights` in YOLOv8HeadModule  

bbox_head.head_module.reg_preds.1.0.conv.weight - torch.Size([80, 640, 3, 3]): 
The value is the same before and after calling `init_weights` of YOLODetector  

bbox_head.head_module.reg_preds.1.0.bn.weight - torch.Size([80]): 
The value is the same before and after calling `init_weights` of YOLODetector  

bbox_head.head_module.reg_preds.1.0.bn.bias - torch.Size([80]): 
The value is the same before and after calling `init_weights` of YOLODetector  

bbox_head.head_module.reg_preds.1.1.conv.weight - torch.Size([80, 80, 3, 3]): 
The value is the same before and after calling `init_weights` of YOLODetector  

bbox_head.head_module.reg_preds.1.1.bn.weight - torch.Size([80]): 
The value is the same before and after calling `init_weights` of YOLODetector  

bbox_head.head_module.reg_preds.1.1.bn.bias - torch.Size([80]): 
The value is the same before and after calling `init_weights` of YOLODetector  

bbox_head.head_module.reg_preds.1.2.weight - torch.Size([64, 80, 1, 1]): 
The value is the same before and after calling `init_weights` of YOLODetector  

bbox_head.head_module.reg_preds.1.2.bias - torch.Size([64]): 
Initialized by user-defined `init_weights` in YOLOv8HeadModule  

bbox_head.head_module.reg_preds.2.0.conv.weight - torch.Size([80, 960, 3, 3]): 
The value is the same before and after calling `init_weights` of YOLODetector  

bbox_head.head_module.reg_preds.2.0.bn.weight - torch.Size([80]): 
The value is the same before and after calling `init_weights` of YOLODetector  

bbox_head.head_module.reg_preds.2.0.bn.bias - torch.Size([80]): 
The value is the same before and after calling `init_weights` of YOLODetector  

bbox_head.head_module.reg_preds.2.1.conv.weight - torch.Size([80, 80, 3, 3]): 
The value is the same before and after calling `init_weights` of YOLODetector  

bbox_head.head_module.reg_preds.2.1.bn.weight - torch.Size([80]): 
The value is the same before and after calling `init_weights` of YOLODetector  

bbox_head.head_module.reg_preds.2.1.bn.bias - torch.Size([80]): 
The value is the same before and after calling `init_weights` of YOLODetector  

bbox_head.head_module.reg_preds.2.2.weight - torch.Size([64, 80, 1, 1]): 
The value is the same before and after calling `init_weights` of YOLODetector  

bbox_head.head_module.reg_preds.2.2.bias - torch.Size([64]): 
Initialized by user-defined `init_weights` in YOLOv8HeadModule  
2024/07/28 08:28:17 - mmengine - WARNING - "FileClient" will be deprecated in future. Please use io functions in https://mmengine.readthedocs.io/en/latest/api/fileio.html#file-io
2024/07/28 08:28:17 - mmengine - WARNING - "HardDiskBackend" is the alias of "LocalBackend" and the former will be deprecated in future.
2024/07/28 08:28:17 - mmengine - INFO - Checkpoints will be saved to /mnt/exam_log/0723_remdet/remdet_series/visdrone/remdet_x.
2024/07/28 08:28:52 - mmengine - INFO - Epoch(train)   [1][ 50/102]  base_lr: 2.0000e-02 lr: 9.6078e-04  eta: 5:57:55  time: 0.7030  data_time: 0.0175  memory: 18518  grad_norm: nan  loss: 1050.7368  loss_cls: 433.6410  loss_bbox: 345.7901  loss_dfl: 271.3058
2024/07/28 08:29:10 - mmengine - INFO - Epoch(train)   [1][100/102]  base_lr: 2.0000e-02 lr: 1.9412e-03  eta: 4:29:12  time: 0.3562  data_time: 0.0009  memory: 14993  grad_norm: 2942.2385  loss: 935.5618  loss_cls: 343.5516  loss_bbox: 339.6193  loss_dfl: 252.3910
2024/07/28 08:29:17 - mmengine - INFO - Exp name: remdet_x-300e_coco_20240728_082805
2024/07/28 08:29:35 - mmengine - INFO - Epoch(train)   [2][ 50/102]  base_lr: 2.0000e-02 lr: 2.9510e-03  eta: 4:21:37  time: 0.3674  data_time: 0.0126  memory: 18060  grad_norm: 958.1175  loss: 762.8197  loss_cls: 267.3812  loss_bbox: 298.9190  loss_dfl: 196.5195
2024/07/28 08:29:52 - mmengine - INFO - Epoch(train)   [2][100/102]  base_lr: 2.0000e-02 lr: 3.9282e-03  eta: 3:59:11  time: 0.3402  data_time: 0.0009  memory: 14630  grad_norm: 570.6437  loss: 600.5946  loss_cls: 214.7999  loss_bbox: 239.9426  loss_dfl: 145.8521
2024/07/28 08:29:53 - mmengine - INFO - Exp name: remdet_x-300e_coco_20240728_082805
2024/07/28 08:30:11 - mmengine - INFO - Epoch(train)   [3][ 50/102]  base_lr: 2.0000e-02 lr: 4.9280e-03  eta: 3:46:39  time: 0.3591  data_time: 0.0133  memory: 14470  grad_norm: 491.7719  loss: 518.2304  loss_cls: 188.7069  loss_bbox: 207.7169  loss_dfl: 121.8066
2024/07/28 08:30:28 - mmengine - INFO - Epoch(train)   [3][100/102]  base_lr: 2.0000e-02 lr: 5.9020e-03  eta: 3:37:44  time: 0.3454  data_time: 0.0010  memory: 15163  grad_norm: 477.3267  loss: 465.1649  loss_cls: 170.0963  loss_bbox: 190.9194  loss_dfl: 104.1492
2024/07/28 08:30:28 - mmengine - INFO - Exp name: remdet_x-300e_coco_20240728_082805
2024/07/28 08:30:46 - mmengine - INFO - Epoch(train)   [4][ 50/102]  base_lr: 2.0000e-02 lr: 6.8919e-03  eta: 3:32:07  time: 0.3646  data_time: 0.0157  memory: 15023  grad_norm: 444.6235  loss: 433.1316  loss_cls: 159.0913  loss_bbox: 176.5919  loss_dfl: 97.4484
2024/07/28 08:31:04 - mmengine - INFO - Epoch(train)   [4][100/102]  base_lr: 2.0000e-02 lr: 7.8626e-03  eta: 3:26:46  time: 0.3403  data_time: 0.0010  memory: 14657  grad_norm: 430.0809  loss: 404.0990  loss_cls: 149.6344  loss_bbox: 163.0702  loss_dfl: 91.3944
2024/07/28 08:31:04 - mmengine - INFO - Exp name: remdet_x-300e_coco_20240728_082805
2024/07/28 08:31:22 - mmengine - INFO - Epoch(train)   [5][ 50/102]  base_lr: 2.0000e-02 lr: 8.8425e-03  eta: 3:23:33  time: 0.3638  data_time: 0.0138  memory: 15191  grad_norm: 402.5761  loss: 383.5832  loss_cls: 139.9525  loss_bbox: 156.4310  loss_dfl: 87.1998
2024/07/28 08:31:39 - mmengine - INFO - Epoch(train)   [5][100/102]  base_lr: 2.0000e-02 lr: 9.8100e-03  eta: 3:19:59  time: 0.3397  data_time: 0.0010  memory: 14550  grad_norm: 395.1965  loss: 371.3223  loss_cls: 136.3969  loss_bbox: 151.3068  loss_dfl: 83.6185
2024/07/28 08:31:40 - mmengine - INFO - Exp name: remdet_x-300e_coco_20240728_082805
2024/07/28 08:31:58 - mmengine - INFO - Epoch(train)   [6][ 50/102]  base_lr: 2.0000e-02 lr: 1.0780e-02  eta: 3:17:44  time: 0.3624  data_time: 0.0128  memory: 15370  grad_norm: 346.8517  loss: 363.9344  loss_cls: 131.4706  loss_bbox: 149.5632  loss_dfl: 82.9006
2024/07/28 08:32:15 - mmengine - INFO - Epoch(train)   [6][100/102]  base_lr: 2.0000e-02 lr: 1.1744e-02  eta: 3:15:10  time: 0.3407  data_time: 0.0010  memory: 14977  grad_norm: 322.9952  loss: 350.0952  loss_cls: 127.0587  loss_bbox: 141.2761  loss_dfl: 81.7605
2024/07/28 08:32:15 - mmengine - INFO - Exp name: remdet_x-300e_coco_20240728_082805
2024/07/28 08:32:34 - mmengine - INFO - Epoch(train)   [7][ 50/102]  base_lr: 2.0000e-02 lr: 1.2704e-02  eta: 3:13:39  time: 0.3648  data_time: 0.0182  memory: 15790  grad_norm: 303.6593  loss: 336.0828  loss_cls: 119.7194  loss_bbox: 138.2051  loss_dfl: 78.1582
2024/07/28 08:32:51 - mmengine - INFO - Epoch(train)   [7][100/102]  base_lr: 2.0000e-02 lr: 1.3665e-02  eta: 3:11:41  time: 0.3412  data_time: 0.0010  memory: 15810  grad_norm: 282.0425  loss: 336.4115  loss_cls: 120.8613  loss_bbox: 137.2906  loss_dfl: 78.2596
2024/07/28 08:32:51 - mmengine - INFO - Exp name: remdet_x-300e_coco_20240728_082805
2024/07/28 08:33:09 - mmengine - INFO - Epoch(train)   [8][ 50/102]  base_lr: 2.0000e-02 lr: 1.4615e-02  eta: 3:10:26  time: 0.3621  data_time: 0.0159  memory: 16317  grad_norm: 261.3071  loss: 325.7397  loss_cls: 115.5243  loss_bbox: 132.7241  loss_dfl: 77.4912
2024/07/28 08:33:26 - mmengine - INFO - Epoch(train)   [8][100/102]  base_lr: 2.0000e-02 lr: 1.5573e-02  eta: 3:08:51  time: 0.3418  data_time: 0.0010  memory: 15970  grad_norm: 245.8826  loss: 313.2097  loss_cls: 107.8792  loss_bbox: 129.7174  loss_dfl: 75.6132
2024/07/28 08:33:27 - mmengine - INFO - Exp name: remdet_x-300e_coco_20240728_082805
2024/07/28 08:33:45 - mmengine - INFO - Epoch(train)   [9][ 50/102]  base_lr: 2.0000e-02 lr: 1.6513e-02  eta: 3:07:43  time: 0.3576  data_time: 0.0107  memory: 15563  grad_norm: 220.8119  loss: 316.2804  loss_cls: 110.2955  loss_bbox: 130.0472  loss_dfl: 75.9377
2024/07/28 08:34:02 - mmengine - INFO - Epoch(train)   [9][100/102]  base_lr: 2.0000e-02 lr: 1.7468e-02  eta: 3:06:24  time: 0.3415  data_time: 0.0011  memory: 14777  grad_norm: 209.8878  loss: 304.6590  loss_cls: 104.9835  loss_bbox: 125.4168  loss_dfl: 74.2587
2024/07/28 08:34:02 - mmengine - INFO - Exp name: remdet_x-300e_coco_20240728_082805
2024/07/28 08:34:20 - mmengine - INFO - Epoch(train)  [10][ 50/102]  base_lr: 2.0000e-02 lr: 1.8398e-02  eta: 3:05:29  time: 0.3593  data_time: 0.0123  memory: 14897  grad_norm: 193.4090  loss: 298.0207  loss_cls: 101.9834  loss_bbox: 123.0404  loss_dfl: 72.9969
2024/07/28 08:34:31 - mmengine - INFO - Exp name: remdet_x-300e_coco_20240728_082805
2024/07/28 08:34:37 - mmengine - INFO - Epoch(train)  [10][100/102]  base_lr: 2.0000e-02 lr: 1.9349e-02  eta: 3:04:20  time: 0.3406  data_time: 0.0011  memory: 14890  grad_norm: 174.2358  loss: 301.3898  loss_cls: 103.4735  loss_bbox: 124.2715  loss_dfl: 73.6448
2024/07/28 08:34:38 - mmengine - INFO - Exp name: remdet_x-300e_coco_20240728_082805
2024/07/28 08:34:38 - mmengine - INFO - Saving checkpoint at 10 epochs
2024/07/28 08:34:39 - mmengine - WARNING - `save_param_scheduler` is True but `self.param_schedulers` is None, so skip saving parameter schedulers
2024/07/28 08:34:50 - mmengine - INFO - Evaluating bbox...
2024/07/28 08:35:17 - mmengine - INFO - bbox_mAP_copypaste: 0.082 0.157 0.078 0.038 0.128 0.196
2024/07/28 08:35:17 - mmengine - INFO - Epoch(val) [10][9/9]    coco/bbox_mAP: 0.0820  coco/bbox_mAP_50: 0.1570  coco/bbox_mAP_75: 0.0780  coco/bbox_mAP_s: 0.0380  coco/bbox_mAP_m: 0.1280  coco/bbox_mAP_l: 0.1960  data_time: 0.0669  time: 0.7407
2024/07/28 08:35:19 - mmengine - INFO - The best checkpoint with 0.0820 coco/bbox_mAP at 10 epoch is saved to best_coco_bbox_mAP_epoch_10.pth.
2024/07/28 08:35:40 - mmengine - INFO - Epoch(train)  [11][ 50/102]  base_lr: 2.0000e-02 lr: 1.9340e-02  eta: 3:03:25  time: 0.3541  data_time: 0.0135  memory: 21567  grad_norm: 158.6171  loss: 288.6298  loss_cls: 97.7860  loss_bbox: 117.9845  loss_dfl: 72.8594
2024/07/28 08:35:57 - mmengine - INFO - Epoch(train)  [11][100/102]  base_lr: 2.0000e-02 lr: 1.9340e-02  eta: 3:02:25  time: 0.3408  data_time: 0.0010  memory: 15113  grad_norm: 145.8679  loss: 283.0244  loss_cls: 94.1813  loss_bbox: 116.6597  loss_dfl: 72.1834
2024/07/28 08:35:57 - mmengine - INFO - Exp name: remdet_x-300e_coco_20240728_082805
2024/07/28 08:36:15 - mmengine - INFO - Epoch(train)  [12][ 50/102]  base_lr: 2.0000e-02 lr: 1.9340e-02  eta: 3:01:43  time: 0.3581  data_time: 0.0136  memory: 14753  grad_norm: 134.4419  loss: 276.1496  loss_cls: 93.2535  loss_bbox: 112.1983  loss_dfl: 70.6978
2024/07/28 08:36:32 - mmengine - INFO - Epoch(train)  [12][100/102]  base_lr: 2.0000e-02 lr: 1.9340e-02  eta: 3:00:53  time: 0.3448  data_time: 0.0009  memory: 14687  grad_norm: 124.8149  loss: 268.6541  loss_cls: 89.0792  loss_bbox: 109.2282  loss_dfl: 70.3466
2024/07/28 08:36:33 - mmengine - INFO - Exp name: remdet_x-300e_coco_20240728_082805
2024/07/28 08:36:51 - mmengine - INFO - Epoch(train)  [13][ 50/102]  base_lr: 2.0000e-02 lr: 1.9274e-02  eta: 3:00:16  time: 0.3591  data_time: 0.0126  memory: 14967  grad_norm: 121.1513  loss: 268.3091  loss_cls: 89.4223  loss_bbox: 109.8330  loss_dfl: 69.0539
2024/07/28 08:37:08 - mmengine - INFO - Epoch(train)  [13][100/102]  base_lr: 2.0000e-02 lr: 1.9274e-02  eta: 2:59:30  time: 0.3441  data_time: 0.0010  memory: 14880  grad_norm: 113.6793  loss: 260.6283  loss_cls: 86.0222  loss_bbox: 106.3117  loss_dfl: 68.2944
2024/07/28 08:37:09 - mmengine - INFO - Exp name: remdet_x-300e_coco_20240728_082805
2024/07/28 08:37:27 - mmengine - INFO - Epoch(train)  [14][ 50/102]  base_lr: 2.0000e-02 lr: 1.9208e-02  eta: 2:59:01  time: 0.3635  data_time: 0.0105  memory: 15113  grad_norm: 109.0466  loss: 265.5917  loss_cls: 87.2999  loss_bbox: 110.1289  loss_dfl: 68.1629
2024/07/28 08:37:44 - mmengine - INFO - Epoch(train)  [14][100/102]  base_lr: 2.0000e-02 lr: 1.9208e-02  eta: 2:58:14  time: 0.3395  data_time: 0.0010  memory: 16294  grad_norm: 105.1846  loss: 255.1090  loss_cls: 84.0627  loss_bbox: 104.5887  loss_dfl: 66.4575
2024/07/28 08:37:44 - mmengine - INFO - Exp name: remdet_x-300e_coco_20240728_082805
2024/07/28 08:38:02 - mmengine - INFO - Epoch(train)  [15][ 50/102]  base_lr: 2.0000e-02 lr: 1.9142e-02  eta: 2:57:46  time: 0.3625  data_time: 0.0157  memory: 14653  grad_norm: 101.5852  loss: 248.3035  loss_cls: 80.6254  loss_bbox: 100.6171  loss_dfl: 67.0610
2024/07/28 08:38:20 - mmengine - INFO - Epoch(train)  [15][100/102]  base_lr: 2.0000e-02 lr: 1.9142e-02  eta: 2:57:06  time: 0.3426  data_time: 0.0010  memory: 14920  grad_norm: 101.6789  loss: 251.1863  loss_cls: 81.7243  loss_bbox: 102.2956  loss_dfl: 67.1664
2024/07/28 08:38:20 - mmengine - INFO - Exp name: remdet_x-300e_coco_20240728_082805
2024/07/28 08:38:39 - mmengine - INFO - Epoch(train)  [16][ 50/102]  base_lr: 2.0000e-02 lr: 1.9076e-02  eta: 2:56:59  time: 0.3835  data_time: 0.0113  memory: 16307  grad_norm: 96.4174  loss: 246.9821  loss_cls: 78.7003  loss_bbox: 102.4789  loss_dfl: 65.8029
2024/07/28 08:38:57 - mmengine - INFO - Epoch(train)  [16][100/102]  base_lr: 2.0000e-02 lr: 1.9076e-02  eta: 2:56:28  time: 0.3516  data_time: 0.0011  memory: 14760  grad_norm: 94.1271  loss: 248.0029  loss_cls: 80.2033  loss_bbox: 101.6435  loss_dfl: 66.1560
2024/07/28 08:38:57 - mmengine - INFO - Exp name: remdet_x-300e_coco_20240728_082805
2024/07/28 08:39:15 - mmengine - INFO - Epoch(train)  [17][ 50/102]  base_lr: 2.0000e-02 lr: 1.9010e-02  eta: 2:55:57  time: 0.3565  data_time: 0.0122  memory: 14800  grad_norm: 91.7192  loss: 240.1153  loss_cls: 75.9092  loss_bbox: 98.1809  loss_dfl: 66.0252
2024/07/28 08:39:32 - mmengine - INFO - Epoch(train)  [17][100/102]  base_lr: 2.0000e-02 lr: 1.9010e-02  eta: 2:55:15  time: 0.3367  data_time: 0.0009  memory: 14740  grad_norm: 88.9604  loss: 244.8837  loss_cls: 78.5631  loss_bbox: 100.2430  loss_dfl: 66.0776
2024/07/28 08:39:32 - mmengine - INFO - Exp name: remdet_x-300e_coco_20240728_082805
2024/07/28 08:39:50 - mmengine - INFO - Epoch(train)  [18][ 50/102]  base_lr: 2.0000e-02 lr: 1.8944e-02  eta: 2:54:45  time: 0.3560  data_time: 0.0115  memory: 15087  grad_norm: 88.7869  loss: 239.2240  loss_cls: 75.1234  loss_bbox: 98.4616  loss_dfl: 65.6390
2024/07/28 08:40:07 - mmengine - INFO - Epoch(train)  [18][100/102]  base_lr: 2.0000e-02 lr: 1.8944e-02  eta: 2:54:06  time: 0.3378  data_time: 0.0010  memory: 14353  grad_norm: 86.1670  loss: 238.0244  loss_cls: 76.2456  loss_bbox: 96.1694  loss_dfl: 65.6094
2024/07/28 08:40:08 - mmengine - INFO - Exp name: remdet_x-300e_coco_20240728_082805
2024/07/28 08:40:25 - mmengine - INFO - Epoch(train)  [19][ 50/102]  base_lr: 2.0000e-02 lr: 1.8878e-02  eta: 2:53:37  time: 0.3537  data_time: 0.0138  memory: 14967  grad_norm: 85.5034  loss: 237.8500  loss_cls: 75.1811  loss_bbox: 96.8503  loss_dfl: 65.8185
2024/07/28 08:40:42 - mmengine - INFO - Epoch(train)  [19][100/102]  base_lr: 2.0000e-02 lr: 1.8878e-02  eta: 2:53:03  time: 0.3424  data_time: 0.0010  memory: 14587  grad_norm: 83.5948  loss: 232.9392  loss_cls: 73.1021  loss_bbox: 94.8874  loss_dfl: 64.9497
2024/07/28 08:40:43 - mmengine - INFO - Exp name: remdet_x-300e_coco_20240728_082805
2024/07/28 08:41:01 - mmengine - INFO - Epoch(train)  [20][ 50/102]  base_lr: 2.0000e-02 lr: 1.8812e-02  eta: 2:52:37  time: 0.3568  data_time: 0.0111  memory: 15133  grad_norm: 81.3701  loss: 236.7459  loss_cls: 74.7042  loss_bbox: 96.9814  loss_dfl: 65.0603
2024/07/28 08:41:05 - mmengine - INFO - Exp name: remdet_x-300e_coco_20240728_082805
2024/07/28 08:41:18 - mmengine - INFO - Epoch(train)  [20][100/102]  base_lr: 2.0000e-02 lr: 1.8812e-02  eta: 2:52:02  time: 0.3377  data_time: 0.0010  memory: 15667  grad_norm: 83.7127  loss: 234.8361  loss_cls: 73.8178  loss_bbox: 95.9856  loss_dfl: 65.0326
2024/07/28 08:41:18 - mmengine - INFO - Exp name: remdet_x-300e_coco_20240728_082805
2024/07/28 08:41:18 - mmengine - INFO - Saving checkpoint at 20 epochs
2024/07/28 08:41:24 - mmengine - INFO - Evaluating bbox...
2024/07/28 08:41:49 - mmengine - INFO - bbox_mAP_copypaste: 0.169 0.303 0.167 0.089 0.262 0.360
2024/07/28 08:41:50 - mmengine - INFO - Epoch(val) [20][9/9]    coco/bbox_mAP: 0.1690  coco/bbox_mAP_50: 0.3030  coco/bbox_mAP_75: 0.1670  coco/bbox_mAP_s: 0.0890  coco/bbox_mAP_m: 0.2620  coco/bbox_mAP_l: 0.3600  data_time: 0.0239  time: 0.2841
2024/07/28 08:41:50 - mmengine - INFO - The previous best checkpoint /mnt/exam_log/0723_remdet/remdet_series/visdrone/remdet_x/best_coco_bbox_mAP_epoch_10.pth is removed
2024/07/28 08:41:51 - mmengine - INFO - The best checkpoint with 0.1690 coco/bbox_mAP at 20 epoch is saved to best_coco_bbox_mAP_epoch_20.pth.
2024/07/28 08:42:12 - mmengine - INFO - Epoch(train)  [21][ 50/102]  base_lr: 2.0000e-02 lr: 1.8746e-02  eta: 2:51:32  time: 0.3506  data_time: 0.0133  memory: 14820  grad_norm: 80.2042  loss: 233.1387  loss_cls: 72.8419  loss_bbox: 95.6985  loss_dfl: 64.5983
2024/07/28 08:42:29 - mmengine - INFO - Epoch(train)  [21][100/102]  base_lr: 2.0000e-02 lr: 1.8746e-02  eta: 2:50:59  time: 0.3379  data_time: 0.0010  memory: 15133  grad_norm: 79.8202  loss: 229.0782  loss_cls: 71.1761  loss_bbox: 93.8312  loss_dfl: 64.0709
2024/07/28 08:42:29 - mmengine - INFO - Exp name: remdet_x-300e_coco_20240728_082805
2024/07/28 08:42:47 - mmengine - INFO - Epoch(train)  [22][ 50/102]  base_lr: 2.0000e-02 lr: 1.8680e-02  eta: 2:50:35  time: 0.3568  data_time: 0.0143  memory: 15007  grad_norm: 79.0793  loss: 232.9545  loss_cls: 72.5844  loss_bbox: 96.1799  loss_dfl: 64.1902
2024/07/28 08:43:04 - mmengine - INFO - Epoch(train)  [22][100/102]  base_lr: 2.0000e-02 lr: 1.8680e-02  eta: 2:50:03  time: 0.3381  data_time: 0.0010  memory: 15993  grad_norm: 79.6780  loss: 230.4749  loss_cls: 71.9604  loss_bbox: 94.4455  loss_dfl: 64.0690
2024/07/28 08:43:05 - mmengine - INFO - Exp name: remdet_x-300e_coco_20240728_082805
2024/07/28 08:43:23 - mmengine - INFO - Epoch(train)  [23][ 50/102]  base_lr: 2.0000e-02 lr: 1.8614e-02  eta: 2:49:42  time: 0.3606  data_time: 0.0098  memory: 15093  grad_norm: 76.3553  loss: 236.6980  loss_cls: 74.0018  loss_bbox: 98.2427  loss_dfl: 64.4535
2024/07/28 08:43:40 - mmengine - INFO - Epoch(train)  [23][100/102]  base_lr: 2.0000e-02 lr: 1.8614e-02  eta: 2:49:10  time: 0.3373  data_time: 0.0011  memory: 14953  grad_norm: 76.2667  loss: 230.8478  loss_cls: 72.2575  loss_bbox: 95.1514  loss_dfl: 63.4389
2024/07/28 08:43:40 - mmengine - INFO - Exp name: remdet_x-300e_coco_20240728_082805
2024/07/28 08:43:58 - mmengine - INFO - Epoch(train)  [24][ 50/102]  base_lr: 2.0000e-02 lr: 1.8548e-02  eta: 2:48:51  time: 0.3639  data_time: 0.0124  memory: 14920  grad_norm: 75.1724  loss: 231.2461  loss_cls: 71.2596  loss_bbox: 96.7423  loss_dfl: 63.2441
2024/07/28 08:44:15 - mmengine - INFO - Epoch(train)  [24][100/102]  base_lr: 2.0000e-02 lr: 1.8548e-02  eta: 2:48:22  time: 0.3403  data_time: 0.0010  memory: 14853  grad_norm: 75.8573  loss: 233.8838  loss_cls: 72.8870  loss_bbox: 97.6579  loss_dfl: 63.3390
2024/07/28 08:44:16 - mmengine - INFO - Exp name: remdet_x-300e_coco_20240728_082805
2024/07/28 08:44:34 - mmengine - INFO - Epoch(train)  [25][ 50/102]  base_lr: 2.0000e-02 lr: 1.8482e-02  eta: 2:48:01  time: 0.3576  data_time: 0.0140  memory: 15580  grad_norm: 76.2021  loss: 234.3819  loss_cls: 73.1128  loss_bbox: 97.0394  loss_dfl: 64.2296
2024/07/28 08:44:51 - mmengine - INFO - Epoch(train)  [25][100/102]  base_lr: 2.0000e-02 lr: 1.8482e-02  eta: 2:47:31  time: 0.3384  data_time: 0.0010  memory: 16280  grad_norm: 74.9437  loss: 235.5901  loss_cls: 73.6088  loss_bbox: 98.3439  loss_dfl: 63.6374
2024/07/28 08:44:51 - mmengine - INFO - Exp name: remdet_x-300e_coco_20240728_082805
2024/07/28 08:45:09 - mmengine - INFO - Epoch(train)  [26][ 50/102]  base_lr: 2.0000e-02 lr: 1.8416e-02  eta: 2:47:12  time: 0.3625  data_time: 0.0119  memory: 14680  grad_norm: 76.1455  loss: 226.6069  loss_cls: 70.2093  loss_bbox: 93.3185  loss_dfl: 63.0791
2024/07/28 08:45:26 - mmengine - INFO - Epoch(train)  [26][100/102]  base_lr: 2.0000e-02 lr: 1.8416e-02  eta: 2:46:47  time: 0.3431  data_time: 0.0018  memory: 15380  grad_norm: 72.2805  loss: 227.9021  loss_cls: 70.1493  loss_bbox: 93.8992  loss_dfl: 63.8537
2024/07/28 08:45:27 - mmengine - INFO - Exp name: remdet_x-300e_coco_20240728_082805
2024/07/28 08:45:45 - mmengine - INFO - Epoch(train)  [27][ 50/102]  base_lr: 2.0000e-02 lr: 1.8350e-02  eta: 2:46:26  time: 0.3588  data_time: 0.0118  memory: 15493  grad_norm: 75.5560  loss: 225.9007  loss_cls: 68.6033  loss_bbox: 94.1947  loss_dfl: 63.1027
2024/07/28 08:46:02 - mmengine - INFO - Epoch(train)  [27][100/102]  base_lr: 2.0000e-02 lr: 1.8350e-02  eta: 2:46:00  time: 0.3416  data_time: 0.0015  memory: 16153  grad_norm: 71.9318  loss: 225.1736  loss_cls: 69.3923  loss_bbox: 92.9456  loss_dfl: 62.8356
2024/07/28 08:46:02 - mmengine - INFO - Exp name: remdet_x-300e_coco_20240728_082805
2024/07/28 08:46:20 - mmengine - INFO - Epoch(train)  [28][ 50/102]  base_lr: 2.0000e-02 lr: 1.8284e-02  eta: 2:45:41  time: 0.3610  data_time: 0.0101  memory: 14527  grad_norm: 74.8344  loss: 225.4883  loss_cls: 70.3586  loss_bbox: 92.1073  loss_dfl: 63.0224
2024/07/28 08:46:38 - mmengine - INFO - Epoch(train)  [28][100/102]  base_lr: 2.0000e-02 lr: 1.8284e-02  eta: 2:45:15  time: 0.3424  data_time: 0.0014  memory: 17393  grad_norm: 73.1549  loss: 223.9044  loss_cls: 68.5723  loss_bbox: 93.7508  loss_dfl: 61.5813
2024/07/28 08:46:38 - mmengine - INFO - Exp name: remdet_x-300e_coco_20240728_082805
2024/07/28 08:46:56 - mmengine - INFO - Epoch(train)  [29][ 50/102]  base_lr: 2.0000e-02 lr: 1.8218e-02  eta: 2:44:58  time: 0.3640  data_time: 0.0126  memory: 15380  grad_norm: 72.9510  loss: 227.3683  loss_cls: 70.0606  loss_bbox: 94.2493  loss_dfl: 63.0584
2024/07/28 08:47:13 - mmengine - INFO - Epoch(train)  [29][100/102]  base_lr: 2.0000e-02 lr: 1.8218e-02  eta: 2:44:32  time: 0.3413  data_time: 0.0013  memory: 14767  grad_norm: 68.6648  loss: 223.1621  loss_cls: 68.6639  loss_bbox: 91.7523  loss_dfl: 62.7459
2024/07/28 08:47:14 - mmengine - INFO - Exp name: remdet_x-300e_coco_20240728_082805
2024/07/28 08:47:30 - mmengine - INFO - Exp name: remdet_x-300e_coco_20240728_082805
2024/07/28 08:47:33 - mmengine - INFO - Epoch(train)  [30][ 50/102]  base_lr: 2.0000e-02 lr: 1.8152e-02  eta: 2:44:23  time: 0.3825  data_time: 0.0127  memory: 15207  grad_norm: 69.3851  loss: 221.2564  loss_cls: 66.5588  loss_bbox: 91.2012  loss_dfl: 63.4964
2024/07/28 08:47:50 - mmengine - INFO - Epoch(train)  [30][100/102]  base_lr: 2.0000e-02 lr: 1.8152e-02  eta: 2:43:59  time: 0.3435  data_time: 0.0011  memory: 14293  grad_norm: 70.5357  loss: 220.1923  loss_cls: 67.3015  loss_bbox: 90.9496  loss_dfl: 61.9412
2024/07/28 08:47:51 - mmengine - INFO - Exp name: remdet_x-300e_coco_20240728_082805
2024/07/28 08:47:51 - mmengine - INFO - Saving checkpoint at 30 epochs
2024/07/28 08:47:57 - mmengine - INFO - Evaluating bbox...
2024/07/28 08:48:23 - mmengine - INFO - bbox_mAP_copypaste: 0.205 0.350 0.205 0.112 0.318 0.401
2024/07/28 08:48:23 - mmengine - INFO - Epoch(val) [30][9/9]    coco/bbox_mAP: 0.2050  coco/bbox_mAP_50: 0.3500  coco/bbox_mAP_75: 0.2050  coco/bbox_mAP_s: 0.1120  coco/bbox_mAP_m: 0.3180  coco/bbox_mAP_l: 0.4010  data_time: 0.0187  time: 0.1203
2024/07/28 08:48:23 - mmengine - INFO - The previous best checkpoint /mnt/exam_log/0723_remdet/remdet_series/visdrone/remdet_x/best_coco_bbox_mAP_epoch_20.pth is removed
2024/07/28 08:48:25 - mmengine - INFO - The best checkpoint with 0.2050 coco/bbox_mAP at 30 epoch is saved to best_coco_bbox_mAP_epoch_30.pth.
2024/07/28 08:48:46 - mmengine - INFO - Epoch(train)  [31][ 50/102]  base_lr: 2.0000e-02 lr: 1.8086e-02  eta: 2:43:44  time: 0.3700  data_time: 0.0125  memory: 14593  grad_norm: 69.8328  loss: 223.1174  loss_cls: 68.1346  loss_bbox: 92.9426  loss_dfl: 62.0403
2024/07/28 08:49:03 - mmengine - INFO - Epoch(train)  [31][100/102]  base_lr: 2.0000e-02 lr: 1.8086e-02  eta: 2:43:18  time: 0.3394  data_time: 0.0010  memory: 15547  grad_norm: 70.2678  loss: 220.7215  loss_cls: 66.8372  loss_bbox: 91.5915  loss_dfl: 62.2928
2024/07/28 08:49:04 - mmengine - INFO - Exp name: remdet_x-300e_coco_20240728_082805
2024/07/28 08:49:22 - mmengine - INFO - Epoch(train)  [32][ 50/102]  base_lr: 2.0000e-02 lr: 1.8020e-02  eta: 2:42:58  time: 0.3567  data_time: 0.0095  memory: 17893  grad_norm: 70.4810  loss: 215.9014  loss_cls: 66.0724  loss_bbox: 88.3112  loss_dfl: 61.5178
2024/07/28 08:49:39 - mmengine - INFO - Epoch(train)  [32][100/102]  base_lr: 2.0000e-02 lr: 1.8020e-02  eta: 2:42:34  time: 0.3421  data_time: 0.0010  memory: 14727  grad_norm: 69.6341  loss: 223.9609  loss_cls: 68.9697  loss_bbox: 93.0863  loss_dfl: 61.9050
2024/07/28 08:49:39 - mmengine - INFO - Exp name: remdet_x-300e_coco_20240728_082805
2024/07/28 08:49:57 - mmengine - INFO - Epoch(train)  [33][ 50/102]  base_lr: 2.0000e-02 lr: 1.7954e-02  eta: 2:42:16  time: 0.3629  data_time: 0.0142  memory: 15900  grad_norm: 68.8249  loss: 217.1358  loss_cls: 65.6098  loss_bbox: 89.8154  loss_dfl: 61.7105
2024/07/28 08:50:14 - mmengine - INFO - Epoch(train)  [33][100/102]  base_lr: 2.0000e-02 lr: 1.7954e-02  eta: 2:41:50  time: 0.3361  data_time: 0.0010  memory: 14713  grad_norm: 69.6689  loss: 219.2889  loss_cls: 66.5067  loss_bbox: 90.9933  loss_dfl: 61.7889
2024/07/28 08:50:15 - mmengine - INFO - Exp name: remdet_x-300e_coco_20240728_082805
2024/07/28 08:50:33 - mmengine - INFO - Epoch(train)  [34][ 50/102]  base_lr: 2.0000e-02 lr: 1.7888e-02  eta: 2:41:32  time: 0.3630  data_time: 0.0130  memory: 14693  grad_norm: 68.0448  loss: 218.1395  loss_cls: 65.9535  loss_bbox: 90.5646  loss_dfl: 61.6214
2024/07/28 08:50:50 - mmengine - INFO - Epoch(train)  [34][100/102]  base_lr: 2.0000e-02 lr: 1.7888e-02  eta: 2:41:08  time: 0.3411  data_time: 0.0010  memory: 14547  grad_norm: 71.0671  loss: 218.4010  loss_cls: 67.2770  loss_bbox: 89.7966  loss_dfl: 61.3273
2024/07/28 08:50:50 - mmengine - INFO - Exp name: remdet_x-300e_coco_20240728_082805
2024/07/28 08:51:08 - mmengine - INFO - Epoch(train)  [35][ 50/102]  base_lr: 2.0000e-02 lr: 1.7822e-02  eta: 2:40:50  time: 0.3630  data_time: 0.0152  memory: 16200  grad_norm: 69.5766  loss: 221.0052  loss_cls: 67.5709  loss_bbox: 92.2594  loss_dfl: 61.1750
2024/07/28 08:51:25 - mmengine - INFO - Epoch(train)  [35][100/102]  base_lr: 2.0000e-02 lr: 1.7822e-02  eta: 2:40:25  time: 0.3375  data_time: 0.0010  memory: 14767  grad_norm: 69.2048  loss: 216.0930  loss_cls: 65.5203  loss_bbox: 88.8889  loss_dfl: 61.6838
2024/07/28 08:51:26 - mmengine - INFO - Exp name: remdet_x-300e_coco_20240728_082805
2024/07/28 08:51:44 - mmengine - INFO - Epoch(train)  [36][ 50/102]  base_lr: 2.0000e-02 lr: 1.7756e-02  eta: 2:40:05  time: 0.3570  data_time: 0.0128  memory: 17053  grad_norm: 68.4435  loss: 217.1968  loss_cls: 65.8871  loss_bbox: 89.5884  loss_dfl: 61.7214
2024/07/28 08:52:01 - mmengine - INFO - Epoch(train)  [36][100/102]  base_lr: 2.0000e-02 lr: 1.7756e-02  eta: 2:39:41  time: 0.3377  data_time: 0.0010  memory: 15007  grad_norm: 69.3637  loss: 217.2064  loss_cls: 66.1707  loss_bbox: 89.1739  loss_dfl: 61.8618
2024/07/28 08:52:01 - mmengine - INFO - Exp name: remdet_x-300e_coco_20240728_082805
2024/07/28 08:52:19 - mmengine - INFO - Epoch(train)  [37][ 50/102]  base_lr: 2.0000e-02 lr: 1.7690e-02  eta: 2:39:21  time: 0.3556  data_time: 0.0114  memory: 14600  grad_norm: 67.7172  loss: 216.6168  loss_cls: 65.9603  loss_bbox: 89.8493  loss_dfl: 60.8072
2024/07/28 08:52:36 - mmengine - INFO - Epoch(train)  [37][100/102]  base_lr: 2.0000e-02 lr: 1.7690e-02  eta: 2:38:57  time: 0.3379  data_time: 0.0009  memory: 15153  grad_norm: 67.6669  loss: 219.7929  loss_cls: 66.9894  loss_bbox: 90.6407  loss_dfl: 62.1628
2024/07/28 08:52:36 - mmengine - INFO - Exp name: remdet_x-300e_coco_20240728_082805
2024/07/28 08:52:54 - mmengine - INFO - Epoch(train)  [38][ 50/102]  base_lr: 2.0000e-02 lr: 1.7624e-02  eta: 2:38:37  time: 0.3569  data_time: 0.0101  memory: 14447  grad_norm: 67.4918  loss: 216.3307  loss_cls: 65.3350  loss_bbox: 89.1262  loss_dfl: 61.8695
2024/07/28 08:53:11 - mmengine - INFO - Epoch(train)  [38][100/102]  base_lr: 2.0000e-02 lr: 1.7624e-02  eta: 2:38:13  time: 0.3366  data_time: 0.0009  memory: 16160  grad_norm: 67.9669  loss: 217.2322  loss_cls: 65.7261  loss_bbox: 89.9482  loss_dfl: 61.5578
2024/07/28 08:53:11 - mmengine - INFO - Exp name: remdet_x-300e_coco_20240728_082805
2024/07/28 08:53:29 - mmengine - INFO - Epoch(train)  [39][ 50/102]  base_lr: 2.0000e-02 lr: 1.7558e-02  eta: 2:37:55  time: 0.3612  data_time: 0.0172  memory: 14813  grad_norm: 67.7125  loss: 217.2723  loss_cls: 65.5742  loss_bbox: 90.0868  loss_dfl: 61.6114
2024/07/28 08:53:46 - mmengine - INFO - Epoch(train)  [39][100/102]  base_lr: 2.0000e-02 lr: 1.7558e-02  eta: 2:37:31  time: 0.3378  data_time: 0.0010  memory: 15467  grad_norm: 67.8271  loss: 218.7836  loss_cls: 66.7825  loss_bbox: 90.1836  loss_dfl: 61.8175
2024/07/28 08:53:47 - mmengine - INFO - Exp name: remdet_x-300e_coco_20240728_082805
2024/07/28 08:53:55 - mmengine - INFO - Exp name: remdet_x-300e_coco_20240728_082805
2024/07/28 08:54:05 - mmengine - INFO - Epoch(train)  [40][ 50/102]  base_lr: 2.0000e-02 lr: 1.7492e-02  eta: 2:37:14  time: 0.3623  data_time: 0.0098  memory: 15860  grad_norm: 66.1963  loss: 215.7003  loss_cls: 64.8745  loss_bbox: 88.9113  loss_dfl: 61.9145
2024/07/28 08:54:22 - mmengine - INFO - Epoch(train)  [40][100/102]  base_lr: 2.0000e-02 lr: 1.7492e-02  eta: 2:36:50  time: 0.3385  data_time: 0.0009  memory: 15200  grad_norm: 68.3133  loss: 219.0150  loss_cls: 66.4817  loss_bbox: 90.5617  loss_dfl: 61.9716
2024/07/28 08:54:22 - mmengine - INFO - Exp name: remdet_x-300e_coco_20240728_082805
2024/07/28 08:54:22 - mmengine - INFO - Saving checkpoint at 40 epochs
2024/07/28 08:54:28 - mmengine - INFO - Evaluating bbox...
2024/07/28 08:54:53 - mmengine - INFO - bbox_mAP_copypaste: 0.224 0.381 0.225 0.125 0.346 0.426
2024/07/28 08:54:53 - mmengine - INFO - Epoch(val) [40][9/9]    coco/bbox_mAP: 0.2240  coco/bbox_mAP_50: 0.3810  coco/bbox_mAP_75: 0.2250  coco/bbox_mAP_s: 0.1250  coco/bbox_mAP_m: 0.3460  coco/bbox_mAP_l: 0.4260  data_time: 0.0237  time: 0.1246
2024/07/28 08:54:53 - mmengine - INFO - The previous best checkpoint /mnt/exam_log/0723_remdet/remdet_series/visdrone/remdet_x/best_coco_bbox_mAP_epoch_30.pth is removed
2024/07/28 08:54:55 - mmengine - INFO - The best checkpoint with 0.2240 coco/bbox_mAP at 40 epoch is saved to best_coco_bbox_mAP_epoch_40.pth.
2024/07/28 08:55:16 - mmengine - INFO - Epoch(train)  [41][ 50/102]  base_lr: 2.0000e-02 lr: 1.7426e-02  eta: 2:36:30  time: 0.3536  data_time: 0.0144  memory: 14567  grad_norm: 68.1439  loss: 215.6163  loss_cls: 65.2035  loss_bbox: 89.2499  loss_dfl: 61.1629
2024/07/28 08:55:33 - mmengine - INFO - Epoch(train)  [41][100/102]  base_lr: 2.0000e-02 lr: 1.7426e-02  eta: 2:36:08  time: 0.3400  data_time: 0.0010  memory: 14320  grad_norm: 66.0576  loss: 211.1065  loss_cls: 62.9443  loss_bbox: 86.7153  loss_dfl: 61.4470
2024/07/28 08:55:33 - mmengine - INFO - Exp name: remdet_x-300e_coco_20240728_082805
2024/07/28 08:55:51 - mmengine - INFO - Epoch(train)  [42][ 50/102]  base_lr: 2.0000e-02 lr: 1.7360e-02  eta: 2:35:50  time: 0.3603  data_time: 0.0137  memory: 14900  grad_norm: 67.6804  loss: 215.0446  loss_cls: 65.0107  loss_bbox: 88.4987  loss_dfl: 61.5353
2024/07/28 08:56:08 - mmengine - INFO - Epoch(train)  [42][100/102]  base_lr: 2.0000e-02 lr: 1.7360e-02  eta: 2:35:27  time: 0.3377  data_time: 0.0011  memory: 14633  grad_norm: 65.9090  loss: 211.3375  loss_cls: 63.1088  loss_bbox: 87.3364  loss_dfl: 60.8923
2024/07/28 08:56:09 - mmengine - INFO - Exp name: remdet_x-300e_coco_20240728_082805
2024/07/28 08:56:27 - mmengine - INFO - Epoch(train)  [43][ 50/102]  base_lr: 2.0000e-02 lr: 1.7294e-02  eta: 2:35:08  time: 0.3567  data_time: 0.0138  memory: 14653  grad_norm: 66.6397  loss: 213.8008  loss_cls: 64.6089  loss_bbox: 88.2641  loss_dfl: 60.9277
2024/07/28 08:56:44 - mmengine - INFO - Epoch(train)  [43][100/102]  base_lr: 2.0000e-02 lr: 1.7294e-02  eta: 2:34:45  time: 0.3390  data_time: 0.0010  memory: 14707  grad_norm: 66.6622  loss: 216.7035  loss_cls: 64.8887  loss_bbox: 90.7540  loss_dfl: 61.0608
2024/07/28 08:56:44 - mmengine - INFO - Exp name: remdet_x-300e_coco_20240728_082805
2024/07/28 08:57:02 - mmengine - INFO - Epoch(train)  [44][ 50/102]  base_lr: 2.0000e-02 lr: 1.7228e-02  eta: 2:34:27  time: 0.3595  data_time: 0.0093  memory: 15253  grad_norm: 68.1256  loss: 212.1485  loss_cls: 63.7176  loss_bbox: 87.5690  loss_dfl: 60.8620
2024/07/28 08:57:20 - mmengine - INFO - Epoch(train)  [44][100/102]  base_lr: 2.0000e-02 lr: 1.7228e-02  eta: 2:34:09  time: 0.3515  data_time: 0.0010  memory: 14807  grad_norm: 70.2390  loss: 212.8997  loss_cls: 63.2311  loss_bbox: 88.8869  loss_dfl: 60.7818
2024/07/28 08:57:20 - mmengine - INFO - Exp name: remdet_x-300e_coco_20240728_082805
2024/07/28 08:57:39 - mmengine - INFO - Epoch(train)  [45][ 50/102]  base_lr: 2.0000e-02 lr: 1.7162e-02  eta: 2:33:54  time: 0.3703  data_time: 0.0104  memory: 14507  grad_norm: 66.3558  loss: 211.5115  loss_cls: 63.5588  loss_bbox: 86.6624  loss_dfl: 61.2903
2024/07/28 08:57:56 - mmengine - INFO - Epoch(train)  [45][100/102]  base_lr: 2.0000e-02 lr: 1.7162e-02  eta: 2:33:32  time: 0.3420  data_time: 0.0010  memory: 15067  grad_norm: 65.8981  loss: 209.0667  loss_cls: 62.0706  loss_bbox: 86.5365  loss_dfl: 60.4596
2024/07/28 08:57:56 - mmengine - INFO - Exp name: remdet_x-300e_coco_20240728_082805
2024/07/28 08:58:14 - mmengine - INFO - Epoch(train)  [46][ 50/102]  base_lr: 2.0000e-02 lr: 1.7096e-02  eta: 2:33:14  time: 0.3576  data_time: 0.0122  memory: 15020  grad_norm: 66.2886  loss: 208.8559  loss_cls: 61.5621  loss_bbox: 86.6897  loss_dfl: 60.6041
2024/07/28 08:58:31 - mmengine - INFO - Epoch(train)  [46][100/102]  base_lr: 2.0000e-02 lr: 1.7096e-02  eta: 2:32:51  time: 0.3360  data_time: 0.0010  memory: 15047  grad_norm: 65.1917  loss: 208.3422  loss_cls: 61.9229  loss_bbox: 85.9741  loss_dfl: 60.4451
2024/07/28 08:58:31 - mmengine - INFO - Exp name: remdet_x-300e_coco_20240728_082805
2024/07/28 08:58:49 - mmengine - INFO - Epoch(train)  [47][ 50/102]  base_lr: 2.0000e-02 lr: 1.7030e-02  eta: 2:32:32  time: 0.3576  data_time: 0.0128  memory: 15253  grad_norm: 66.5854  loss: 210.0711  loss_cls: 62.1566  loss_bbox: 86.8251  loss_dfl: 61.0893
2024/07/28 08:59:06 - mmengine - INFO - Epoch(train)  [47][100/102]  base_lr: 2.0000e-02 lr: 1.7030e-02  eta: 2:32:10  time: 0.3367  data_time: 0.0010  memory: 14940  grad_norm: 63.7438  loss: 210.2339  loss_cls: 63.9748  loss_bbox: 85.7280  loss_dfl: 60.5311
2024/07/28 08:59:07 - mmengine - INFO - Exp name: remdet_x-300e_coco_20240728_082805
2024/07/28 08:59:25 - mmengine - INFO - Epoch(train)  [48][ 50/102]  base_lr: 2.0000e-02 lr: 1.6964e-02  eta: 2:31:53  time: 0.3635  data_time: 0.0117  memory: 15020  grad_norm: 65.6332  loss: 211.5050  loss_cls: 62.2831  loss_bbox: 88.0905  loss_dfl: 61.1314
2024/07/28 08:59:42 - mmengine - INFO - Epoch(train)  [48][100/102]  base_lr: 2.0000e-02 lr: 1.6964e-02  eta: 2:31:31  time: 0.3385  data_time: 0.0010  memory: 15253  grad_norm: 68.4362  loss: 210.1368  loss_cls: 62.5046  loss_bbox: 87.1381  loss_dfl: 60.4941
2024/07/28 08:59:42 - mmengine - INFO - Exp name: remdet_x-300e_coco_20240728_082805
2024/07/28 09:00:00 - mmengine - INFO - Epoch(train)  [49][ 50/102]  base_lr: 2.0000e-02 lr: 1.6898e-02  eta: 2:31:12  time: 0.3551  data_time: 0.0105  memory: 14600  grad_norm: 66.6375  loss: 206.8506  loss_cls: 60.4335  loss_bbox: 84.8541  loss_dfl: 61.5629
2024/07/28 09:00:17 - mmengine - INFO - Epoch(train)  [49][100/102]  base_lr: 2.0000e-02 lr: 1.6898e-02  eta: 2:30:50  time: 0.3370  data_time: 0.0010  memory: 15820  grad_norm: 65.1415  loss: 208.6522  loss_cls: 61.3398  loss_bbox: 86.8656  loss_dfl: 60.4468
2024/07/28 09:00:17 - mmengine - INFO - Exp name: remdet_x-300e_coco_20240728_082805
2024/07/28 09:00:19 - mmengine - INFO - Exp name: remdet_x-300e_coco_20240728_082805
2024/07/28 09:00:35 - mmengine - INFO - Epoch(train)  [50][ 50/102]  base_lr: 2.0000e-02 lr: 1.6832e-02  eta: 2:30:32  time: 0.3587  data_time: 0.0108  memory: 14620  grad_norm: 66.4056  loss: 209.8829  loss_cls: 61.9107  loss_bbox: 87.5703  loss_dfl: 60.4018
2024/07/28 09:00:52 - mmengine - INFO - Epoch(train)  [50][100/102]  base_lr: 2.0000e-02 lr: 1.6832e-02  eta: 2:30:10  time: 0.3365  data_time: 0.0010  memory: 14793  grad_norm: 66.3553  loss: 202.6357  loss_cls: 59.4083  loss_bbox: 82.9234  loss_dfl: 60.3040
2024/07/28 09:00:53 - mmengine - INFO - Exp name: remdet_x-300e_coco_20240728_082805
2024/07/28 09:00:53 - mmengine - INFO - Saving checkpoint at 50 epochs
2024/07/28 09:00:58 - mmengine - INFO - Evaluating bbox...
2024/07/28 09:01:24 - mmengine - INFO - bbox_mAP_copypaste: 0.234 0.393 0.237 0.134 0.362 0.450
2024/07/28 09:01:24 - mmengine - INFO - Epoch(val) [50][9/9]    coco/bbox_mAP: 0.2340  coco/bbox_mAP_50: 0.3930  coco/bbox_mAP_75: 0.2370  coco/bbox_mAP_s: 0.1340  coco/bbox_mAP_m: 0.3620  coco/bbox_mAP_l: 0.4500  data_time: 0.0204  time: 0.1215
2024/07/28 09:01:24 - mmengine - INFO - The previous best checkpoint /mnt/exam_log/0723_remdet/remdet_series/visdrone/remdet_x/best_coco_bbox_mAP_epoch_40.pth is removed
2024/07/28 09:01:26 - mmengine - INFO - The best checkpoint with 0.2340 coco/bbox_mAP at 50 epoch is saved to best_coco_bbox_mAP_epoch_50.pth.
2024/07/28 09:01:46 - mmengine - INFO - Epoch(train)  [51][ 50/102]  base_lr: 2.0000e-02 lr: 1.6766e-02  eta: 2:29:50  time: 0.3534  data_time: 0.0120  memory: 15180  grad_norm: 66.5048  loss: 206.5579  loss_cls: 60.9441  loss_bbox: 85.4777  loss_dfl: 60.1361
2024/07/28 09:02:03 - mmengine - INFO - Epoch(train)  [51][100/102]  base_lr: 2.0000e-02 lr: 1.6766e-02  eta: 2:29:29  time: 0.3381  data_time: 0.0010  memory: 14727  grad_norm: 66.9207  loss: 214.7554  loss_cls: 64.0618  loss_bbox: 89.5376  loss_dfl: 61.1560
2024/07/28 09:02:03 - mmengine - INFO - Exp name: remdet_x-300e_coco_20240728_082805
2024/07/28 09:02:21 - mmengine - INFO - Epoch(train)  [52][ 50/102]  base_lr: 2.0000e-02 lr: 1.6700e-02  eta: 2:29:11  time: 0.3576  data_time: 0.0125  memory: 14947  grad_norm: 66.7297  loss: 210.9326  loss_cls: 62.8792  loss_bbox: 87.7137  loss_dfl: 60.3397
2024/07/28 09:02:38 - mmengine - INFO - Epoch(train)  [52][100/102]  base_lr: 2.0000e-02 lr: 1.6700e-02  eta: 2:28:49  time: 0.3379  data_time: 0.0010  memory: 14880  grad_norm: 65.5296  loss: 207.2038  loss_cls: 61.0373  loss_bbox: 85.5419  loss_dfl: 60.6246
2024/07/28 09:02:38 - mmengine - INFO - Exp name: remdet_x-300e_coco_20240728_082805
2024/07/28 09:02:56 - mmengine - INFO - Epoch(train)  [53][ 50/102]  base_lr: 2.0000e-02 lr: 1.6634e-02  eta: 2:28:31  time: 0.3566  data_time: 0.0122  memory: 14880  grad_norm: 66.4059  loss: 206.2251  loss_cls: 60.0551  loss_bbox: 85.6314  loss_dfl: 60.5387
2024/07/28 09:03:13 - mmengine - INFO - Epoch(train)  [53][100/102]  base_lr: 2.0000e-02 lr: 1.6634e-02  eta: 2:28:10  time: 0.3377  data_time: 0.0010  memory: 14860  grad_norm: 67.3172  loss: 208.9254  loss_cls: 61.5498  loss_bbox: 86.7009  loss_dfl: 60.6747
2024/07/28 09:03:14 - mmengine - INFO - Exp name: remdet_x-300e_coco_20240728_082805
2024/07/28 09:03:31 - mmengine - INFO - Epoch(train)  [54][ 50/102]  base_lr: 2.0000e-02 lr: 1.6568e-02  eta: 2:27:51  time: 0.3558  data_time: 0.0130  memory: 15793  grad_norm: 66.6548  loss: 213.0475  loss_cls: 63.2968  loss_bbox: 88.4270  loss_dfl: 61.3237
2024/07/28 09:03:48 - mmengine - INFO - Epoch(train)  [54][100/102]  base_lr: 2.0000e-02 lr: 1.6568e-02  eta: 2:27:30  time: 0.3363  data_time: 0.0010  memory: 15213  grad_norm: 66.0094  loss: 207.5933  loss_cls: 60.4797  loss_bbox: 86.1245  loss_dfl: 60.9890
2024/07/28 09:03:49 - mmengine - INFO - Exp name: remdet_x-300e_coco_20240728_082805
2024/07/28 09:04:06 - mmengine - INFO - Epoch(train)  [55][ 50/102]  base_lr: 2.0000e-02 lr: 1.6502e-02  eta: 2:27:10  time: 0.3541  data_time: 0.0099  memory: 14787  grad_norm: 66.2558  loss: 211.3598  loss_cls: 62.7087  loss_bbox: 88.0981  loss_dfl: 60.5530
2024/07/28 09:04:23 - mmengine - INFO - Epoch(train)  [55][100/102]  base_lr: 2.0000e-02 lr: 1.6502e-02  eta: 2:26:49  time: 0.3373  data_time: 0.0010  memory: 14540  grad_norm: 65.3591  loss: 204.9045  loss_cls: 59.9519  loss_bbox: 84.8386  loss_dfl: 60.1140
2024/07/28 09:04:24 - mmengine - INFO - Exp name: remdet_x-300e_coco_20240728_082805
2024/07/28 09:04:42 - mmengine - INFO - Epoch(train)  [56][ 50/102]  base_lr: 2.0000e-02 lr: 1.6436e-02  eta: 2:26:32  time: 0.3610  data_time: 0.0095  memory: 14700  grad_norm: 64.6416  loss: 209.8166  loss_cls: 62.2372  loss_bbox: 86.6991  loss_dfl: 60.8803
2024/07/28 09:04:59 - mmengine - INFO - Epoch(train)  [56][100/102]  base_lr: 2.0000e-02 lr: 1.6436e-02  eta: 2:26:11  time: 0.3355  data_time: 0.0010  memory: 14447  grad_norm: 66.5011  loss: 205.8282  loss_cls: 59.8519  loss_bbox: 85.5086  loss_dfl: 60.4677
2024/07/28 09:04:59 - mmengine - INFO - Exp name: remdet_x-300e_coco_20240728_082805
2024/07/28 09:05:17 - mmengine - INFO - Epoch(train)  [57][ 50/102]  base_lr: 2.0000e-02 lr: 1.6370e-02  eta: 2:25:52  time: 0.3547  data_time: 0.0133  memory: 15540  grad_norm: 65.3203  loss: 207.0888  loss_cls: 60.8177  loss_bbox: 85.7120  loss_dfl: 60.5591
2024/07/28 09:05:34 - mmengine - INFO - Epoch(train)  [57][100/102]  base_lr: 2.0000e-02 lr: 1.6370e-02  eta: 2:25:32  time: 0.3436  data_time: 0.0010  memory: 14993  grad_norm: 67.0966  loss: 210.5652  loss_cls: 62.1067  loss_bbox: 87.6186  loss_dfl: 60.8399
2024/07/28 09:05:34 - mmengine - INFO - Exp name: remdet_x-300e_coco_20240728_082805
2024/07/28 09:05:52 - mmengine - INFO - Epoch(train)  [58][ 50/102]  base_lr: 2.0000e-02 lr: 1.6304e-02  eta: 2:25:14  time: 0.3546  data_time: 0.0109  memory: 14740  grad_norm: 64.4726  loss: 206.1240  loss_cls: 60.6477  loss_bbox: 84.2097  loss_dfl: 61.2665
2024/07/28 09:06:10 - mmengine - INFO - Epoch(train)  [58][100/102]  base_lr: 2.0000e-02 lr: 1.6304e-02  eta: 2:24:55  time: 0.3470  data_time: 0.0010  memory: 14593  grad_norm: 67.0548  loss: 203.3942  loss_cls: 58.7439  loss_bbox: 84.0580  loss_dfl: 60.5924
2024/07/28 09:06:10 - mmengine - INFO - Exp name: remdet_x-300e_coco_20240728_082805
2024/07/28 09:06:29 - mmengine - INFO - Epoch(train)  [59][ 50/102]  base_lr: 2.0000e-02 lr: 1.6238e-02  eta: 2:24:40  time: 0.3731  data_time: 0.0136  memory: 14447  grad_norm: 64.2002  loss: 205.2036  loss_cls: 59.6922  loss_bbox: 85.0524  loss_dfl: 60.4590
2024/07/28 09:06:40 - mmengine - INFO - Exp name: remdet_x-300e_coco_20240728_082805
2024/07/28 09:06:46 - mmengine - INFO - Epoch(train)  [59][100/102]  base_lr: 2.0000e-02 lr: 1.6238e-02  eta: 2:24:20  time: 0.3412  data_time: 0.0010  memory: 16347  grad_norm: 65.7580  loss: 208.2777  loss_cls: 61.0666  loss_bbox: 86.5115  loss_dfl: 60.6996
2024/07/28 09:06:46 - mmengine - INFO - Exp name: remdet_x-300e_coco_20240728_082805
2024/07/28 09:07:04 - mmengine - INFO - Epoch(train)  [60][ 50/102]  base_lr: 2.0000e-02 lr: 1.6172e-02  eta: 2:24:03  time: 0.3630  data_time: 0.0196  memory: 15260  grad_norm: 66.3459  loss: 206.7834  loss_cls: 60.4053  loss_bbox: 85.8507  loss_dfl: 60.5275
2024/07/28 09:07:21 - mmengine - INFO - Epoch(train)  [60][100/102]  base_lr: 2.0000e-02 lr: 1.6172e-02  eta: 2:23:42  time: 0.3370  data_time: 0.0010  memory: 15027  grad_norm: 65.9254  loss: 208.7593  loss_cls: 61.0612  loss_bbox: 87.3766  loss_dfl: 60.3215
2024/07/28 09:07:22 - mmengine - INFO - Exp name: remdet_x-300e_coco_20240728_082805
2024/07/28 09:07:22 - mmengine - INFO - Saving checkpoint at 60 epochs
2024/07/28 09:07:28 - mmengine - INFO - Evaluating bbox...
2024/07/28 09:07:53 - mmengine - INFO - bbox_mAP_copypaste: 0.247 0.414 0.252 0.144 0.378 0.466
2024/07/28 09:07:53 - mmengine - INFO - Epoch(val) [60][9/9]    coco/bbox_mAP: 0.2470  coco/bbox_mAP_50: 0.4140  coco/bbox_mAP_75: 0.2520  coco/bbox_mAP_s: 0.1440  coco/bbox_mAP_m: 0.3780  coco/bbox_mAP_l: 0.4660  data_time: 0.0247  time: 0.1262
2024/07/28 09:07:53 - mmengine - INFO - The previous best checkpoint /mnt/exam_log/0723_remdet/remdet_series/visdrone/remdet_x/best_coco_bbox_mAP_epoch_50.pth is removed
2024/07/28 09:07:55 - mmengine - INFO - The best checkpoint with 0.2470 coco/bbox_mAP at 60 epoch is saved to best_coco_bbox_mAP_epoch_60.pth.
2024/07/28 09:08:16 - mmengine - INFO - Epoch(train)  [61][ 50/102]  base_lr: 2.0000e-02 lr: 1.6106e-02  eta: 2:23:23  time: 0.3540  data_time: 0.0124  memory: 15113  grad_norm: 65.5550  loss: 207.1324  loss_cls: 60.1600  loss_bbox: 86.6164  loss_dfl: 60.3560
2024/07/28 09:08:33 - mmengine - INFO - Epoch(train)  [61][100/102]  base_lr: 2.0000e-02 lr: 1.6106e-02  eta: 2:23:03  time: 0.3391  data_time: 0.0010  memory: 15453  grad_norm: 64.9630  loss: 204.3273  loss_cls: 59.2287  loss_bbox: 84.6059  loss_dfl: 60.4926
2024/07/28 09:08:33 - mmengine - INFO - Exp name: remdet_x-300e_coco_20240728_082805
2024/07/28 09:08:51 - mmengine - INFO - Epoch(train)  [62][ 50/102]  base_lr: 2.0000e-02 lr: 1.6040e-02  eta: 2:22:45  time: 0.3552  data_time: 0.0109  memory: 17480  grad_norm: 65.3915  loss: 206.0799  loss_cls: 60.3509  loss_bbox: 85.8330  loss_dfl: 59.8959
2024/07/28 09:09:08 - mmengine - INFO - Epoch(train)  [62][100/102]  base_lr: 2.0000e-02 lr: 1.6040e-02  eta: 2:22:24  time: 0.3367  data_time: 0.0010  memory: 16553  grad_norm: 65.0419  loss: 203.7090  loss_cls: 59.3184  loss_bbox: 83.6963  loss_dfl: 60.6942
2024/07/28 09:09:08 - mmengine - INFO - Exp name: remdet_x-300e_coco_20240728_082805
2024/07/28 09:09:26 - mmengine - INFO - Epoch(train)  [63][ 50/102]  base_lr: 2.0000e-02 lr: 1.5974e-02  eta: 2:22:07  time: 0.3647  data_time: 0.0107  memory: 14740  grad_norm: 66.0583  loss: 203.8658  loss_cls: 59.5929  loss_bbox: 84.3020  loss_dfl: 59.9708
2024/07/28 09:09:43 - mmengine - INFO - Epoch(train)  [63][100/102]  base_lr: 2.0000e-02 lr: 1.5974e-02  eta: 2:21:47  time: 0.3357  data_time: 0.0010  memory: 15313  grad_norm: 66.3820  loss: 202.8811  loss_cls: 59.6168  loss_bbox: 82.9264  loss_dfl: 60.3379
2024/07/28 09:09:44 - mmengine - INFO - Exp name: remdet_x-300e_coco_20240728_082805
2024/07/28 09:10:02 - mmengine - INFO - Epoch(train)  [64][ 50/102]  base_lr: 2.0000e-02 lr: 1.5908e-02  eta: 2:21:29  time: 0.3583  data_time: 0.0106  memory: 17340  grad_norm: 66.7310  loss: 203.0686  loss_cls: 59.0003  loss_bbox: 83.8127  loss_dfl: 60.2556
2024/07/28 09:10:19 - mmengine - INFO - Epoch(train)  [64][100/102]  base_lr: 2.0000e-02 lr: 1.5908e-02  eta: 2:21:09  time: 0.3388  data_time: 0.0010  memory: 15180  grad_norm: 65.2400  loss: 202.1036  loss_cls: 58.3315  loss_bbox: 83.1288  loss_dfl: 60.6433
2024/07/28 09:10:19 - mmengine - INFO - Exp name: remdet_x-300e_coco_20240728_082805
2024/07/28 09:10:37 - mmengine - INFO - Epoch(train)  [65][ 50/102]  base_lr: 2.0000e-02 lr: 1.5842e-02  eta: 2:20:51  time: 0.3577  data_time: 0.0115  memory: 14907  grad_norm: 64.3130  loss: 200.0754  loss_cls: 57.9103  loss_bbox: 81.8568  loss_dfl: 60.3082
2024/07/28 09:10:54 - mmengine - INFO - Epoch(train)  [65][100/102]  base_lr: 2.0000e-02 lr: 1.5842e-02  eta: 2:20:31  time: 0.3381  data_time: 0.0010  memory: 14980  grad_norm: 65.2244  loss: 202.4019  loss_cls: 58.5804  loss_bbox: 83.7597  loss_dfl: 60.0618
2024/07/28 09:10:54 - mmengine - INFO - Exp name: remdet_x-300e_coco_20240728_082805
2024/07/28 09:11:12 - mmengine - INFO - Epoch(train)  [66][ 50/102]  base_lr: 2.0000e-02 lr: 1.5776e-02  eta: 2:20:13  time: 0.3605  data_time: 0.0118  memory: 14793  grad_norm: 66.1776  loss: 207.0522  loss_cls: 60.7463  loss_bbox: 85.3668  loss_dfl: 60.9390
2024/07/28 09:11:29 - mmengine - INFO - Epoch(train)  [66][100/102]  base_lr: 2.0000e-02 lr: 1.5776e-02  eta: 2:19:53  time: 0.3385  data_time: 0.0010  memory: 15220  grad_norm: 65.4980  loss: 203.1564  loss_cls: 59.0515  loss_bbox: 84.1762  loss_dfl: 59.9286
2024/07/28 09:11:30 - mmengine - INFO - Exp name: remdet_x-300e_coco_20240728_082805
2024/07/28 09:11:48 - mmengine - INFO - Epoch(train)  [67][ 50/102]  base_lr: 2.0000e-02 lr: 1.5710e-02  eta: 2:19:35  time: 0.3571  data_time: 0.0120  memory: 14840  grad_norm: 64.8180  loss: 202.0084  loss_cls: 57.9713  loss_bbox: 84.0004  loss_dfl: 60.0368
2024/07/28 09:12:05 - mmengine - INFO - Epoch(train)  [67][100/102]  base_lr: 2.0000e-02 lr: 1.5710e-02  eta: 2:19:15  time: 0.3374  data_time: 0.0010  memory: 14460  grad_norm: 66.0475  loss: 202.7902  loss_cls: 59.0257  loss_bbox: 84.6645  loss_dfl: 59.1001
2024/07/28 09:12:05 - mmengine - INFO - Exp name: remdet_x-300e_coco_20240728_082805
2024/07/28 09:12:23 - mmengine - INFO - Epoch(train)  [68][ 50/102]  base_lr: 2.0000e-02 lr: 1.5644e-02  eta: 2:18:57  time: 0.3591  data_time: 0.0136  memory: 14627  grad_norm: 66.6713  loss: 203.7615  loss_cls: 58.5280  loss_bbox: 84.6185  loss_dfl: 60.6150
2024/07/28 09:12:40 - mmengine - INFO - Epoch(train)  [68][100/102]  base_lr: 2.0000e-02 lr: 1.5644e-02  eta: 2:18:37  time: 0.3366  data_time: 0.0010  memory: 15533  grad_norm: 65.2484  loss: 202.7067  loss_cls: 58.9117  loss_bbox: 83.9508  loss_dfl: 59.8442
2024/07/28 09:12:40 - mmengine - INFO - Exp name: remdet_x-300e_coco_20240728_082805
2024/07/28 09:12:58 - mmengine - INFO - Epoch(train)  [69][ 50/102]  base_lr: 2.0000e-02 lr: 1.5578e-02  eta: 2:18:20  time: 0.3625  data_time: 0.0112  memory: 15593  grad_norm: 64.8113  loss: 204.9588  loss_cls: 59.6939  loss_bbox: 85.1083  loss_dfl: 60.1566
2024/07/28 09:13:03 - mmengine - INFO - Exp name: remdet_x-300e_coco_20240728_082805
2024/07/28 09:13:15 - mmengine - INFO - Epoch(train)  [69][100/102]  base_lr: 2.0000e-02 lr: 1.5578e-02  eta: 2:18:00  time: 0.3379  data_time: 0.0010  memory: 14707  grad_norm: 65.1123  loss: 197.7245  loss_cls: 56.4796  loss_bbox: 81.8753  loss_dfl: 59.3696
2024/07/28 09:13:16 - mmengine - INFO - Exp name: remdet_x-300e_coco_20240728_082805
2024/07/28 09:13:34 - mmengine - INFO - Epoch(train)  [70][ 50/102]  base_lr: 2.0000e-02 lr: 1.5512e-02  eta: 2:17:42  time: 0.3566  data_time: 0.0113  memory: 15007  grad_norm: 64.6698  loss: 200.7623  loss_cls: 57.5961  loss_bbox: 83.2496  loss_dfl: 59.9166
2024/07/28 09:13:50 - mmengine - INFO - Epoch(train)  [70][100/102]  base_lr: 2.0000e-02 lr: 1.5512e-02  eta: 2:17:22  time: 0.3359  data_time: 0.0010  memory: 14440  grad_norm: 65.5658  loss: 198.5437  loss_cls: 57.2670  loss_bbox: 80.8300  loss_dfl: 60.4467
2024/07/28 09:13:51 - mmengine - INFO - Exp name: remdet_x-300e_coco_20240728_082805
2024/07/28 09:13:51 - mmengine - INFO - Saving checkpoint at 70 epochs
2024/07/28 09:13:57 - mmengine - INFO - Evaluating bbox...
2024/07/28 09:14:22 - mmengine - INFO - bbox_mAP_copypaste: 0.256 0.429 0.258 0.153 0.388 0.490
2024/07/28 09:14:22 - mmengine - INFO - Epoch(val) [70][9/9]    coco/bbox_mAP: 0.2560  coco/bbox_mAP_50: 0.4290  coco/bbox_mAP_75: 0.2580  coco/bbox_mAP_s: 0.1530  coco/bbox_mAP_m: 0.3880  coco/bbox_mAP_l: 0.4900  data_time: 0.0224  time: 0.1239
2024/07/28 09:14:22 - mmengine - INFO - The previous best checkpoint /mnt/exam_log/0723_remdet/remdet_series/visdrone/remdet_x/best_coco_bbox_mAP_epoch_60.pth is removed
2024/07/28 09:14:24 - mmengine - INFO - The best checkpoint with 0.2560 coco/bbox_mAP at 70 epoch is saved to best_coco_bbox_mAP_epoch_70.pth.
2024/07/28 09:14:45 - mmengine - INFO - Epoch(train)  [71][ 50/102]  base_lr: 2.0000e-02 lr: 1.5446e-02  eta: 2:17:04  time: 0.3558  data_time: 0.0107  memory: 14567  grad_norm: 67.3614  loss: 204.3582  loss_cls: 59.5342  loss_bbox: 85.0525  loss_dfl: 59.7715
2024/07/28 09:15:02 - mmengine - INFO - Epoch(train)  [71][100/102]  base_lr: 2.0000e-02 lr: 1.5446e-02  eta: 2:16:44  time: 0.3359  data_time: 0.0010  memory: 14913  grad_norm: 66.4814  loss: 201.4734  loss_cls: 58.3133  loss_bbox: 83.3739  loss_dfl: 59.7862
2024/07/28 09:15:02 - mmengine - INFO - Exp name: remdet_x-300e_coco_20240728_082805
2024/07/28 09:15:20 - mmengine - INFO - Epoch(train)  [72][ 50/102]  base_lr: 2.0000e-02 lr: 1.5380e-02  eta: 2:16:26  time: 0.3602  data_time: 0.0117  memory: 15360  grad_norm: 66.6318  loss: 200.1885  loss_cls: 57.4627  loss_bbox: 82.5848  loss_dfl: 60.1409
2024/07/28 09:15:38 - mmengine - INFO - Epoch(train)  [72][100/102]  base_lr: 2.0000e-02 lr: 1.5380e-02  eta: 2:16:07  time: 0.3424  data_time: 0.0010  memory: 15460  grad_norm: 64.7520  loss: 202.5343  loss_cls: 58.6435  loss_bbox: 83.1278  loss_dfl: 60.7630
2024/07/28 09:15:38 - mmengine - INFO - Exp name: remdet_x-300e_coco_20240728_082805
2024/07/28 09:15:56 - mmengine - INFO - Epoch(train)  [73][ 50/102]  base_lr: 2.0000e-02 lr: 1.5314e-02  eta: 2:15:49  time: 0.3543  data_time: 0.0116  memory: 14893  grad_norm: 65.3237  loss: 202.9340  loss_cls: 58.5228  loss_bbox: 84.3791  loss_dfl: 60.0321
2024/07/28 09:16:13 - mmengine - INFO - Epoch(train)  [73][100/102]  base_lr: 2.0000e-02 lr: 1.5314e-02  eta: 2:15:31  time: 0.3502  data_time: 0.0010  memory: 14987  grad_norm: 67.1607  loss: 201.7132  loss_cls: 57.9362  loss_bbox: 83.3644  loss_dfl: 60.4126
2024/07/28 09:16:14 - mmengine - INFO - Exp name: remdet_x-300e_coco_20240728_082805
2024/07/28 09:16:32 - mmengine - INFO - Epoch(train)  [74][ 50/102]  base_lr: 2.0000e-02 lr: 1.5248e-02  eta: 2:15:15  time: 0.3698  data_time: 0.0106  memory: 15573  grad_norm: 66.1289  loss: 206.5695  loss_cls: 60.5727  loss_bbox: 85.6092  loss_dfl: 60.3876
2024/07/28 09:16:49 - mmengine - INFO - Epoch(train)  [74][100/102]  base_lr: 2.0000e-02 lr: 1.5248e-02  eta: 2:14:56  time: 0.3444  data_time: 0.0010  memory: 14820  grad_norm: 64.9898  loss: 202.5096  loss_cls: 58.5799  loss_bbox: 83.5661  loss_dfl: 60.3636
2024/07/28 09:16:50 - mmengine - INFO - Exp name: remdet_x-300e_coco_20240728_082805
2024/07/28 09:17:08 - mmengine - INFO - Epoch(train)  [75][ 50/102]  base_lr: 2.0000e-02 lr: 1.5182e-02  eta: 2:14:39  time: 0.3595  data_time: 0.0155  memory: 14893  grad_norm: 66.3116  loss: 196.8528  loss_cls: 56.3353  loss_bbox: 80.8176  loss_dfl: 59.6998
2024/07/28 09:17:25 - mmengine - INFO - Epoch(train)  [75][100/102]  base_lr: 2.0000e-02 lr: 1.5182e-02  eta: 2:14:19  time: 0.3353  data_time: 0.0010  memory: 14987  grad_norm: 65.3613  loss: 199.4685  loss_cls: 57.8874  loss_bbox: 81.7539  loss_dfl: 59.8272
2024/07/28 09:17:25 - mmengine - INFO - Exp name: remdet_x-300e_coco_20240728_082805
2024/07/28 09:17:43 - mmengine - INFO - Epoch(train)  [76][ 50/102]  base_lr: 2.0000e-02 lr: 1.5116e-02  eta: 2:14:00  time: 0.3543  data_time: 0.0139  memory: 14620  grad_norm: 66.0453  loss: 198.6207  loss_cls: 56.9485  loss_bbox: 81.7114  loss_dfl: 59.9607
2024/07/28 09:18:00 - mmengine - INFO - Epoch(train)  [76][100/102]  base_lr: 2.0000e-02 lr: 1.5116e-02  eta: 2:13:41  time: 0.3403  data_time: 0.0010  memory: 17207  grad_norm: 65.2683  loss: 198.4492  loss_cls: 56.6165  loss_bbox: 82.4031  loss_dfl: 59.4296
2024/07/28 09:18:00 - mmengine - INFO - Exp name: remdet_x-300e_coco_20240728_082805
2024/07/28 09:18:18 - mmengine - INFO - Epoch(train)  [77][ 50/102]  base_lr: 2.0000e-02 lr: 1.5050e-02  eta: 2:13:23  time: 0.3588  data_time: 0.0147  memory: 14687  grad_norm: 65.7947  loss: 199.2965  loss_cls: 57.1156  loss_bbox: 82.1252  loss_dfl: 60.0558
2024/07/28 09:18:35 - mmengine - INFO - Epoch(train)  [77][100/102]  base_lr: 2.0000e-02 lr: 1.5050e-02  eta: 2:13:04  time: 0.3413  data_time: 0.0010  memory: 14860  grad_norm: 66.1759  loss: 198.0842  loss_cls: 55.6488  loss_bbox: 82.6031  loss_dfl: 59.8323
2024/07/28 09:18:36 - mmengine - INFO - Exp name: remdet_x-300e_coco_20240728_082805
2024/07/28 09:18:54 - mmengine - INFO - Epoch(train)  [78][ 50/102]  base_lr: 2.0000e-02 lr: 1.4984e-02  eta: 2:12:47  time: 0.3599  data_time: 0.0123  memory: 14673  grad_norm: 64.8785  loss: 200.3497  loss_cls: 57.6364  loss_bbox: 82.5738  loss_dfl: 60.1396
2024/07/28 09:19:11 - mmengine - INFO - Epoch(train)  [78][100/102]  base_lr: 2.0000e-02 lr: 1.4984e-02  eta: 2:12:28  time: 0.3398  data_time: 0.0010  memory: 17193  grad_norm: 66.3473  loss: 198.7579  loss_cls: 57.1476  loss_bbox: 81.9023  loss_dfl: 59.7081
2024/07/28 09:19:11 - mmengine - INFO - Exp name: remdet_x-300e_coco_20240728_082805
2024/07/28 09:19:27 - mmengine - INFO - Exp name: remdet_x-300e_coco_20240728_082805
2024/07/28 09:19:29 - mmengine - INFO - Epoch(train)  [79][ 50/102]  base_lr: 2.0000e-02 lr: 1.4918e-02  eta: 2:12:09  time: 0.3541  data_time: 0.0135  memory: 15420  grad_norm: 66.9566  loss: 204.4166  loss_cls: 58.7912  loss_bbox: 85.0395  loss_dfl: 60.5858
2024/07/28 09:19:46 - mmengine - INFO - Epoch(train)  [79][100/102]  base_lr: 2.0000e-02 lr: 1.4918e-02  eta: 2:11:50  time: 0.3364  data_time: 0.0010  memory: 14800  grad_norm: 66.7368  loss: 197.7473  loss_cls: 56.1094  loss_bbox: 81.5823  loss_dfl: 60.0556
2024/07/28 09:19:46 - mmengine - INFO - Exp name: remdet_x-300e_coco_20240728_082805
2024/07/28 09:20:04 - mmengine - INFO - Epoch(train)  [80][ 50/102]  base_lr: 2.0000e-02 lr: 1.4852e-02  eta: 2:11:32  time: 0.3573  data_time: 0.0146  memory: 14840  grad_norm: 65.8897  loss: 203.5886  loss_cls: 58.2872  loss_bbox: 84.8913  loss_dfl: 60.4101
2024/07/28 09:20:21 - mmengine - INFO - Epoch(train)  [80][100/102]  base_lr: 2.0000e-02 lr: 1.4852e-02  eta: 2:11:12  time: 0.3388  data_time: 0.0010  memory: 15020  grad_norm: 65.6880  loss: 196.7650  loss_cls: 55.8619  loss_bbox: 82.0614  loss_dfl: 58.8417
2024/07/28 09:20:22 - mmengine - INFO - Exp name: remdet_x-300e_coco_20240728_082805
2024/07/28 09:20:22 - mmengine - INFO - Saving checkpoint at 80 epochs
2024/07/28 09:20:28 - mmengine - INFO - Evaluating bbox...
2024/07/28 09:20:53 - mmengine - INFO - bbox_mAP_copypaste: 0.266 0.440 0.271 0.160 0.401 0.522
2024/07/28 09:20:53 - mmengine - INFO - Epoch(val) [80][9/9]    coco/bbox_mAP: 0.2660  coco/bbox_mAP_50: 0.4400  coco/bbox_mAP_75: 0.2710  coco/bbox_mAP_s: 0.1600  coco/bbox_mAP_m: 0.4010  coco/bbox_mAP_l: 0.5220  data_time: 0.0272  time: 0.1283
2024/07/28 09:20:53 - mmengine - INFO - The previous best checkpoint /mnt/exam_log/0723_remdet/remdet_series/visdrone/remdet_x/best_coco_bbox_mAP_epoch_70.pth is removed
2024/07/28 09:20:55 - mmengine - INFO - The best checkpoint with 0.2660 coco/bbox_mAP at 80 epoch is saved to best_coco_bbox_mAP_epoch_80.pth.
2024/07/28 09:21:15 - mmengine - INFO - Epoch(train)  [81][ 50/102]  base_lr: 2.0000e-02 lr: 1.4786e-02  eta: 2:10:54  time: 0.3510  data_time: 0.0105  memory: 15127  grad_norm: 66.8980  loss: 200.3471  loss_cls: 57.0516  loss_bbox: 83.3394  loss_dfl: 59.9561
2024/07/28 09:21:32 - mmengine - INFO - Epoch(train)  [81][100/102]  base_lr: 2.0000e-02 lr: 1.4786e-02  eta: 2:10:35  time: 0.3406  data_time: 0.0011  memory: 14740  grad_norm: 66.1548  loss: 201.5532  loss_cls: 57.3130  loss_bbox: 83.9983  loss_dfl: 60.2418
2024/07/28 09:21:33 - mmengine - INFO - Exp name: remdet_x-300e_coco_20240728_082805
2024/07/28 09:21:51 - mmengine - INFO - Epoch(train)  [82][ 50/102]  base_lr: 2.0000e-02 lr: 1.4720e-02  eta: 2:10:17  time: 0.3572  data_time: 0.0126  memory: 14760  grad_norm: 66.2456  loss: 198.2443  loss_cls: 56.3836  loss_bbox: 82.0347  loss_dfl: 59.8260
2024/07/28 09:22:08 - mmengine - INFO - Epoch(train)  [82][100/102]  base_lr: 2.0000e-02 lr: 1.4720e-02  eta: 2:09:57  time: 0.3371  data_time: 0.0010  memory: 15500  grad_norm: 66.1905  loss: 199.6881  loss_cls: 57.1178  loss_bbox: 83.4178  loss_dfl: 59.1525
2024/07/28 09:22:08 - mmengine - INFO - Exp name: remdet_x-300e_coco_20240728_082805
2024/07/28 09:22:26 - mmengine - INFO - Epoch(train)  [83][ 50/102]  base_lr: 2.0000e-02 lr: 1.4654e-02  eta: 2:09:40  time: 0.3590  data_time: 0.0111  memory: 15727  grad_norm: 66.4063  loss: 197.1950  loss_cls: 56.1105  loss_bbox: 81.4262  loss_dfl: 59.6583
2024/07/28 09:22:43 - mmengine - INFO - Epoch(train)  [83][100/102]  base_lr: 2.0000e-02 lr: 1.4654e-02  eta: 2:09:20  time: 0.3374  data_time: 0.0010  memory: 15000  grad_norm: 65.4005  loss: 200.1775  loss_cls: 57.8188  loss_bbox: 82.4520  loss_dfl: 59.9067
2024/07/28 09:22:43 - mmengine - INFO - Exp name: remdet_x-300e_coco_20240728_082805
2024/07/28 09:23:02 - mmengine - INFO - Epoch(train)  [84][ 50/102]  base_lr: 2.0000e-02 lr: 1.4588e-02  eta: 2:09:03  time: 0.3625  data_time: 0.0127  memory: 15007  grad_norm: 65.9289  loss: 199.8807  loss_cls: 56.6774  loss_bbox: 83.4465  loss_dfl: 59.7568
2024/07/28 09:23:19 - mmengine - INFO - Epoch(train)  [84][100/102]  base_lr: 2.0000e-02 lr: 1.4588e-02  eta: 2:08:45  time: 0.3460  data_time: 0.0010  memory: 15927  grad_norm: 66.8631  loss: 196.2867  loss_cls: 55.6739  loss_bbox: 81.3987  loss_dfl: 59.2141
2024/07/28 09:23:19 - mmengine - INFO - Exp name: remdet_x-300e_coco_20240728_082805
2024/07/28 09:23:37 - mmengine - INFO - Epoch(train)  [85][ 50/102]  base_lr: 2.0000e-02 lr: 1.4522e-02  eta: 2:08:27  time: 0.3601  data_time: 0.0128  memory: 14653  grad_norm: 66.2679  loss: 194.4259  loss_cls: 54.7100  loss_bbox: 80.3792  loss_dfl: 59.3367
2024/07/28 09:23:54 - mmengine - INFO - Epoch(train)  [85][100/102]  base_lr: 2.0000e-02 lr: 1.4522e-02  eta: 2:08:08  time: 0.3392  data_time: 0.0010  memory: 14554  grad_norm: 65.8504  loss: 199.9292  loss_cls: 57.0857  loss_bbox: 82.8833  loss_dfl: 59.9602
2024/07/28 09:23:55 - mmengine - INFO - Exp name: remdet_x-300e_coco_20240728_082805
2024/07/28 09:24:13 - mmengine - INFO - Epoch(train)  [86][ 50/102]  base_lr: 2.0000e-02 lr: 1.4456e-02  eta: 2:07:50  time: 0.3565  data_time: 0.0139  memory: 14913  grad_norm: 67.3524  loss: 198.4103  loss_cls: 56.3160  loss_bbox: 82.2031  loss_dfl: 59.8913
2024/07/28 09:24:29 - mmengine - INFO - Epoch(train)  [86][100/102]  base_lr: 2.0000e-02 lr: 1.4456e-02  eta: 2:07:31  time: 0.3361  data_time: 0.0010  memory: 14807  grad_norm: 67.8638  loss: 199.1253  loss_cls: 56.8884  loss_bbox: 82.8253  loss_dfl: 59.4116
2024/07/28 09:24:30 - mmengine - INFO - Exp name: remdet_x-300e_coco_20240728_082805
2024/07/28 09:24:48 - mmengine - INFO - Epoch(train)  [87][ 50/102]  base_lr: 2.0000e-02 lr: 1.4390e-02  eta: 2:07:13  time: 0.3573  data_time: 0.0134  memory: 16280  grad_norm: 67.5418  loss: 196.4247  loss_cls: 55.1689  loss_bbox: 81.7014  loss_dfl: 59.5544
2024/07/28 09:25:05 - mmengine - INFO - Epoch(train)  [87][100/102]  base_lr: 2.0000e-02 lr: 1.4390e-02  eta: 2:06:55  time: 0.3435  data_time: 0.0010  memory: 14593  grad_norm: 66.6140  loss: 198.8115  loss_cls: 56.7147  loss_bbox: 83.0505  loss_dfl: 59.0463
2024/07/28 09:25:05 - mmengine - INFO - Exp name: remdet_x-300e_coco_20240728_082805
2024/07/28 09:25:24 - mmengine - INFO - Epoch(train)  [88][ 50/102]  base_lr: 2.0000e-02 lr: 1.4324e-02  eta: 2:06:39  time: 0.3751  data_time: 0.0108  memory: 15693  grad_norm: 68.1925  loss: 198.2641  loss_cls: 56.4616  loss_bbox: 81.9268  loss_dfl: 59.8757
2024/07/28 09:25:42 - mmengine - INFO - Epoch(train)  [88][100/102]  base_lr: 2.0000e-02 lr: 1.4324e-02  eta: 2:06:21  time: 0.3471  data_time: 0.0010  memory: 15087  grad_norm: 67.3820  loss: 197.9436  loss_cls: 56.3597  loss_bbox: 82.2781  loss_dfl: 59.3057
2024/07/28 09:25:42 - mmengine - INFO - Exp name: remdet_x-300e_coco_20240728_082805
2024/07/28 09:25:51 - mmengine - INFO - Exp name: remdet_x-300e_coco_20240728_082805
2024/07/28 09:26:00 - mmengine - INFO - Epoch(train)  [89][ 50/102]  base_lr: 2.0000e-02 lr: 1.4258e-02  eta: 2:06:03  time: 0.3613  data_time: 0.0103  memory: 14153  grad_norm: 67.3224  loss: 198.0439  loss_cls: 56.7583  loss_bbox: 81.7998  loss_dfl: 59.4857
2024/07/28 09:26:17 - mmengine - INFO - Epoch(train)  [89][100/102]  base_lr: 2.0000e-02 lr: 1.4258e-02  eta: 2:05:44  time: 0.3365  data_time: 0.0010  memory: 14700  grad_norm: 66.6314  loss: 199.7343  loss_cls: 57.5404  loss_bbox: 82.3200  loss_dfl: 59.8740
2024/07/28 09:26:17 - mmengine - INFO - Exp name: remdet_x-300e_coco_20240728_082805
2024/07/28 09:26:35 - mmengine - INFO - Epoch(train)  [90][ 50/102]  base_lr: 2.0000e-02 lr: 1.4192e-02  eta: 2:05:27  time: 0.3607  data_time: 0.0142  memory: 14940  grad_norm: 65.9514  loss: 199.4194  loss_cls: 57.0688  loss_bbox: 82.4871  loss_dfl: 59.8635
2024/07/28 09:26:52 - mmengine - INFO - Epoch(train)  [90][100/102]  base_lr: 2.0000e-02 lr: 1.4192e-02  eta: 2:05:08  time: 0.3371  data_time: 0.0010  memory: 15013  grad_norm: 67.8837  loss: 199.6820  loss_cls: 57.0198  loss_bbox: 82.9572  loss_dfl: 59.7051
2024/07/28 09:26:53 - mmengine - INFO - Exp name: remdet_x-300e_coco_20240728_082805
2024/07/28 09:26:53 - mmengine - INFO - Saving checkpoint at 90 epochs
2024/07/28 09:26:59 - mmengine - INFO - Evaluating bbox...
2024/07/28 09:27:24 - mmengine - INFO - bbox_mAP_copypaste: 0.271 0.446 0.279 0.162 0.412 0.481
2024/07/28 09:27:25 - mmengine - INFO - Epoch(val) [90][9/9]    coco/bbox_mAP: 0.2710  coco/bbox_mAP_50: 0.4460  coco/bbox_mAP_75: 0.2790  coco/bbox_mAP_s: 0.1620  coco/bbox_mAP_m: 0.4120  coco/bbox_mAP_l: 0.4810  data_time: 0.0177  time: 0.1198
2024/07/28 09:27:25 - mmengine - INFO - The previous best checkpoint /mnt/exam_log/0723_remdet/remdet_series/visdrone/remdet_x/best_coco_bbox_mAP_epoch_80.pth is removed
2024/07/28 09:27:27 - mmengine - INFO - The best checkpoint with 0.2710 coco/bbox_mAP at 90 epoch is saved to best_coco_bbox_mAP_epoch_90.pth.
2024/07/28 09:27:48 - mmengine - INFO - Epoch(train)  [91][ 50/102]  base_lr: 2.0000e-02 lr: 1.4126e-02  eta: 2:04:49  time: 0.3526  data_time: 0.0125  memory: 15627  grad_norm: 67.9241  loss: 198.1129  loss_cls: 56.6856  loss_bbox: 82.3272  loss_dfl: 59.1001
2024/07/28 09:28:04 - mmengine - INFO - Epoch(train)  [91][100/102]  base_lr: 2.0000e-02 lr: 1.4126e-02  eta: 2:04:30  time: 0.3360  data_time: 0.0010  memory: 15060  grad_norm: 66.4068  loss: 193.3554  loss_cls: 53.6912  loss_bbox: 80.7448  loss_dfl: 58.9193
2024/07/28 09:28:05 - mmengine - INFO - Exp name: remdet_x-300e_coco_20240728_082805
2024/07/28 09:28:23 - mmengine - INFO - Epoch(train)  [92][ 50/102]  base_lr: 2.0000e-02 lr: 1.4060e-02  eta: 2:04:12  time: 0.3581  data_time: 0.0090  memory: 15640  grad_norm: 68.4084  loss: 196.9544  loss_cls: 55.6041  loss_bbox: 81.7197  loss_dfl: 59.6306
2024/07/28 09:28:40 - mmengine - INFO - Epoch(train)  [92][100/102]  base_lr: 2.0000e-02 lr: 1.4060e-02  eta: 2:03:53  time: 0.3381  data_time: 0.0010  memory: 15073  grad_norm: 68.9800  loss: 199.1347  loss_cls: 56.4660  loss_bbox: 83.0014  loss_dfl: 59.6673
2024/07/28 09:28:40 - mmengine - INFO - Exp name: remdet_x-300e_coco_20240728_082805
2024/07/28 09:28:58 - mmengine - INFO - Epoch(train)  [93][ 50/102]  base_lr: 2.0000e-02 lr: 1.3994e-02  eta: 2:03:35  time: 0.3569  data_time: 0.0160  memory: 15373  grad_norm: 68.4987  loss: 194.2810  loss_cls: 54.3383  loss_bbox: 80.7619  loss_dfl: 59.1809
2024/07/28 09:29:15 - mmengine - INFO - Epoch(train)  [93][100/102]  base_lr: 2.0000e-02 lr: 1.3994e-02  eta: 2:03:16  time: 0.3389  data_time: 0.0010  memory: 15420  grad_norm: 67.9195  loss: 196.5207  loss_cls: 55.2830  loss_bbox: 82.1468  loss_dfl: 59.0909
2024/07/28 09:29:16 - mmengine - INFO - Exp name: remdet_x-300e_coco_20240728_082805
2024/07/28 09:29:34 - mmengine - INFO - Epoch(train)  [94][ 50/102]  base_lr: 2.0000e-02 lr: 1.3928e-02  eta: 2:02:59  time: 0.3636  data_time: 0.0146  memory: 15373  grad_norm: 66.3474  loss: 196.7490  loss_cls: 55.7810  loss_bbox: 81.5075  loss_dfl: 59.4605
2024/07/28 09:29:51 - mmengine - INFO - Epoch(train)  [94][100/102]  base_lr: 2.0000e-02 lr: 1.3928e-02  eta: 2:02:40  time: 0.3374  data_time: 0.0010  memory: 15293  grad_norm: 69.0560  loss: 199.2402  loss_cls: 56.3391  loss_bbox: 82.8774  loss_dfl: 60.0237
2024/07/28 09:29:51 - mmengine - INFO - Exp name: remdet_x-300e_coco_20240728_082805
2024/07/28 09:30:09 - mmengine - INFO - Epoch(train)  [95][ 50/102]  base_lr: 2.0000e-02 lr: 1.3862e-02  eta: 2:02:23  time: 0.3611  data_time: 0.0129  memory: 15107  grad_norm: 67.4522  loss: 199.8100  loss_cls: 57.0263  loss_bbox: 83.3542  loss_dfl: 59.4295
2024/07/28 09:30:26 - mmengine - INFO - Epoch(train)  [95][100/102]  base_lr: 2.0000e-02 lr: 1.3862e-02  eta: 2:02:04  time: 0.3379  data_time: 0.0010  memory: 14713  grad_norm: 67.0901  loss: 196.8070  loss_cls: 55.6208  loss_bbox: 81.8992  loss_dfl: 59.2870
2024/07/28 09:30:27 - mmengine - INFO - Exp name: remdet_x-300e_coco_20240728_082805
2024/07/28 09:30:44 - mmengine - INFO - Epoch(train)  [96][ 50/102]  base_lr: 2.0000e-02 lr: 1.3796e-02  eta: 2:01:46  time: 0.3573  data_time: 0.0096  memory: 14607  grad_norm: 67.6263  loss: 196.7292  loss_cls: 55.1767  loss_bbox: 82.1304  loss_dfl: 59.4221
2024/07/28 09:31:01 - mmengine - INFO - Epoch(train)  [96][100/102]  base_lr: 2.0000e-02 lr: 1.3796e-02  eta: 2:01:27  time: 0.3369  data_time: 0.0010  memory: 15180  grad_norm: 67.0854  loss: 196.1319  loss_cls: 55.2566  loss_bbox: 81.2334  loss_dfl: 59.6420
2024/07/28 09:31:02 - mmengine - INFO - Exp name: remdet_x-300e_coco_20240728_082805
2024/07/28 09:31:20 - mmengine - INFO - Epoch(train)  [97][ 50/102]  base_lr: 2.0000e-02 lr: 1.3730e-02  eta: 2:01:09  time: 0.3561  data_time: 0.0114  memory: 15107  grad_norm: 69.8462  loss: 198.3178  loss_cls: 56.5524  loss_bbox: 82.1838  loss_dfl: 59.5816
2024/07/28 09:31:36 - mmengine - INFO - Epoch(train)  [97][100/102]  base_lr: 2.0000e-02 lr: 1.3730e-02  eta: 2:00:50  time: 0.3382  data_time: 0.0010  memory: 15220  grad_norm: 68.1474  loss: 195.6495  loss_cls: 54.8631  loss_bbox: 81.4328  loss_dfl: 59.3536
2024/07/28 09:31:37 - mmengine - INFO - Exp name: remdet_x-300e_coco_20240728_082805
2024/07/28 09:31:55 - mmengine - INFO - Epoch(train)  [98][ 50/102]  base_lr: 2.0000e-02 lr: 1.3664e-02  eta: 2:00:32  time: 0.3539  data_time: 0.0115  memory: 14667  grad_norm: 68.9645  loss: 194.8378  loss_cls: 54.6698  loss_bbox: 81.2984  loss_dfl: 58.8697
2024/07/28 09:32:11 - mmengine - INFO - Epoch(train)  [98][100/102]  base_lr: 2.0000e-02 lr: 1.3664e-02  eta: 2:00:13  time: 0.3365  data_time: 0.0010  memory: 16213  grad_norm: 67.7238  loss: 195.2294  loss_cls: 55.3198  loss_bbox: 80.9573  loss_dfl: 58.9522
2024/07/28 09:32:12 - mmengine - INFO - Exp name: remdet_x-300e_coco_20240728_082805
2024/07/28 09:32:14 - mmengine - INFO - Exp name: remdet_x-300e_coco_20240728_082805
2024/07/28 09:32:30 - mmengine - INFO - Epoch(train)  [99][ 50/102]  base_lr: 2.0000e-02 lr: 1.3598e-02  eta: 1:59:55  time: 0.3570  data_time: 0.0148  memory: 15133  grad_norm: 67.5505  loss: 195.0179  loss_cls: 55.0596  loss_bbox: 80.4344  loss_dfl: 59.5239
2024/07/28 09:32:47 - mmengine - INFO - Epoch(train)  [99][100/102]  base_lr: 2.0000e-02 lr: 1.3598e-02  eta: 1:59:36  time: 0.3365  data_time: 0.0010  memory: 14507  grad_norm: 69.2397  loss: 194.4998  loss_cls: 54.8795  loss_bbox: 80.6162  loss_dfl: 59.0042
2024/07/28 09:32:47 - mmengine - INFO - Exp name: remdet_x-300e_coco_20240728_082805
2024/07/28 09:33:05 - mmengine - INFO - Epoch(train) [100][ 50/102]  base_lr: 2.0000e-02 lr: 1.3532e-02  eta: 1:59:19  time: 0.3611  data_time: 0.0107  memory: 14633  grad_norm: 66.0739  loss: 196.0139  loss_cls: 55.3646  loss_bbox: 81.3490  loss_dfl: 59.3002
2024/07/28 09:33:22 - mmengine - INFO - Epoch(train) [100][100/102]  base_lr: 2.0000e-02 lr: 1.3532e-02  eta: 1:59:00  time: 0.3372  data_time: 0.0010  memory: 14840  grad_norm: 69.3169  loss: 196.2589  loss_cls: 55.2536  loss_bbox: 81.4662  loss_dfl: 59.5391
2024/07/28 09:33:22 - mmengine - INFO - Exp name: remdet_x-300e_coco_20240728_082805
2024/07/28 09:33:22 - mmengine - INFO - Saving checkpoint at 100 epochs
2024/07/28 09:33:28 - mmengine - INFO - Evaluating bbox...
2024/07/28 09:33:53 - mmengine - INFO - bbox_mAP_copypaste: 0.276 0.453 0.284 0.168 0.418 0.485
2024/07/28 09:33:53 - mmengine - INFO - Epoch(val) [100][9/9]    coco/bbox_mAP: 0.2760  coco/bbox_mAP_50: 0.4530  coco/bbox_mAP_75: 0.2840  coco/bbox_mAP_s: 0.1680  coco/bbox_mAP_m: 0.4180  coco/bbox_mAP_l: 0.4850  data_time: 0.0237  time: 0.1251
2024/07/28 09:33:54 - mmengine - INFO - The previous best checkpoint /mnt/exam_log/0723_remdet/remdet_series/visdrone/remdet_x/best_coco_bbox_mAP_epoch_90.pth is removed
2024/07/28 09:33:56 - mmengine - INFO - The best checkpoint with 0.2760 coco/bbox_mAP at 100 epoch is saved to best_coco_bbox_mAP_epoch_100.pth.
2024/07/28 09:34:16 - mmengine - INFO - Epoch(train) [101][ 50/102]  base_lr: 2.0000e-02 lr: 1.3466e-02  eta: 1:58:41  time: 0.3500  data_time: 0.0094  memory: 14867  grad_norm: 68.5002  loss: 197.4561  loss_cls: 55.8546  loss_bbox: 81.9489  loss_dfl: 59.6527
2024/07/28 09:34:33 - mmengine - INFO - Epoch(train) [101][100/102]  base_lr: 2.0000e-02 lr: 1.3466e-02  eta: 1:58:23  time: 0.3382  data_time: 0.0010  memory: 15127  grad_norm: 68.2767  loss: 195.8963  loss_cls: 55.2801  loss_bbox: 81.4337  loss_dfl: 59.1825
2024/07/28 09:34:33 - mmengine - INFO - Exp name: remdet_x-300e_coco_20240728_082805
2024/07/28 09:34:52 - mmengine - INFO - Epoch(train) [102][ 50/102]  base_lr: 2.0000e-02 lr: 1.3400e-02  eta: 1:58:05  time: 0.3630  data_time: 0.0123  memory: 15193  grad_norm: 68.6480  loss: 192.3590  loss_cls: 53.5685  loss_bbox: 80.1640  loss_dfl: 58.6265
2024/07/28 09:35:10 - mmengine - INFO - Epoch(train) [102][100/102]  base_lr: 2.0000e-02 lr: 1.3400e-02  eta: 1:57:49  time: 0.3588  data_time: 0.0010  memory: 14633  grad_norm: 67.5209  loss: 195.4700  loss_cls: 54.6092  loss_bbox: 81.1984  loss_dfl: 59.6624
2024/07/28 09:35:10 - mmengine - INFO - Exp name: remdet_x-300e_coco_20240728_082805
2024/07/28 09:35:29 - mmengine - INFO - Epoch(train) [103][ 50/102]  base_lr: 2.0000e-02 lr: 1.3334e-02  eta: 1:57:32  time: 0.3734  data_time: 0.0137  memory: 14800  grad_norm: 68.4409  loss: 194.6640  loss_cls: 54.7331  loss_bbox: 80.5639  loss_dfl: 59.3669
2024/07/28 09:35:46 - mmengine - INFO - Epoch(train) [103][100/102]  base_lr: 2.0000e-02 lr: 1.3334e-02  eta: 1:57:14  time: 0.3423  data_time: 0.0010  memory: 14860  grad_norm: 68.4740  loss: 195.4220  loss_cls: 54.7751  loss_bbox: 80.7567  loss_dfl: 59.8902
2024/07/28 09:35:46 - mmengine - INFO - Exp name: remdet_x-300e_coco_20240728_082805
2024/07/28 09:36:04 - mmengine - INFO - Epoch(train) [104][ 50/102]  base_lr: 2.0000e-02 lr: 1.3268e-02  eta: 1:56:56  time: 0.3578  data_time: 0.0111  memory: 14140  grad_norm: 68.8296  loss: 194.0012  loss_cls: 54.8686  loss_bbox: 80.0230  loss_dfl: 59.1096
2024/07/28 09:36:21 - mmengine - INFO - Epoch(train) [104][100/102]  base_lr: 2.0000e-02 lr: 1.3268e-02  eta: 1:56:37  time: 0.3361  data_time: 0.0010  memory: 14653  grad_norm: 70.0963  loss: 197.1443  loss_cls: 55.0951  loss_bbox: 82.3435  loss_dfl: 59.7058
2024/07/28 09:36:22 - mmengine - INFO - Exp name: remdet_x-300e_coco_20240728_082805
2024/07/28 09:36:39 - mmengine - INFO - Epoch(train) [105][ 50/102]  base_lr: 2.0000e-02 lr: 1.3202e-02  eta: 1:56:19  time: 0.3566  data_time: 0.0102  memory: 14480  grad_norm: 74.5097  loss: 195.5331  loss_cls: 55.6756  loss_bbox: 80.9832  loss_dfl: 58.8743
2024/07/28 09:36:56 - mmengine - INFO - Epoch(train) [105][100/102]  base_lr: 2.0000e-02 lr: 1.3202e-02  eta: 1:56:00  time: 0.3353  data_time: 0.0010  memory: 14460  grad_norm: 70.7403  loss: 192.4458  loss_cls: 54.3444  loss_bbox: 79.0267  loss_dfl: 59.0746
2024/07/28 09:36:57 - mmengine - INFO - Exp name: remdet_x-300e_coco_20240728_082805
2024/07/28 09:37:14 - mmengine - INFO - Epoch(train) [106][ 50/102]  base_lr: 2.0000e-02 lr: 1.3136e-02  eta: 1:55:43  time: 0.3571  data_time: 0.0133  memory: 14353  grad_norm: 68.8807  loss: 196.3141  loss_cls: 55.5380  loss_bbox: 81.4659  loss_dfl: 59.3101
2024/07/28 09:37:31 - mmengine - INFO - Epoch(train) [106][100/102]  base_lr: 2.0000e-02 lr: 1.3136e-02  eta: 1:55:24  time: 0.3399  data_time: 0.0010  memory: 15100  grad_norm: 67.8477  loss: 194.4099  loss_cls: 54.8969  loss_bbox: 80.2412  loss_dfl: 59.2718
2024/07/28 09:37:32 - mmengine - INFO - Exp name: remdet_x-300e_coco_20240728_082805
2024/07/28 09:37:50 - mmengine - INFO - Epoch(train) [107][ 50/102]  base_lr: 2.0000e-02 lr: 1.3070e-02  eta: 1:55:06  time: 0.3563  data_time: 0.0131  memory: 14707  grad_norm: 68.5338  loss: 196.1652  loss_cls: 55.2622  loss_bbox: 81.7962  loss_dfl: 59.1069
2024/07/28 09:38:07 - mmengine - INFO - Epoch(train) [107][100/102]  base_lr: 2.0000e-02 lr: 1.3070e-02  eta: 1:54:48  time: 0.3379  data_time: 0.0010  memory: 14520  grad_norm: 68.7674  loss: 193.0738  loss_cls: 54.6495  loss_bbox: 79.1335  loss_dfl: 59.2908
2024/07/28 09:38:07 - mmengine - INFO - Exp name: remdet_x-300e_coco_20240728_082805
2024/07/28 09:38:25 - mmengine - INFO - Epoch(train) [108][ 50/102]  base_lr: 2.0000e-02 lr: 1.3004e-02  eta: 1:54:29  time: 0.3543  data_time: 0.0129  memory: 14547  grad_norm: 68.8027  loss: 193.4368  loss_cls: 53.2841  loss_bbox: 80.7366  loss_dfl: 59.4161
2024/07/28 09:38:37 - mmengine - INFO - Exp name: remdet_x-300e_coco_20240728_082805
2024/07/28 09:38:42 - mmengine - INFO - Epoch(train) [108][100/102]  base_lr: 2.0000e-02 lr: 1.3004e-02  eta: 1:54:11  time: 0.3361  data_time: 0.0010  memory: 16747  grad_norm: 68.4687  loss: 195.0871  loss_cls: 54.2813  loss_bbox: 81.5487  loss_dfl: 59.2570
2024/07/28 09:38:42 - mmengine - INFO - Exp name: remdet_x-300e_coco_20240728_082805
2024/07/28 09:39:00 - mmengine - INFO - Epoch(train) [109][ 50/102]  base_lr: 2.0000e-02 lr: 1.2938e-02  eta: 1:53:53  time: 0.3558  data_time: 0.0128  memory: 15367  grad_norm: 68.9000  loss: 193.5763  loss_cls: 54.0456  loss_bbox: 80.0924  loss_dfl: 59.4384
2024/07/28 09:39:17 - mmengine - INFO - Epoch(train) [109][100/102]  base_lr: 2.0000e-02 lr: 1.2938e-02  eta: 1:53:34  time: 0.3363  data_time: 0.0010  memory: 14893  grad_norm: 69.7033  loss: 195.9349  loss_cls: 55.3400  loss_bbox: 81.1225  loss_dfl: 59.4724
2024/07/28 09:39:17 - mmengine - INFO - Exp name: remdet_x-300e_coco_20240728_082805
2024/07/28 09:39:35 - mmengine - INFO - Epoch(train) [110][ 50/102]  base_lr: 2.0000e-02 lr: 1.2872e-02  eta: 1:53:16  time: 0.3555  data_time: 0.0153  memory: 15653  grad_norm: 69.3719  loss: 193.7040  loss_cls: 54.2581  loss_bbox: 79.9105  loss_dfl: 59.5353
2024/07/28 09:39:52 - mmengine - INFO - Epoch(train) [110][100/102]  base_lr: 2.0000e-02 lr: 1.2872e-02  eta: 1:52:57  time: 0.3363  data_time: 0.0010  memory: 14567  grad_norm: 67.8397  loss: 193.6472  loss_cls: 54.6688  loss_bbox: 80.4745  loss_dfl: 58.5039
2024/07/28 09:39:52 - mmengine - INFO - Exp name: remdet_x-300e_coco_20240728_082805
2024/07/28 09:39:52 - mmengine - INFO - Saving checkpoint at 110 epochs
2024/07/28 09:39:58 - mmengine - INFO - Evaluating bbox...
2024/07/28 09:40:23 - mmengine - INFO - bbox_mAP_copypaste: 0.280 0.460 0.287 0.173 0.421 0.510
2024/07/28 09:40:23 - mmengine - INFO - Epoch(val) [110][9/9]    coco/bbox_mAP: 0.2800  coco/bbox_mAP_50: 0.4600  coco/bbox_mAP_75: 0.2870  coco/bbox_mAP_s: 0.1730  coco/bbox_mAP_m: 0.4210  coco/bbox_mAP_l: 0.5100  data_time: 0.0236  time: 0.1247
2024/07/28 09:40:23 - mmengine - INFO - The previous best checkpoint /mnt/exam_log/0723_remdet/remdet_series/visdrone/remdet_x/best_coco_bbox_mAP_epoch_100.pth is removed
2024/07/28 09:40:25 - mmengine - INFO - The best checkpoint with 0.2800 coco/bbox_mAP at 110 epoch is saved to best_coco_bbox_mAP_epoch_110.pth.
2024/07/28 09:40:46 - mmengine - INFO - Epoch(train) [111][ 50/102]  base_lr: 2.0000e-02 lr: 1.2806e-02  eta: 1:52:39  time: 0.3533  data_time: 0.0123  memory: 14340  grad_norm: 69.8623  loss: 190.2254  loss_cls: 52.8394  loss_bbox: 78.5690  loss_dfl: 58.8171
2024/07/28 09:41:03 - mmengine - INFO - Epoch(train) [111][100/102]  base_lr: 2.0000e-02 lr: 1.2806e-02  eta: 1:52:20  time: 0.3380  data_time: 0.0010  memory: 14707  grad_norm: 68.4775  loss: 194.4976  loss_cls: 54.0022  loss_bbox: 80.9705  loss_dfl: 59.5249
2024/07/28 09:41:03 - mmengine - INFO - Exp name: remdet_x-300e_coco_20240728_082805
2024/07/28 09:41:21 - mmengine - INFO - Epoch(train) [112][ 50/102]  base_lr: 2.0000e-02 lr: 1.2740e-02  eta: 1:52:02  time: 0.3557  data_time: 0.0134  memory: 14253  grad_norm: 70.9933  loss: 190.4042  loss_cls: 53.4444  loss_bbox: 78.1657  loss_dfl: 58.7941
2024/07/28 09:41:38 - mmengine - INFO - Epoch(train) [112][100/102]  base_lr: 2.0000e-02 lr: 1.2740e-02  eta: 1:51:44  time: 0.3364  data_time: 0.0010  memory: 15313  grad_norm: 69.2168  loss: 193.0944  loss_cls: 53.6292  loss_bbox: 79.8266  loss_dfl: 59.6385
2024/07/28 09:41:38 - mmengine - INFO - Exp name: remdet_x-300e_coco_20240728_082805
2024/07/28 09:41:56 - mmengine - INFO - Epoch(train) [113][ 50/102]  base_lr: 2.0000e-02 lr: 1.2674e-02  eta: 1:51:26  time: 0.3551  data_time: 0.0128  memory: 16240  grad_norm: 70.0769  loss: 191.3331  loss_cls: 53.0107  loss_bbox: 80.0992  loss_dfl: 58.2231
2024/07/28 09:42:13 - mmengine - INFO - Epoch(train) [113][100/102]  base_lr: 2.0000e-02 lr: 1.2674e-02  eta: 1:51:07  time: 0.3384  data_time: 0.0010  memory: 14713  grad_norm: 70.8153  loss: 196.0598  loss_cls: 55.1612  loss_bbox: 81.1235  loss_dfl: 59.7751
2024/07/28 09:42:14 - mmengine - INFO - Exp name: remdet_x-300e_coco_20240728_082805
2024/07/28 09:42:32 - mmengine - INFO - Epoch(train) [114][ 50/102]  base_lr: 2.0000e-02 lr: 1.2608e-02  eta: 1:50:49  time: 0.3581  data_time: 0.0108  memory: 18600  grad_norm: 70.9091  loss: 194.3934  loss_cls: 54.1536  loss_bbox: 81.4835  loss_dfl: 58.7563
2024/07/28 09:42:48 - mmengine - INFO - Epoch(train) [114][100/102]  base_lr: 2.0000e-02 lr: 1.2608e-02  eta: 1:50:31  time: 0.3358  data_time: 0.0010  memory: 15260  grad_norm: 70.9616  loss: 191.5932  loss_cls: 53.5793  loss_bbox: 79.4893  loss_dfl: 58.5246
2024/07/28 09:42:49 - mmengine - INFO - Exp name: remdet_x-300e_coco_20240728_082805
2024/07/28 09:43:07 - mmengine - INFO - Epoch(train) [115][ 50/102]  base_lr: 2.0000e-02 lr: 1.2542e-02  eta: 1:50:13  time: 0.3573  data_time: 0.0145  memory: 15067  grad_norm: 68.1091  loss: 188.9829  loss_cls: 52.2981  loss_bbox: 77.7538  loss_dfl: 58.9310
2024/07/28 09:43:24 - mmengine - INFO - Epoch(train) [115][100/102]  base_lr: 2.0000e-02 lr: 1.2542e-02  eta: 1:49:55  time: 0.3373  data_time: 0.0010  memory: 14693  grad_norm: 68.4591  loss: 190.3484  loss_cls: 53.1567  loss_bbox: 78.7070  loss_dfl: 58.4847
2024/07/28 09:43:24 - mmengine - INFO - Exp name: remdet_x-300e_coco_20240728_082805
2024/07/28 09:43:42 - mmengine - INFO - Epoch(train) [116][ 50/102]  base_lr: 2.0000e-02 lr: 1.2476e-02  eta: 1:49:37  time: 0.3589  data_time: 0.0122  memory: 15173  grad_norm: 70.5288  loss: 195.4611  loss_cls: 55.2648  loss_bbox: 81.3459  loss_dfl: 58.8503
2024/07/28 09:43:59 - mmengine - INFO - Epoch(train) [116][100/102]  base_lr: 2.0000e-02 lr: 1.2476e-02  eta: 1:49:19  time: 0.3480  data_time: 0.0010  memory: 15787  grad_norm: 70.4210  loss: 193.9549  loss_cls: 54.3753  loss_bbox: 80.1095  loss_dfl: 59.4701
2024/07/28 09:44:00 - mmengine - INFO - Exp name: remdet_x-300e_coco_20240728_082805
2024/07/28 09:44:18 - mmengine - INFO - Epoch(train) [117][ 50/102]  base_lr: 2.0000e-02 lr: 1.2410e-02  eta: 1:49:02  time: 0.3648  data_time: 0.0134  memory: 14780  grad_norm: 70.5599  loss: 193.0151  loss_cls: 53.5716  loss_bbox: 80.3387  loss_dfl: 59.1048
2024/07/28 09:44:35 - mmengine - INFO - Epoch(train) [117][100/102]  base_lr: 2.0000e-02 lr: 1.2410e-02  eta: 1:48:44  time: 0.3414  data_time: 0.0010  memory: 14800  grad_norm: 70.7095  loss: 191.6842  loss_cls: 52.8392  loss_bbox: 79.6208  loss_dfl: 59.2242
2024/07/28 09:44:36 - mmengine - INFO - Exp name: remdet_x-300e_coco_20240728_082805
2024/07/28 09:44:54 - mmengine - INFO - Epoch(train) [118][ 50/102]  base_lr: 2.0000e-02 lr: 1.2344e-02  eta: 1:48:27  time: 0.3634  data_time: 0.0159  memory: 15233  grad_norm: 69.6064  loss: 192.2776  loss_cls: 53.3370  loss_bbox: 79.8871  loss_dfl: 59.0535
2024/07/28 09:44:59 - mmengine - INFO - Exp name: remdet_x-300e_coco_20240728_082805
2024/07/28 09:45:11 - mmengine - INFO - Epoch(train) [118][100/102]  base_lr: 2.0000e-02 lr: 1.2344e-02  eta: 1:48:08  time: 0.3380  data_time: 0.0010  memory: 14600  grad_norm: 67.8079  loss: 194.6283  loss_cls: 54.8147  loss_bbox: 80.4933  loss_dfl: 59.3204
2024/07/28 09:45:11 - mmengine - INFO - Exp name: remdet_x-300e_coco_20240728_082805
2024/07/28 09:45:29 - mmengine - INFO - Epoch(train) [119][ 50/102]  base_lr: 2.0000e-02 lr: 1.2278e-02  eta: 1:47:50  time: 0.3554  data_time: 0.0138  memory: 15360  grad_norm: 70.7129  loss: 191.5724  loss_cls: 53.1392  loss_bbox: 79.4207  loss_dfl: 59.0124
2024/07/28 09:45:46 - mmengine - INFO - Epoch(train) [119][100/102]  base_lr: 2.0000e-02 lr: 1.2278e-02  eta: 1:47:32  time: 0.3381  data_time: 0.0010  memory: 15440  grad_norm: 69.0794  loss: 192.4939  loss_cls: 53.8299  loss_bbox: 79.9238  loss_dfl: 58.7402
2024/07/28 09:45:47 - mmengine - INFO - Exp name: remdet_x-300e_coco_20240728_082805
2024/07/28 09:46:04 - mmengine - INFO - Epoch(train) [120][ 50/102]  base_lr: 2.0000e-02 lr: 1.2212e-02  eta: 1:47:14  time: 0.3555  data_time: 0.0112  memory: 14453  grad_norm: 68.9322  loss: 189.0244  loss_cls: 51.7503  loss_bbox: 78.5889  loss_dfl: 58.6852
2024/07/28 09:46:21 - mmengine - INFO - Epoch(train) [120][100/102]  base_lr: 2.0000e-02 lr: 1.2212e-02  eta: 1:46:56  time: 0.3387  data_time: 0.0010  memory: 14580  grad_norm: 71.8098  loss: 187.9289  loss_cls: 51.6135  loss_bbox: 77.7474  loss_dfl: 58.5681
2024/07/28 09:46:22 - mmengine - INFO - Exp name: remdet_x-300e_coco_20240728_082805
2024/07/28 09:46:22 - mmengine - INFO - Saving checkpoint at 120 epochs
2024/07/28 09:46:28 - mmengine - INFO - Evaluating bbox...
2024/07/28 09:46:52 - mmengine - INFO - bbox_mAP_copypaste: 0.285 0.466 0.291 0.176 0.429 0.538
2024/07/28 09:46:52 - mmengine - INFO - Epoch(val) [120][9/9]    coco/bbox_mAP: 0.2850  coco/bbox_mAP_50: 0.4660  coco/bbox_mAP_75: 0.2910  coco/bbox_mAP_s: 0.1760  coco/bbox_mAP_m: 0.4290  coco/bbox_mAP_l: 0.5380  data_time: 0.0171  time: 0.1189
2024/07/28 09:46:52 - mmengine - INFO - The previous best checkpoint /mnt/exam_log/0723_remdet/remdet_series/visdrone/remdet_x/best_coco_bbox_mAP_epoch_110.pth is removed
2024/07/28 09:46:55 - mmengine - INFO - The best checkpoint with 0.2850 coco/bbox_mAP at 120 epoch is saved to best_coco_bbox_mAP_epoch_120.pth.
2024/07/28 09:47:16 - mmengine - INFO - Epoch(train) [121][ 50/102]  base_lr: 2.0000e-02 lr: 1.2146e-02  eta: 1:46:37  time: 0.3517  data_time: 0.0108  memory: 15153  grad_norm: 70.0901  loss: 188.7808  loss_cls: 52.0948  loss_bbox: 78.1773  loss_dfl: 58.5087
2024/07/28 09:47:33 - mmengine - INFO - Epoch(train) [121][100/102]  base_lr: 2.0000e-02 lr: 1.2146e-02  eta: 1:46:19  time: 0.3401  data_time: 0.0010  memory: 15380  grad_norm: 71.5275  loss: 189.8192  loss_cls: 52.9387  loss_bbox: 78.1852  loss_dfl: 58.6953
2024/07/28 09:47:33 - mmengine - INFO - Exp name: remdet_x-300e_coco_20240728_082805
2024/07/28 09:47:51 - mmengine - INFO - Epoch(train) [122][ 50/102]  base_lr: 2.0000e-02 lr: 1.2080e-02  eta: 1:46:01  time: 0.3577  data_time: 0.0110  memory: 15527  grad_norm: 71.6037  loss: 192.4961  loss_cls: 53.1386  loss_bbox: 80.8031  loss_dfl: 58.5544
2024/07/28 09:48:08 - mmengine - INFO - Epoch(train) [122][100/102]  base_lr: 2.0000e-02 lr: 1.2080e-02  eta: 1:45:43  time: 0.3368  data_time: 0.0010  memory: 14520  grad_norm: 71.3024  loss: 192.2157  loss_cls: 53.1822  loss_bbox: 79.8254  loss_dfl: 59.2081
2024/07/28 09:48:08 - mmengine - INFO - Exp name: remdet_x-300e_coco_20240728_082805
2024/07/28 09:48:26 - mmengine - INFO - Epoch(train) [123][ 50/102]  base_lr: 2.0000e-02 lr: 1.2014e-02  eta: 1:45:25  time: 0.3557  data_time: 0.0110  memory: 15800  grad_norm: 72.4127  loss: 187.9031  loss_cls: 52.1103  loss_bbox: 77.4823  loss_dfl: 58.3106
2024/07/28 09:48:43 - mmengine - INFO - Epoch(train) [123][100/102]  base_lr: 2.0000e-02 lr: 1.2014e-02  eta: 1:45:06  time: 0.3382  data_time: 0.0010  memory: 14707  grad_norm: 71.9111  loss: 188.4962  loss_cls: 52.2192  loss_bbox: 78.1693  loss_dfl: 58.1077
2024/07/28 09:48:43 - mmengine - INFO - Exp name: remdet_x-300e_coco_20240728_082805
2024/07/28 09:49:01 - mmengine - INFO - Epoch(train) [124][ 50/102]  base_lr: 2.0000e-02 lr: 1.1948e-02  eta: 1:44:48  time: 0.3553  data_time: 0.0119  memory: 14987  grad_norm: 70.6373  loss: 188.5191  loss_cls: 51.6040  loss_bbox: 78.3287  loss_dfl: 58.5864
2024/07/28 09:49:18 - mmengine - INFO - Epoch(train) [124][100/102]  base_lr: 2.0000e-02 lr: 1.1948e-02  eta: 1:44:30  time: 0.3391  data_time: 0.0010  memory: 14747  grad_norm: 71.4155  loss: 189.7895  loss_cls: 52.4444  loss_bbox: 78.6874  loss_dfl: 58.6577
2024/07/28 09:49:19 - mmengine - INFO - Exp name: remdet_x-300e_coco_20240728_082805
2024/07/28 09:49:37 - mmengine - INFO - Epoch(train) [125][ 50/102]  base_lr: 2.0000e-02 lr: 1.1882e-02  eta: 1:44:12  time: 0.3577  data_time: 0.0106  memory: 14867  grad_norm: 72.4575  loss: 191.9754  loss_cls: 53.7827  loss_bbox: 79.8005  loss_dfl: 58.3921
2024/07/28 09:49:53 - mmengine - INFO - Epoch(train) [125][100/102]  base_lr: 2.0000e-02 lr: 1.1882e-02  eta: 1:43:54  time: 0.3373  data_time: 0.0010  memory: 14447  grad_norm: 71.1010  loss: 189.1034  loss_cls: 52.5555  loss_bbox: 78.0244  loss_dfl: 58.5235
2024/07/28 09:49:54 - mmengine - INFO - Exp name: remdet_x-300e_coco_20240728_082805
2024/07/28 09:50:12 - mmengine - INFO - Epoch(train) [126][ 50/102]  base_lr: 2.0000e-02 lr: 1.1816e-02  eta: 1:43:36  time: 0.3551  data_time: 0.0117  memory: 14933  grad_norm: 70.8364  loss: 193.2834  loss_cls: 54.0741  loss_bbox: 80.2108  loss_dfl: 58.9985
2024/07/28 09:50:29 - mmengine - INFO - Epoch(train) [126][100/102]  base_lr: 2.0000e-02 lr: 1.1816e-02  eta: 1:43:18  time: 0.3369  data_time: 0.0010  memory: 15367  grad_norm: 71.0974  loss: 190.3154  loss_cls: 51.9832  loss_bbox: 79.1339  loss_dfl: 59.1982
2024/07/28 09:50:29 - mmengine - INFO - Exp name: remdet_x-300e_coco_20240728_082805
2024/07/28 09:50:47 - mmengine - INFO - Epoch(train) [127][ 50/102]  base_lr: 2.0000e-02 lr: 1.1750e-02  eta: 1:43:00  time: 0.3573  data_time: 0.0119  memory: 14527  grad_norm: 72.0078  loss: 191.1433  loss_cls: 52.4923  loss_bbox: 79.2382  loss_dfl: 59.4129
2024/07/28 09:51:04 - mmengine - INFO - Epoch(train) [127][100/102]  base_lr: 2.0000e-02 lr: 1.1750e-02  eta: 1:42:42  time: 0.3422  data_time: 0.0010  memory: 15847  grad_norm: 70.9431  loss: 188.0211  loss_cls: 51.7064  loss_bbox: 78.1510  loss_dfl: 58.1637
2024/07/28 09:51:04 - mmengine - INFO - Exp name: remdet_x-300e_coco_20240728_082805
2024/07/28 09:51:21 - mmengine - INFO - Exp name: remdet_x-300e_coco_20240728_082805
2024/07/28 09:51:22 - mmengine - INFO - Epoch(train) [128][ 50/102]  base_lr: 2.0000e-02 lr: 1.1684e-02  eta: 1:42:24  time: 0.3572  data_time: 0.0124  memory: 15253  grad_norm: 71.8729  loss: 192.4227  loss_cls: 53.5511  loss_bbox: 80.0544  loss_dfl: 58.8172
2024/07/28 09:51:39 - mmengine - INFO - Epoch(train) [128][100/102]  base_lr: 2.0000e-02 lr: 1.1684e-02  eta: 1:42:06  time: 0.3372  data_time: 0.0010  memory: 14753  grad_norm: 73.4158  loss: 192.1504  loss_cls: 52.9383  loss_bbox: 80.1961  loss_dfl: 59.0160
2024/07/28 09:51:40 - mmengine - INFO - Exp name: remdet_x-300e_coco_20240728_082805
2024/07/28 09:51:58 - mmengine - INFO - Epoch(train) [129][ 50/102]  base_lr: 2.0000e-02 lr: 1.1618e-02  eta: 1:41:48  time: 0.3588  data_time: 0.0124  memory: 14467  grad_norm: 69.9733  loss: 188.7933  loss_cls: 52.2365  loss_bbox: 78.0174  loss_dfl: 58.5394
2024/07/28 09:52:15 - mmengine - INFO - Epoch(train) [129][100/102]  base_lr: 2.0000e-02 lr: 1.1618e-02  eta: 1:41:30  time: 0.3377  data_time: 0.0010  memory: 14360  grad_norm: 71.5855  loss: 188.0917  loss_cls: 51.6205  loss_bbox: 77.6483  loss_dfl: 58.8228
2024/07/28 09:52:15 - mmengine - INFO - Exp name: remdet_x-300e_coco_20240728_082805
2024/07/28 09:52:33 - mmengine - INFO - Epoch(train) [130][ 50/102]  base_lr: 2.0000e-02 lr: 1.1552e-02  eta: 1:41:12  time: 0.3572  data_time: 0.0154  memory: 14940  grad_norm: 74.1539  loss: 192.4431  loss_cls: 53.9891  loss_bbox: 80.1499  loss_dfl: 58.3041
2024/07/28 09:52:50 - mmengine - INFO - Epoch(train) [130][100/102]  base_lr: 2.0000e-02 lr: 1.1552e-02  eta: 1:40:53  time: 0.3353  data_time: 0.0010  memory: 15287  grad_norm: 73.4413  loss: 191.0661  loss_cls: 52.5623  loss_bbox: 79.8145  loss_dfl: 58.6893
2024/07/28 09:52:50 - mmengine - INFO - Exp name: remdet_x-300e_coco_20240728_082805
2024/07/28 09:52:50 - mmengine - INFO - Saving checkpoint at 130 epochs
2024/07/28 09:52:56 - mmengine - INFO - Evaluating bbox...
2024/07/28 09:53:21 - mmengine - INFO - bbox_mAP_copypaste: 0.286 0.467 0.294 0.179 0.429 0.519
2024/07/28 09:53:21 - mmengine - INFO - Epoch(val) [130][9/9]    coco/bbox_mAP: 0.2860  coco/bbox_mAP_50: 0.4670  coco/bbox_mAP_75: 0.2940  coco/bbox_mAP_s: 0.1790  coco/bbox_mAP_m: 0.4290  coco/bbox_mAP_l: 0.5190  data_time: 0.0236  time: 0.1250
2024/07/28 09:53:21 - mmengine - INFO - The previous best checkpoint /mnt/exam_log/0723_remdet/remdet_series/visdrone/remdet_x/best_coco_bbox_mAP_epoch_120.pth is removed
2024/07/28 09:53:23 - mmengine - INFO - The best checkpoint with 0.2860 coco/bbox_mAP at 130 epoch is saved to best_coco_bbox_mAP_epoch_130.pth.
2024/07/28 09:53:45 - mmengine - INFO - Epoch(train) [131][ 50/102]  base_lr: 2.0000e-02 lr: 1.1486e-02  eta: 1:40:36  time: 0.3706  data_time: 0.0120  memory: 14827  grad_norm: 71.8393  loss: 188.3060  loss_cls: 51.9925  loss_bbox: 77.3543  loss_dfl: 58.9591
2024/07/28 09:54:02 - mmengine - INFO - Epoch(train) [131][100/102]  base_lr: 2.0000e-02 lr: 1.1486e-02  eta: 1:40:18  time: 0.3422  data_time: 0.0010  memory: 14540  grad_norm: 76.0391  loss: 188.9921  loss_cls: 52.1901  loss_bbox: 78.0860  loss_dfl: 58.7160
2024/07/28 09:54:03 - mmengine - INFO - Exp name: remdet_x-300e_coco_20240728_082805
2024/07/28 09:54:21 - mmengine - INFO - Epoch(train) [132][ 50/102]  base_lr: 2.0000e-02 lr: 1.1420e-02  eta: 1:40:01  time: 0.3613  data_time: 0.0186  memory: 15053  grad_norm: 71.9327  loss: 189.9708  loss_cls: 52.3160  loss_bbox: 79.3490  loss_dfl: 58.3058
2024/07/28 09:54:38 - mmengine - INFO - Epoch(train) [132][100/102]  base_lr: 2.0000e-02 lr: 1.1420e-02  eta: 1:39:43  time: 0.3388  data_time: 0.0010  memory: 14400  grad_norm: 73.3038  loss: 188.5233  loss_cls: 51.6521  loss_bbox: 78.1683  loss_dfl: 58.7029
2024/07/28 09:54:38 - mmengine - INFO - Exp name: remdet_x-300e_coco_20240728_082805
2024/07/28 09:54:57 - mmengine - INFO - Epoch(train) [133][ 50/102]  base_lr: 2.0000e-02 lr: 1.1354e-02  eta: 1:39:25  time: 0.3626  data_time: 0.0114  memory: 14560  grad_norm: 72.0066  loss: 188.1875  loss_cls: 50.9590  loss_bbox: 78.7085  loss_dfl: 58.5200
2024/07/28 09:55:13 - mmengine - INFO - Epoch(train) [133][100/102]  base_lr: 2.0000e-02 lr: 1.1354e-02  eta: 1:39:07  time: 0.3369  data_time: 0.0010  memory: 14853  grad_norm: 74.8777  loss: 192.0194  loss_cls: 53.5166  loss_bbox: 79.6626  loss_dfl: 58.8401
2024/07/28 09:55:14 - mmengine - INFO - Exp name: remdet_x-300e_coco_20240728_082805
2024/07/28 09:55:32 - mmengine - INFO - Epoch(train) [134][ 50/102]  base_lr: 2.0000e-02 lr: 1.1288e-02  eta: 1:38:49  time: 0.3555  data_time: 0.0123  memory: 14573  grad_norm: 73.3903  loss: 189.9802  loss_cls: 52.6038  loss_bbox: 78.6403  loss_dfl: 58.7361
2024/07/28 09:55:48 - mmengine - INFO - Epoch(train) [134][100/102]  base_lr: 2.0000e-02 lr: 1.1288e-02  eta: 1:38:31  time: 0.3362  data_time: 0.0010  memory: 14953  grad_norm: 73.2100  loss: 188.2876  loss_cls: 51.6805  loss_bbox: 77.9868  loss_dfl: 58.6203
2024/07/28 09:55:49 - mmengine - INFO - Exp name: remdet_x-300e_coco_20240728_082805
2024/07/28 09:56:07 - mmengine - INFO - Epoch(train) [135][ 50/102]  base_lr: 2.0000e-02 lr: 1.1222e-02  eta: 1:38:13  time: 0.3558  data_time: 0.0119  memory: 14460  grad_norm: 73.5842  loss: 185.6861  loss_cls: 51.0019  loss_bbox: 76.4864  loss_dfl: 58.1979
2024/07/28 09:56:24 - mmengine - INFO - Epoch(train) [135][100/102]  base_lr: 2.0000e-02 lr: 1.1222e-02  eta: 1:37:55  time: 0.3374  data_time: 0.0010  memory: 15107  grad_norm: 73.4247  loss: 188.7078  loss_cls: 51.9006  loss_bbox: 78.6960  loss_dfl: 58.1112
2024/07/28 09:56:24 - mmengine - INFO - Exp name: remdet_x-300e_coco_20240728_082805
2024/07/28 09:56:42 - mmengine - INFO - Epoch(train) [136][ 50/102]  base_lr: 2.0000e-02 lr: 1.1156e-02  eta: 1:37:37  time: 0.3563  data_time: 0.0127  memory: 14567  grad_norm: 73.2173  loss: 189.2581  loss_cls: 52.2930  loss_bbox: 77.7058  loss_dfl: 59.2593
2024/07/28 09:56:59 - mmengine - INFO - Epoch(train) [136][100/102]  base_lr: 2.0000e-02 lr: 1.1156e-02  eta: 1:37:19  time: 0.3389  data_time: 0.0010  memory: 14673  grad_norm: 70.9471  loss: 189.8319  loss_cls: 51.7586  loss_bbox: 79.1888  loss_dfl: 58.8845
2024/07/28 09:56:59 - mmengine - INFO - Exp name: remdet_x-300e_coco_20240728_082805
2024/07/28 09:57:17 - mmengine - INFO - Epoch(train) [137][ 50/102]  base_lr: 2.0000e-02 lr: 1.1090e-02  eta: 1:37:01  time: 0.3570  data_time: 0.0112  memory: 16340  grad_norm: 73.4668  loss: 187.8528  loss_cls: 51.2637  loss_bbox: 78.1633  loss_dfl: 58.4258
2024/07/28 09:57:34 - mmengine - INFO - Epoch(train) [137][100/102]  base_lr: 2.0000e-02 lr: 1.1090e-02  eta: 1:36:43  time: 0.3365  data_time: 0.0010  memory: 14680  grad_norm: 74.5062  loss: 187.5130  loss_cls: 51.4359  loss_bbox: 77.8872  loss_dfl: 58.1899
2024/07/28 09:57:34 - mmengine - INFO - Exp name: remdet_x-300e_coco_20240728_082805
2024/07/28 09:57:44 - mmengine - INFO - Exp name: remdet_x-300e_coco_20240728_082805
2024/07/28 09:57:53 - mmengine - INFO - Epoch(train) [138][ 50/102]  base_lr: 2.0000e-02 lr: 1.1024e-02  eta: 1:36:25  time: 0.3619  data_time: 0.0140  memory: 14660  grad_norm: 73.6731  loss: 190.4032  loss_cls: 52.0203  loss_bbox: 79.4838  loss_dfl: 58.8991
2024/07/28 09:58:09 - mmengine - INFO - Epoch(train) [138][100/102]  base_lr: 2.0000e-02 lr: 1.1024e-02  eta: 1:36:07  time: 0.3372  data_time: 0.0010  memory: 14707  grad_norm: 73.4752  loss: 186.8129  loss_cls: 51.1691  loss_bbox: 77.2800  loss_dfl: 58.3638
2024/07/28 09:58:10 - mmengine - INFO - Exp name: remdet_x-300e_coco_20240728_082805
2024/07/28 09:58:28 - mmengine - INFO - Epoch(train) [139][ 50/102]  base_lr: 2.0000e-02 lr: 1.0958e-02  eta: 1:35:49  time: 0.3600  data_time: 0.0127  memory: 15000  grad_norm: 74.8093  loss: 189.8060  loss_cls: 52.0670  loss_bbox: 79.4207  loss_dfl: 58.3183
2024/07/28 09:58:45 - mmengine - INFO - Epoch(train) [139][100/102]  base_lr: 2.0000e-02 lr: 1.0958e-02  eta: 1:35:31  time: 0.3392  data_time: 0.0010  memory: 14733  grad_norm: 74.0845  loss: 185.7585  loss_cls: 50.7045  loss_bbox: 77.2160  loss_dfl: 57.8380
2024/07/28 09:58:45 - mmengine - INFO - Exp name: remdet_x-300e_coco_20240728_082805
2024/07/28 09:59:04 - mmengine - INFO - Epoch(train) [140][ 50/102]  base_lr: 2.0000e-02 lr: 1.0892e-02  eta: 1:35:13  time: 0.3627  data_time: 0.0121  memory: 15600  grad_norm: 75.0398  loss: 189.9345  loss_cls: 52.2838  loss_bbox: 79.0857  loss_dfl: 58.5650
2024/07/28 09:59:21 - mmengine - INFO - Epoch(train) [140][100/102]  base_lr: 2.0000e-02 lr: 1.0892e-02  eta: 1:34:56  time: 0.3442  data_time: 0.0010  memory: 14980  grad_norm: 75.1020  loss: 186.8458  loss_cls: 50.2979  loss_bbox: 78.3889  loss_dfl: 58.1590
2024/07/28 09:59:21 - mmengine - INFO - Exp name: remdet_x-300e_coco_20240728_082805
2024/07/28 09:59:21 - mmengine - INFO - Saving checkpoint at 140 epochs
2024/07/28 09:59:27 - mmengine - INFO - Evaluating bbox...
2024/07/28 09:59:52 - mmengine - INFO - bbox_mAP_copypaste: 0.290 0.473 0.298 0.183 0.433 0.540
2024/07/28 09:59:52 - mmengine - INFO - Epoch(val) [140][9/9]    coco/bbox_mAP: 0.2900  coco/bbox_mAP_50: 0.4730  coco/bbox_mAP_75: 0.2980  coco/bbox_mAP_s: 0.1830  coco/bbox_mAP_m: 0.4330  coco/bbox_mAP_l: 0.5400  data_time: 0.0274  time: 0.1274
2024/07/28 09:59:52 - mmengine - INFO - The previous best checkpoint /mnt/exam_log/0723_remdet/remdet_series/visdrone/remdet_x/best_coco_bbox_mAP_epoch_130.pth is removed
2024/07/28 09:59:54 - mmengine - INFO - The best checkpoint with 0.2900 coco/bbox_mAP at 140 epoch is saved to best_coco_bbox_mAP_epoch_140.pth.
2024/07/28 10:00:15 - mmengine - INFO - Epoch(train) [141][ 50/102]  base_lr: 2.0000e-02 lr: 1.0826e-02  eta: 1:34:37  time: 0.3520  data_time: 0.0124  memory: 16033  grad_norm: 75.3500  loss: 187.8139  loss_cls: 51.0101  loss_bbox: 77.9922  loss_dfl: 58.8116
2024/07/28 10:00:32 - mmengine - INFO - Epoch(train) [141][100/102]  base_lr: 2.0000e-02 lr: 1.0826e-02  eta: 1:34:19  time: 0.3388  data_time: 0.0011  memory: 14700  grad_norm: 75.0867  loss: 190.2631  loss_cls: 52.3287  loss_bbox: 79.4386  loss_dfl: 58.4959
2024/07/28 10:00:32 - mmengine - INFO - Exp name: remdet_x-300e_coco_20240728_082805
2024/07/28 10:00:50 - mmengine - INFO - Epoch(train) [142][ 50/102]  base_lr: 2.0000e-02 lr: 1.0760e-02  eta: 1:34:01  time: 0.3572  data_time: 0.0093  memory: 14973  grad_norm: 74.5689  loss: 189.8205  loss_cls: 51.8812  loss_bbox: 79.2536  loss_dfl: 58.6857
2024/07/28 10:01:07 - mmengine - INFO - Epoch(train) [142][100/102]  base_lr: 2.0000e-02 lr: 1.0760e-02  eta: 1:33:43  time: 0.3372  data_time: 0.0010  memory: 14393  grad_norm: 75.6896  loss: 189.9256  loss_cls: 51.5391  loss_bbox: 79.1775  loss_dfl: 59.2090
2024/07/28 10:01:07 - mmengine - INFO - Exp name: remdet_x-300e_coco_20240728_082805
2024/07/28 10:01:25 - mmengine - INFO - Epoch(train) [143][ 50/102]  base_lr: 2.0000e-02 lr: 1.0694e-02  eta: 1:33:25  time: 0.3556  data_time: 0.0102  memory: 14867  grad_norm: 73.7222  loss: 192.4931  loss_cls: 52.4166  loss_bbox: 81.0221  loss_dfl: 59.0544
2024/07/28 10:01:42 - mmengine - INFO - Epoch(train) [143][100/102]  base_lr: 2.0000e-02 lr: 1.0694e-02  eta: 1:33:07  time: 0.3379  data_time: 0.0010  memory: 14993  grad_norm: 74.4286  loss: 184.9460  loss_cls: 49.8171  loss_bbox: 76.5858  loss_dfl: 58.5431
2024/07/28 10:01:42 - mmengine - INFO - Exp name: remdet_x-300e_coco_20240728_082805
2024/07/28 10:02:00 - mmengine - INFO - Epoch(train) [144][ 50/102]  base_lr: 2.0000e-02 lr: 1.0628e-02  eta: 1:32:49  time: 0.3575  data_time: 0.0146  memory: 16540  grad_norm: 75.1224  loss: 186.9981  loss_cls: 50.7313  loss_bbox: 77.8701  loss_dfl: 58.3967
2024/07/28 10:02:17 - mmengine - INFO - Epoch(train) [144][100/102]  base_lr: 2.0000e-02 lr: 1.0628e-02  eta: 1:32:31  time: 0.3401  data_time: 0.0010  memory: 14900  grad_norm: 73.8688  loss: 184.0910  loss_cls: 49.8473  loss_bbox: 76.4163  loss_dfl: 57.8274
2024/07/28 10:02:18 - mmengine - INFO - Exp name: remdet_x-300e_coco_20240728_082805
2024/07/28 10:02:36 - mmengine - INFO - Epoch(train) [145][ 50/102]  base_lr: 2.0000e-02 lr: 1.0562e-02  eta: 1:32:14  time: 0.3578  data_time: 0.0127  memory: 17260  grad_norm: 74.3803  loss: 190.9306  loss_cls: 52.2545  loss_bbox: 79.4774  loss_dfl: 59.1987
2024/07/28 10:02:54 - mmengine - INFO - Epoch(train) [145][100/102]  base_lr: 2.0000e-02 lr: 1.0562e-02  eta: 1:31:57  time: 0.3618  data_time: 0.0010  memory: 15193  grad_norm: 75.7287  loss: 190.0882  loss_cls: 51.5740  loss_bbox: 79.7004  loss_dfl: 58.8138
2024/07/28 10:02:54 - mmengine - INFO - Exp name: remdet_x-300e_coco_20240728_082805
2024/07/28 10:03:13 - mmengine - INFO - Epoch(train) [146][ 50/102]  base_lr: 2.0000e-02 lr: 1.0496e-02  eta: 1:31:39  time: 0.3670  data_time: 0.0124  memory: 15007  grad_norm: 74.6783  loss: 185.5968  loss_cls: 49.8907  loss_bbox: 77.0445  loss_dfl: 58.6616
2024/07/28 10:03:30 - mmengine - INFO - Epoch(train) [146][100/102]  base_lr: 2.0000e-02 lr: 1.0496e-02  eta: 1:31:21  time: 0.3400  data_time: 0.0010  memory: 14740  grad_norm: 75.0447  loss: 184.2084  loss_cls: 49.6305  loss_bbox: 76.4117  loss_dfl: 58.1662
2024/07/28 10:03:30 - mmengine - INFO - Exp name: remdet_x-300e_coco_20240728_082805
2024/07/28 10:03:48 - mmengine - INFO - Epoch(train) [147][ 50/102]  base_lr: 2.0000e-02 lr: 1.0430e-02  eta: 1:31:04  time: 0.3569  data_time: 0.0108  memory: 15087  grad_norm: 77.1630  loss: 188.8476  loss_cls: 51.3564  loss_bbox: 78.6717  loss_dfl: 58.8194
2024/07/28 10:04:05 - mmengine - INFO - Epoch(train) [147][100/102]  base_lr: 2.0000e-02 lr: 1.0430e-02  eta: 1:30:46  time: 0.3436  data_time: 0.0010  memory: 16700  grad_norm: 76.4159  loss: 184.4657  loss_cls: 49.3586  loss_bbox: 76.4825  loss_dfl: 58.6246
2024/07/28 10:04:06 - mmengine - INFO - Exp name: remdet_x-300e_coco_20240728_082805
2024/07/28 10:04:08 - mmengine - INFO - Exp name: remdet_x-300e_coco_20240728_082805
2024/07/28 10:04:23 - mmengine - INFO - Epoch(train) [148][ 50/102]  base_lr: 2.0000e-02 lr: 1.0364e-02  eta: 1:30:28  time: 0.3570  data_time: 0.0153  memory: 15093  grad_norm: 75.7011  loss: 189.2490  loss_cls: 52.0837  loss_bbox: 78.5732  loss_dfl: 58.5921
2024/07/28 10:04:40 - mmengine - INFO - Epoch(train) [148][100/102]  base_lr: 2.0000e-02 lr: 1.0364e-02  eta: 1:30:10  time: 0.3399  data_time: 0.0010  memory: 14620  grad_norm: 74.8453  loss: 185.5380  loss_cls: 49.9801  loss_bbox: 77.1628  loss_dfl: 58.3951
2024/07/28 10:04:41 - mmengine - INFO - Exp name: remdet_x-300e_coco_20240728_082805
2024/07/28 10:04:59 - mmengine - INFO - Epoch(train) [149][ 50/102]  base_lr: 2.0000e-02 lr: 1.0298e-02  eta: 1:29:52  time: 0.3547  data_time: 0.0123  memory: 14420  grad_norm: 75.5515  loss: 185.6761  loss_cls: 50.0259  loss_bbox: 76.7227  loss_dfl: 58.9274
2024/07/28 10:05:16 - mmengine - INFO - Epoch(train) [149][100/102]  base_lr: 2.0000e-02 lr: 1.0298e-02  eta: 1:29:34  time: 0.3373  data_time: 0.0010  memory: 15060  grad_norm: 77.9591  loss: 186.6355  loss_cls: 50.5919  loss_bbox: 77.1898  loss_dfl: 58.8539
2024/07/28 10:05:16 - mmengine - INFO - Exp name: remdet_x-300e_coco_20240728_082805
2024/07/28 10:05:34 - mmengine - INFO - Epoch(train) [150][ 50/102]  base_lr: 2.0000e-02 lr: 1.0232e-02  eta: 1:29:16  time: 0.3565  data_time: 0.0110  memory: 14367  grad_norm: 76.4682  loss: 187.7536  loss_cls: 51.3992  loss_bbox: 77.5069  loss_dfl: 58.8475
2024/07/28 10:05:51 - mmengine - INFO - Epoch(train) [150][100/102]  base_lr: 2.0000e-02 lr: 1.0232e-02  eta: 1:28:58  time: 0.3373  data_time: 0.0010  memory: 14713  grad_norm: 76.2860  loss: 185.2085  loss_cls: 49.9958  loss_bbox: 76.7789  loss_dfl: 58.4338
2024/07/28 10:05:51 - mmengine - INFO - Exp name: remdet_x-300e_coco_20240728_082805
2024/07/28 10:05:51 - mmengine - INFO - Saving checkpoint at 150 epochs
2024/07/28 10:05:57 - mmengine - INFO - Evaluating bbox...
2024/07/28 10:06:22 - mmengine - INFO - bbox_mAP_copypaste: 0.292 0.473 0.301 0.185 0.435 0.554
2024/07/28 10:06:22 - mmengine - INFO - Epoch(val) [150][9/9]    coco/bbox_mAP: 0.2920  coco/bbox_mAP_50: 0.4730  coco/bbox_mAP_75: 0.3010  coco/bbox_mAP_s: 0.1850  coco/bbox_mAP_m: 0.4350  coco/bbox_mAP_l: 0.5540  data_time: 0.0220  time: 0.1232
2024/07/28 10:06:22 - mmengine - INFO - The previous best checkpoint /mnt/exam_log/0723_remdet/remdet_series/visdrone/remdet_x/best_coco_bbox_mAP_epoch_140.pth is removed
2024/07/28 10:06:24 - mmengine - INFO - The best checkpoint with 0.2920 coco/bbox_mAP at 150 epoch is saved to best_coco_bbox_mAP_epoch_150.pth.
2024/07/28 10:06:45 - mmengine - INFO - Epoch(train) [151][ 50/102]  base_lr: 2.0000e-02 lr: 1.0166e-02  eta: 1:28:40  time: 0.3510  data_time: 0.0124  memory: 14740  grad_norm: 78.4268  loss: 186.1653  loss_cls: 49.9080  loss_bbox: 77.4141  loss_dfl: 58.8432
2024/07/28 10:07:02 - mmengine - INFO - Epoch(train) [151][100/102]  base_lr: 2.0000e-02 lr: 1.0166e-02  eta: 1:28:22  time: 0.3375  data_time: 0.0010  memory: 15000  grad_norm: 76.1825  loss: 184.0837  loss_cls: 49.2785  loss_bbox: 76.2073  loss_dfl: 58.5978
2024/07/28 10:07:02 - mmengine - INFO - Exp name: remdet_x-300e_coco_20240728_082805
2024/07/28 10:07:20 - mmengine - INFO - Epoch(train) [152][ 50/102]  base_lr: 2.0000e-02 lr: 1.0100e-02  eta: 1:28:04  time: 0.3608  data_time: 0.0144  memory: 17320  grad_norm: 76.6560  loss: 186.9551  loss_cls: 50.4940  loss_bbox: 78.0674  loss_dfl: 58.3937
2024/07/28 10:07:37 - mmengine - INFO - Epoch(train) [152][100/102]  base_lr: 2.0000e-02 lr: 1.0100e-02  eta: 1:27:46  time: 0.3371  data_time: 0.0010  memory: 14447  grad_norm: 76.3253  loss: 186.9275  loss_cls: 50.7516  loss_bbox: 77.3971  loss_dfl: 58.7788
2024/07/28 10:07:38 - mmengine - INFO - Exp name: remdet_x-300e_coco_20240728_082805
2024/07/28 10:07:56 - mmengine - INFO - Epoch(train) [153][ 50/102]  base_lr: 2.0000e-02 lr: 1.0034e-02  eta: 1:27:28  time: 0.3574  data_time: 0.0115  memory: 15347  grad_norm: 76.6026  loss: 183.1374  loss_cls: 49.2701  loss_bbox: 75.8870  loss_dfl: 57.9802
2024/07/28 10:08:12 - mmengine - INFO - Epoch(train) [153][100/102]  base_lr: 2.0000e-02 lr: 1.0034e-02  eta: 1:27:10  time: 0.3364  data_time: 0.0010  memory: 16940  grad_norm: 76.3346  loss: 184.6354  loss_cls: 50.1603  loss_bbox: 76.1302  loss_dfl: 58.3450
2024/07/28 10:08:13 - mmengine - INFO - Exp name: remdet_x-300e_coco_20240728_082805
2024/07/28 10:08:31 - mmengine - INFO - Epoch(train) [154][ 50/102]  base_lr: 2.0000e-02 lr: 9.9680e-03  eta: 1:26:52  time: 0.3591  data_time: 0.0176  memory: 14673  grad_norm: 77.6641  loss: 186.0207  loss_cls: 50.3698  loss_bbox: 77.4841  loss_dfl: 58.1667
2024/07/28 10:08:48 - mmengine - INFO - Epoch(train) [154][100/102]  base_lr: 2.0000e-02 lr: 9.9680e-03  eta: 1:26:34  time: 0.3356  data_time: 0.0010  memory: 15600  grad_norm: 77.7027  loss: 184.2812  loss_cls: 49.3868  loss_bbox: 76.9829  loss_dfl: 57.9115
2024/07/28 10:08:48 - mmengine - INFO - Exp name: remdet_x-300e_coco_20240728_082805
2024/07/28 10:09:06 - mmengine - INFO - Epoch(train) [155][ 50/102]  base_lr: 2.0000e-02 lr: 9.9020e-03  eta: 1:26:16  time: 0.3589  data_time: 0.0143  memory: 15093  grad_norm: 76.2769  loss: 185.2116  loss_cls: 50.1241  loss_bbox: 76.0631  loss_dfl: 59.0244
2024/07/28 10:09:23 - mmengine - INFO - Epoch(train) [155][100/102]  base_lr: 2.0000e-02 lr: 9.9020e-03  eta: 1:25:58  time: 0.3371  data_time: 0.0010  memory: 15000  grad_norm: 78.6121  loss: 185.3263  loss_cls: 49.5965  loss_bbox: 77.0071  loss_dfl: 58.7227
2024/07/28 10:09:23 - mmengine - INFO - Exp name: remdet_x-300e_coco_20240728_082805
2024/07/28 10:09:41 - mmengine - INFO - Epoch(train) [156][ 50/102]  base_lr: 2.0000e-02 lr: 9.8360e-03  eta: 1:25:40  time: 0.3570  data_time: 0.0141  memory: 14447  grad_norm: inf  loss: 182.2035  loss_cls: 48.8504  loss_bbox: 75.1275  loss_dfl: 58.2255
2024/07/28 10:09:58 - mmengine - INFO - Epoch(train) [156][100/102]  base_lr: 2.0000e-02 lr: 9.8360e-03  eta: 1:25:22  time: 0.3377  data_time: 0.0010  memory: 14807  grad_norm: 80.5535  loss: 184.5512  loss_cls: 49.8633  loss_bbox: 76.2647  loss_dfl: 58.4231
2024/07/28 10:09:59 - mmengine - INFO - Exp name: remdet_x-300e_coco_20240728_082805
2024/07/28 10:10:16 - mmengine - INFO - Epoch(train) [157][ 50/102]  base_lr: 2.0000e-02 lr: 9.7700e-03  eta: 1:25:04  time: 0.3559  data_time: 0.0115  memory: 15333  grad_norm: 77.0637  loss: 183.6801  loss_cls: 49.2277  loss_bbox: 76.4442  loss_dfl: 58.0082
2024/07/28 10:10:29 - mmengine - INFO - Exp name: remdet_x-300e_coco_20240728_082805
2024/07/28 10:10:33 - mmengine - INFO - Epoch(train) [157][100/102]  base_lr: 2.0000e-02 lr: 9.7700e-03  eta: 1:24:46  time: 0.3382  data_time: 0.0010  memory: 14580  grad_norm: 79.3503  loss: 187.7716  loss_cls: 50.4657  loss_bbox: 78.3033  loss_dfl: 59.0026
2024/07/28 10:10:34 - mmengine - INFO - Exp name: remdet_x-300e_coco_20240728_082805
2024/07/28 10:10:52 - mmengine - INFO - Epoch(train) [158][ 50/102]  base_lr: 2.0000e-02 lr: 9.7040e-03  eta: 1:24:28  time: 0.3601  data_time: 0.0126  memory: 14440  grad_norm: 77.5401  loss: 182.1148  loss_cls: 49.1453  loss_bbox: 74.6891  loss_dfl: 58.2804
2024/07/28 10:11:09 - mmengine - INFO - Epoch(train) [158][100/102]  base_lr: 2.0000e-02 lr: 9.7040e-03  eta: 1:24:10  time: 0.3375  data_time: 0.0010  memory: 14647  grad_norm: 79.2748  loss: 181.6787  loss_cls: 48.7488  loss_bbox: 75.4629  loss_dfl: 57.4669
2024/07/28 10:11:09 - mmengine - INFO - Exp name: remdet_x-300e_coco_20240728_082805
2024/07/28 10:11:27 - mmengine - INFO - Epoch(train) [159][ 50/102]  base_lr: 2.0000e-02 lr: 9.6380e-03  eta: 1:23:53  time: 0.3600  data_time: 0.0127  memory: 14440  grad_norm: 78.5988  loss: 181.7656  loss_cls: 48.8833  loss_bbox: 74.9779  loss_dfl: 57.9044
2024/07/28 10:11:44 - mmengine - INFO - Epoch(train) [159][100/102]  base_lr: 2.0000e-02 lr: 9.6380e-03  eta: 1:23:35  time: 0.3371  data_time: 0.0010  memory: 15667  grad_norm: 78.1186  loss: 186.4197  loss_cls: 50.4243  loss_bbox: 77.3481  loss_dfl: 58.6473
2024/07/28 10:11:44 - mmengine - INFO - Exp name: remdet_x-300e_coco_20240728_082805
2024/07/28 10:12:03 - mmengine - INFO - Epoch(train) [160][ 50/102]  base_lr: 2.0000e-02 lr: 9.5720e-03  eta: 1:23:17  time: 0.3708  data_time: 0.0137  memory: 15173  grad_norm: 77.9766  loss: 187.8434  loss_cls: 50.6631  loss_bbox: 78.7107  loss_dfl: 58.4695
2024/07/28 10:12:21 - mmengine - INFO - Epoch(train) [160][100/102]  base_lr: 2.0000e-02 lr: 9.5720e-03  eta: 1:23:00  time: 0.3497  data_time: 0.0010  memory: 15273  grad_norm: 77.8940  loss: 186.4382  loss_cls: 50.5506  loss_bbox: 76.7580  loss_dfl: 59.1296
2024/07/28 10:12:21 - mmengine - INFO - Exp name: remdet_x-300e_coco_20240728_082805
2024/07/28 10:12:21 - mmengine - INFO - Saving checkpoint at 160 epochs
2024/07/28 10:12:27 - mmengine - INFO - Evaluating bbox...
2024/07/28 10:12:52 - mmengine - INFO - bbox_mAP_copypaste: 0.292 0.473 0.302 0.187 0.435 0.560
2024/07/28 10:12:52 - mmengine - INFO - Epoch(val) [160][9/9]    coco/bbox_mAP: 0.2920  coco/bbox_mAP_50: 0.4730  coco/bbox_mAP_75: 0.3020  coco/bbox_mAP_s: 0.1870  coco/bbox_mAP_m: 0.4350  coco/bbox_mAP_l: 0.5600  data_time: 0.0205  time: 0.1213
2024/07/28 10:13:10 - mmengine - INFO - Epoch(train) [161][ 50/102]  base_lr: 2.0000e-02 lr: 9.5060e-03  eta: 1:22:43  time: 0.3667  data_time: 0.0132  memory: 15267  grad_norm: 79.6878  loss: 184.7147  loss_cls: 49.7967  loss_bbox: 76.8689  loss_dfl: 58.0491
2024/07/28 10:13:27 - mmengine - INFO - Epoch(train) [161][100/102]  base_lr: 2.0000e-02 lr: 9.5060e-03  eta: 1:22:25  time: 0.3431  data_time: 0.0012  memory: 14827  grad_norm: 80.4505  loss: 182.9531  loss_cls: 48.6522  loss_bbox: 76.1337  loss_dfl: 58.1673
2024/07/28 10:13:28 - mmengine - INFO - Exp name: remdet_x-300e_coco_20240728_082805
2024/07/28 10:13:46 - mmengine - INFO - Epoch(train) [162][ 50/102]  base_lr: 2.0000e-02 lr: 9.4400e-03  eta: 1:22:07  time: 0.3563  data_time: 0.0149  memory: 14640  grad_norm: 79.3361  loss: 185.4336  loss_cls: 50.0520  loss_bbox: 77.1934  loss_dfl: 58.1882
2024/07/28 10:14:03 - mmengine - INFO - Epoch(train) [162][100/102]  base_lr: 2.0000e-02 lr: 9.4400e-03  eta: 1:21:49  time: 0.3382  data_time: 0.0010  memory: 14347  grad_norm: 79.4277  loss: 185.6038  loss_cls: 49.9985  loss_bbox: 77.4560  loss_dfl: 58.1493
2024/07/28 10:14:03 - mmengine - INFO - Exp name: remdet_x-300e_coco_20240728_082805
2024/07/28 10:14:21 - mmengine - INFO - Epoch(train) [163][ 50/102]  base_lr: 2.0000e-02 lr: 9.3740e-03  eta: 1:21:31  time: 0.3587  data_time: 0.0144  memory: 14647  grad_norm: 79.7641  loss: 188.0104  loss_cls: 51.4164  loss_bbox: 78.1373  loss_dfl: 58.4567
2024/07/28 10:14:38 - mmengine - INFO - Epoch(train) [163][100/102]  base_lr: 2.0000e-02 lr: 9.3740e-03  eta: 1:21:13  time: 0.3413  data_time: 0.0010  memory: 14767  grad_norm: 79.0051  loss: 182.9215  loss_cls: 48.3274  loss_bbox: 76.5525  loss_dfl: 58.0416
2024/07/28 10:14:39 - mmengine - INFO - Exp name: remdet_x-300e_coco_20240728_082805
2024/07/28 10:14:57 - mmengine - INFO - Epoch(train) [164][ 50/102]  base_lr: 2.0000e-02 lr: 9.3080e-03  eta: 1:20:56  time: 0.3654  data_time: 0.0136  memory: 14780  grad_norm: 79.6528  loss: 180.0238  loss_cls: 48.1546  loss_bbox: 74.6051  loss_dfl: 57.2641
2024/07/28 10:15:14 - mmengine - INFO - Epoch(train) [164][100/102]  base_lr: 2.0000e-02 lr: 9.3080e-03  eta: 1:20:38  time: 0.3389  data_time: 0.0010  memory: 15340  grad_norm: 77.6497  loss: 185.5776  loss_cls: 49.5762  loss_bbox: 77.1649  loss_dfl: 58.8365
2024/07/28 10:15:14 - mmengine - INFO - Exp name: remdet_x-300e_coco_20240728_082805
2024/07/28 10:15:32 - mmengine - INFO - Epoch(train) [165][ 50/102]  base_lr: 2.0000e-02 lr: 9.2420e-03  eta: 1:20:20  time: 0.3581  data_time: 0.0113  memory: 15353  grad_norm: 78.9310  loss: 179.0037  loss_cls: 47.4274  loss_bbox: 73.3799  loss_dfl: 58.1964
2024/07/28 10:15:49 - mmengine - INFO - Epoch(train) [165][100/102]  base_lr: 2.0000e-02 lr: 9.2420e-03  eta: 1:20:02  time: 0.3385  data_time: 0.0010  memory: 14827  grad_norm: 81.1338  loss: 181.6622  loss_cls: 48.8190  loss_bbox: 75.3877  loss_dfl: 57.4555
2024/07/28 10:15:50 - mmengine - INFO - Exp name: remdet_x-300e_coco_20240728_082805
2024/07/28 10:16:08 - mmengine - INFO - Epoch(train) [166][ 50/102]  base_lr: 2.0000e-02 lr: 9.1760e-03  eta: 1:19:44  time: 0.3581  data_time: 0.0127  memory: 14660  grad_norm: 80.2550  loss: 183.2491  loss_cls: 48.9840  loss_bbox: 76.3274  loss_dfl: 57.9377
2024/07/28 10:16:25 - mmengine - INFO - Epoch(train) [166][100/102]  base_lr: 2.0000e-02 lr: 9.1760e-03  eta: 1:19:27  time: 0.3427  data_time: 0.0010  memory: 15013  grad_norm: 80.5064  loss: 181.6697  loss_cls: 48.2456  loss_bbox: 75.3398  loss_dfl: 58.0843
2024/07/28 10:16:25 - mmengine - INFO - Exp name: remdet_x-300e_coco_20240728_082805
2024/07/28 10:16:43 - mmengine - INFO - Epoch(train) [167][ 50/102]  base_lr: 2.0000e-02 lr: 9.1100e-03  eta: 1:19:09  time: 0.3586  data_time: 0.0143  memory: 15173  grad_norm: 79.8248  loss: 184.1324  loss_cls: 48.9855  loss_bbox: 77.0959  loss_dfl: 58.0510
2024/07/28 10:16:49 - mmengine - INFO - Exp name: remdet_x-300e_coco_20240728_082805
2024/07/28 10:17:00 - mmengine - INFO - Epoch(train) [167][100/102]  base_lr: 2.0000e-02 lr: 9.1100e-03  eta: 1:18:51  time: 0.3358  data_time: 0.0010  memory: 14733  grad_norm: 80.7714  loss: 184.1064  loss_cls: 48.8689  loss_bbox: 77.2712  loss_dfl: 57.9663
2024/07/28 10:17:00 - mmengine - INFO - Exp name: remdet_x-300e_coco_20240728_082805
2024/07/28 10:17:18 - mmengine - INFO - Epoch(train) [168][ 50/102]  base_lr: 2.0000e-02 lr: 9.0440e-03  eta: 1:18:33  time: 0.3581  data_time: 0.0110  memory: 14980  grad_norm: 81.1211  loss: 185.8087  loss_cls: 49.6455  loss_bbox: 77.7318  loss_dfl: 58.4314
2024/07/28 10:17:35 - mmengine - INFO - Epoch(train) [168][100/102]  base_lr: 2.0000e-02 lr: 9.0440e-03  eta: 1:18:15  time: 0.3373  data_time: 0.0010  memory: 15747  grad_norm: 80.8304  loss: 179.7197  loss_cls: 47.2303  loss_bbox: 74.4113  loss_dfl: 58.0782
2024/07/28 10:17:36 - mmengine - INFO - Exp name: remdet_x-300e_coco_20240728_082805
2024/07/28 10:17:54 - mmengine - INFO - Epoch(train) [169][ 50/102]  base_lr: 2.0000e-02 lr: 8.9780e-03  eta: 1:17:57  time: 0.3561  data_time: 0.0114  memory: 14627  grad_norm: 80.1823  loss: 182.6764  loss_cls: 48.3127  loss_bbox: 76.4970  loss_dfl: 57.8667
2024/07/28 10:18:10 - mmengine - INFO - Epoch(train) [169][100/102]  base_lr: 2.0000e-02 lr: 8.9780e-03  eta: 1:17:39  time: 0.3381  data_time: 0.0010  memory: 14340  grad_norm: 81.7154  loss: 183.5059  loss_cls: 48.9929  loss_bbox: 76.2313  loss_dfl: 58.2817
2024/07/28 10:18:11 - mmengine - INFO - Exp name: remdet_x-300e_coco_20240728_082805
2024/07/28 10:18:29 - mmengine - INFO - Epoch(train) [170][ 50/102]  base_lr: 2.0000e-02 lr: 8.9120e-03  eta: 1:17:21  time: 0.3634  data_time: 0.0123  memory: 14527  grad_norm: 81.4757  loss: 185.1280  loss_cls: 49.7016  loss_bbox: 76.9595  loss_dfl: 58.4669
2024/07/28 10:18:46 - mmengine - INFO - Epoch(train) [170][100/102]  base_lr: 2.0000e-02 lr: 8.9120e-03  eta: 1:17:03  time: 0.3363  data_time: 0.0010  memory: 15087  grad_norm: 81.0722  loss: 183.3673  loss_cls: 48.8135  loss_bbox: 76.4912  loss_dfl: 58.0626
2024/07/28 10:18:46 - mmengine - INFO - Exp name: remdet_x-300e_coco_20240728_082805
2024/07/28 10:18:46 - mmengine - INFO - Saving checkpoint at 170 epochs
2024/07/28 10:18:52 - mmengine - INFO - Evaluating bbox...
2024/07/28 10:19:17 - mmengine - INFO - bbox_mAP_copypaste: 0.293 0.475 0.301 0.188 0.436 0.570
2024/07/28 10:19:17 - mmengine - INFO - Epoch(val) [170][9/9]    coco/bbox_mAP: 0.2930  coco/bbox_mAP_50: 0.4750  coco/bbox_mAP_75: 0.3010  coco/bbox_mAP_s: 0.1880  coco/bbox_mAP_m: 0.4360  coco/bbox_mAP_l: 0.5700  data_time: 0.0214  time: 0.1215
2024/07/28 10:19:17 - mmengine - INFO - The previous best checkpoint /mnt/exam_log/0723_remdet/remdet_series/visdrone/remdet_x/best_coco_bbox_mAP_epoch_150.pth is removed
2024/07/28 10:19:19 - mmengine - INFO - The best checkpoint with 0.2930 coco/bbox_mAP at 170 epoch is saved to best_coco_bbox_mAP_epoch_170.pth.
2024/07/28 10:19:40 - mmengine - INFO - Epoch(train) [171][ 50/102]  base_lr: 2.0000e-02 lr: 8.8460e-03  eta: 1:16:45  time: 0.3591  data_time: 0.0117  memory: 14573  grad_norm: 79.3577  loss: 181.4927  loss_cls: 47.9976  loss_bbox: 75.5015  loss_dfl: 57.9937
2024/07/28 10:19:57 - mmengine - INFO - Epoch(train) [171][100/102]  base_lr: 2.0000e-02 lr: 8.8460e-03  eta: 1:16:28  time: 0.3395  data_time: 0.0010  memory: 15067  grad_norm: 82.7838  loss: 186.4344  loss_cls: 50.7465  loss_bbox: 77.4110  loss_dfl: 58.2769
2024/07/28 10:19:57 - mmengine - INFO - Exp name: remdet_x-300e_coco_20240728_082805
2024/07/28 10:20:15 - mmengine - INFO - Epoch(train) [172][ 50/102]  base_lr: 2.0000e-02 lr: 8.7800e-03  eta: 1:16:10  time: 0.3580  data_time: 0.0120  memory: 14647  grad_norm: 82.8184  loss: 185.3622  loss_cls: 49.7301  loss_bbox: 77.2892  loss_dfl: 58.3429
2024/07/28 10:20:32 - mmengine - INFO - Epoch(train) [172][100/102]  base_lr: 2.0000e-02 lr: 8.7800e-03  eta: 1:15:52  time: 0.3386  data_time: 0.0010  memory: 14873  grad_norm: 82.5909  loss: 180.1737  loss_cls: 47.7173  loss_bbox: 74.7167  loss_dfl: 57.7397
2024/07/28 10:20:33 - mmengine - INFO - Exp name: remdet_x-300e_coco_20240728_082805
2024/07/28 10:20:51 - mmengine - INFO - Epoch(train) [173][ 50/102]  base_lr: 2.0000e-02 lr: 8.7140e-03  eta: 1:15:34  time: 0.3585  data_time: 0.0125  memory: 14693  grad_norm: 82.6199  loss: 184.7643  loss_cls: 49.7705  loss_bbox: 76.5553  loss_dfl: 58.4385
2024/07/28 10:21:08 - mmengine - INFO - Epoch(train) [173][100/102]  base_lr: 2.0000e-02 lr: 8.7140e-03  eta: 1:15:16  time: 0.3383  data_time: 0.0010  memory: 15553  grad_norm: 81.5718  loss: 179.4273  loss_cls: 47.4376  loss_bbox: 73.9951  loss_dfl: 57.9946
2024/07/28 10:21:08 - mmengine - INFO - Exp name: remdet_x-300e_coco_20240728_082805
2024/07/28 10:21:26 - mmengine - INFO - Epoch(train) [174][ 50/102]  base_lr: 2.0000e-02 lr: 8.6480e-03  eta: 1:14:58  time: 0.3559  data_time: 0.0138  memory: 15287  grad_norm: 82.0766  loss: 185.7593  loss_cls: 49.6671  loss_bbox: 77.7385  loss_dfl: 58.3537
2024/07/28 10:21:44 - mmengine - INFO - Epoch(train) [174][100/102]  base_lr: 2.0000e-02 lr: 8.6480e-03  eta: 1:14:41  time: 0.3631  data_time: 0.0010  memory: 14627  grad_norm: 83.6507  loss: 182.8870  loss_cls: 48.8496  loss_bbox: 76.4362  loss_dfl: 57.6012
2024/07/28 10:21:44 - mmengine - INFO - Exp name: remdet_x-300e_coco_20240728_082805
2024/07/28 10:22:02 - mmengine - INFO - Epoch(train) [175][ 50/102]  base_lr: 2.0000e-02 lr: 8.5820e-03  eta: 1:14:23  time: 0.3594  data_time: 0.0100  memory: 14940  grad_norm: 83.1706  loss: 183.9599  loss_cls: 49.3820  loss_bbox: 76.6803  loss_dfl: 57.8976
2024/07/28 10:22:19 - mmengine - INFO - Epoch(train) [175][100/102]  base_lr: 2.0000e-02 lr: 8.5820e-03  eta: 1:14:06  time: 0.3401  data_time: 0.0010  memory: 15147  grad_norm: 81.7392  loss: 179.2959  loss_cls: 47.1072  loss_bbox: 74.2381  loss_dfl: 57.9505
2024/07/28 10:22:20 - mmengine - INFO - Exp name: remdet_x-300e_coco_20240728_082805
2024/07/28 10:22:38 - mmengine - INFO - Epoch(train) [176][ 50/102]  base_lr: 2.0000e-02 lr: 8.5160e-03  eta: 1:13:48  time: 0.3563  data_time: 0.0123  memory: 14987  grad_norm: 84.0602  loss: 181.4704  loss_cls: 48.0250  loss_bbox: 75.9018  loss_dfl: 57.5435
2024/07/28 10:22:55 - mmengine - INFO - Epoch(train) [176][100/102]  base_lr: 2.0000e-02 lr: 8.5160e-03  eta: 1:13:30  time: 0.3354  data_time: 0.0010  memory: 14333  grad_norm: 83.4247  loss: 179.0598  loss_cls: 46.9347  loss_bbox: 74.3731  loss_dfl: 57.7520
2024/07/28 10:22:55 - mmengine - INFO - Exp name: remdet_x-300e_coco_20240728_082805
2024/07/28 10:23:12 - mmengine - INFO - Exp name: remdet_x-300e_coco_20240728_082805
2024/07/28 10:23:13 - mmengine - INFO - Epoch(train) [177][ 50/102]  base_lr: 2.0000e-02 lr: 8.4500e-03  eta: 1:13:12  time: 0.3601  data_time: 0.0121  memory: 14987  grad_norm: 83.7078  loss: 181.8759  loss_cls: 48.2967  loss_bbox: 75.6570  loss_dfl: 57.9222
2024/07/28 10:23:30 - mmengine - INFO - Epoch(train) [177][100/102]  base_lr: 2.0000e-02 lr: 8.4500e-03  eta: 1:12:54  time: 0.3376  data_time: 0.0010  memory: 14600  grad_norm: 82.0776  loss: 183.5512  loss_cls: 48.7855  loss_bbox: 76.6884  loss_dfl: 58.0773
2024/07/28 10:23:30 - mmengine - INFO - Exp name: remdet_x-300e_coco_20240728_082805
2024/07/28 10:23:48 - mmengine - INFO - Epoch(train) [178][ 50/102]  base_lr: 2.0000e-02 lr: 8.3840e-03  eta: 1:12:36  time: 0.3586  data_time: 0.0124  memory: 15200  grad_norm: 84.0050  loss: 181.7260  loss_cls: 48.0265  loss_bbox: 75.5054  loss_dfl: 58.1942
2024/07/28 10:24:05 - mmengine - INFO - Epoch(train) [178][100/102]  base_lr: 2.0000e-02 lr: 8.3840e-03  eta: 1:12:18  time: 0.3389  data_time: 0.0010  memory: 16513  grad_norm: 82.4131  loss: 179.8436  loss_cls: 47.1232  loss_bbox: 74.8683  loss_dfl: 57.8520
2024/07/28 10:24:06 - mmengine - INFO - Exp name: remdet_x-300e_coco_20240728_082805
2024/07/28 10:24:24 - mmengine - INFO - Epoch(train) [179][ 50/102]  base_lr: 2.0000e-02 lr: 8.3180e-03  eta: 1:12:00  time: 0.3599  data_time: 0.0142  memory: 15027  grad_norm: 85.9989  loss: 180.9337  loss_cls: 47.6015  loss_bbox: 75.3289  loss_dfl: 58.0032
2024/07/28 10:24:41 - mmengine - INFO - Epoch(train) [179][100/102]  base_lr: 2.0000e-02 lr: 8.3180e-03  eta: 1:11:43  time: 0.3412  data_time: 0.0010  memory: 14773  grad_norm: 83.8461  loss: 181.4922  loss_cls: 47.6042  loss_bbox: 76.1609  loss_dfl: 57.7271
2024/07/28 10:24:41 - mmengine - INFO - Exp name: remdet_x-300e_coco_20240728_082805
2024/07/28 10:24:59 - mmengine - INFO - Epoch(train) [180][ 50/102]  base_lr: 2.0000e-02 lr: 8.2520e-03  eta: 1:11:25  time: 0.3617  data_time: 0.0123  memory: 15067  grad_norm: 83.3736  loss: 181.4874  loss_cls: 48.4452  loss_bbox: 75.2351  loss_dfl: 57.8071
2024/07/28 10:25:16 - mmengine - INFO - Epoch(train) [180][100/102]  base_lr: 2.0000e-02 lr: 8.2520e-03  eta: 1:11:07  time: 0.3374  data_time: 0.0010  memory: 14820  grad_norm: 84.0470  loss: 179.1269  loss_cls: 47.3003  loss_bbox: 74.0246  loss_dfl: 57.8021
2024/07/28 10:25:17 - mmengine - INFO - Exp name: remdet_x-300e_coco_20240728_082805
2024/07/28 10:25:17 - mmengine - INFO - Saving checkpoint at 180 epochs
2024/07/28 10:25:23 - mmengine - INFO - Evaluating bbox...
2024/07/28 10:25:48 - mmengine - INFO - bbox_mAP_copypaste: 0.294 0.477 0.303 0.189 0.437 0.570
2024/07/28 10:25:48 - mmengine - INFO - Epoch(val) [180][9/9]    coco/bbox_mAP: 0.2940  coco/bbox_mAP_50: 0.4770  coco/bbox_mAP_75: 0.3030  coco/bbox_mAP_s: 0.1890  coco/bbox_mAP_m: 0.4370  coco/bbox_mAP_l: 0.5700  data_time: 0.0152  time: 0.1161
2024/07/28 10:25:48 - mmengine - INFO - The previous best checkpoint /mnt/exam_log/0723_remdet/remdet_series/visdrone/remdet_x/best_coco_bbox_mAP_epoch_170.pth is removed
2024/07/28 10:25:50 - mmengine - INFO - The best checkpoint with 0.2940 coco/bbox_mAP at 180 epoch is saved to best_coco_bbox_mAP_epoch_180.pth.
2024/07/28 10:26:11 - mmengine - INFO - Epoch(train) [181][ 50/102]  base_lr: 2.0000e-02 lr: 8.1860e-03  eta: 1:10:49  time: 0.3538  data_time: 0.0133  memory: 15007  grad_norm: 84.6917  loss: 181.3700  loss_cls: 47.7330  loss_bbox: 75.6883  loss_dfl: 57.9486
2024/07/28 10:26:28 - mmengine - INFO - Epoch(train) [181][100/102]  base_lr: 2.0000e-02 lr: 8.1860e-03  eta: 1:10:31  time: 0.3407  data_time: 0.0011  memory: 15047  grad_norm: 83.9830  loss: 180.6180  loss_cls: 47.5186  loss_bbox: 74.7972  loss_dfl: 58.3022
2024/07/28 10:26:29 - mmengine - INFO - Exp name: remdet_x-300e_coco_20240728_082805
2024/07/28 10:26:47 - mmengine - INFO - Epoch(train) [182][ 50/102]  base_lr: 2.0000e-02 lr: 8.1200e-03  eta: 1:10:13  time: 0.3574  data_time: 0.0130  memory: 15827  grad_norm: 84.6105  loss: 181.1584  loss_cls: 47.6698  loss_bbox: 75.4037  loss_dfl: 58.0848
2024/07/28 10:27:04 - mmengine - INFO - Epoch(train) [182][100/102]  base_lr: 2.0000e-02 lr: 8.1200e-03  eta: 1:09:56  time: 0.3399  data_time: 0.0010  memory: 15047  grad_norm: 85.0093  loss: 180.3416  loss_cls: 47.5968  loss_bbox: 74.6697  loss_dfl: 58.0751
2024/07/28 10:27:04 - mmengine - INFO - Exp name: remdet_x-300e_coco_20240728_082805
2024/07/28 10:27:22 - mmengine - INFO - Epoch(train) [183][ 50/102]  base_lr: 2.0000e-02 lr: 8.0540e-03  eta: 1:09:38  time: 0.3600  data_time: 0.0117  memory: 15060  grad_norm: 84.1813  loss: 181.2958  loss_cls: 47.6593  loss_bbox: 75.6249  loss_dfl: 58.0115
2024/07/28 10:27:39 - mmengine - INFO - Epoch(train) [183][100/102]  base_lr: 2.0000e-02 lr: 8.0540e-03  eta: 1:09:20  time: 0.3368  data_time: 0.0011  memory: 15553  grad_norm: 84.0933  loss: 177.4671  loss_cls: 46.0059  loss_bbox: 73.9220  loss_dfl: 57.5393
2024/07/28 10:27:40 - mmengine - INFO - Exp name: remdet_x-300e_coco_20240728_082805
2024/07/28 10:27:58 - mmengine - INFO - Epoch(train) [184][ 50/102]  base_lr: 2.0000e-02 lr: 7.9880e-03  eta: 1:09:02  time: 0.3607  data_time: 0.0158  memory: 15020  grad_norm: 86.6156  loss: 184.3457  loss_cls: 48.9067  loss_bbox: 76.7906  loss_dfl: 58.6485
2024/07/28 10:28:15 - mmengine - INFO - Epoch(train) [184][100/102]  base_lr: 2.0000e-02 lr: 7.9880e-03  eta: 1:08:44  time: 0.3378  data_time: 0.0010  memory: 14840  grad_norm: 83.9746  loss: 176.3996  loss_cls: 46.6523  loss_bbox: 72.3832  loss_dfl: 57.3641
2024/07/28 10:28:15 - mmengine - INFO - Exp name: remdet_x-300e_coco_20240728_082805
2024/07/28 10:28:33 - mmengine - INFO - Epoch(train) [185][ 50/102]  base_lr: 2.0000e-02 lr: 7.9220e-03  eta: 1:08:26  time: 0.3615  data_time: 0.0117  memory: 15047  grad_norm: 84.7896  loss: 179.9396  loss_cls: 46.7476  loss_bbox: 75.5606  loss_dfl: 57.6314
2024/07/28 10:28:50 - mmengine - INFO - Epoch(train) [185][100/102]  base_lr: 2.0000e-02 lr: 7.9220e-03  eta: 1:08:09  time: 0.3383  data_time: 0.0011  memory: 14820  grad_norm: 84.3571  loss: 182.6522  loss_cls: 48.2461  loss_bbox: 76.0474  loss_dfl: 58.3587
2024/07/28 10:28:50 - mmengine - INFO - Exp name: remdet_x-300e_coco_20240728_082805
2024/07/28 10:29:08 - mmengine - INFO - Epoch(train) [186][ 50/102]  base_lr: 2.0000e-02 lr: 7.8560e-03  eta: 1:07:51  time: 0.3573  data_time: 0.0090  memory: 15027  grad_norm: 86.4324  loss: 181.5318  loss_cls: 47.7423  loss_bbox: 75.7961  loss_dfl: 57.9934
2024/07/28 10:29:25 - mmengine - INFO - Epoch(train) [186][100/102]  base_lr: 2.0000e-02 lr: 7.8560e-03  eta: 1:07:33  time: 0.3397  data_time: 0.0010  memory: 15333  grad_norm: 86.0770  loss: 181.4319  loss_cls: 47.5467  loss_bbox: 76.2605  loss_dfl: 57.6247
2024/07/28 10:29:26 - mmengine - INFO - Exp name: remdet_x-300e_coco_20240728_082805
2024/07/28 10:29:36 - mmengine - INFO - Exp name: remdet_x-300e_coco_20240728_082805
2024/07/28 10:29:44 - mmengine - INFO - Epoch(train) [187][ 50/102]  base_lr: 2.0000e-02 lr: 7.7900e-03  eta: 1:07:15  time: 0.3552  data_time: 0.0115  memory: 14640  grad_norm: 86.2623  loss: 183.7331  loss_cls: 48.9625  loss_bbox: 76.8590  loss_dfl: 57.9116
2024/07/28 10:30:01 - mmengine - INFO - Epoch(train) [187][100/102]  base_lr: 2.0000e-02 lr: 7.7900e-03  eta: 1:06:57  time: 0.3379  data_time: 0.0010  memory: 14593  grad_norm: 84.7400  loss: 176.6710  loss_cls: 46.1095  loss_bbox: 72.9469  loss_dfl: 57.6147
2024/07/28 10:30:01 - mmengine - INFO - Exp name: remdet_x-300e_coco_20240728_082805
2024/07/28 10:30:19 - mmengine - INFO - Epoch(train) [188][ 50/102]  base_lr: 2.0000e-02 lr: 7.7240e-03  eta: 1:06:39  time: 0.3610  data_time: 0.0109  memory: 15647  grad_norm: 86.6783  loss: 177.1443  loss_cls: 46.3276  loss_bbox: 73.2067  loss_dfl: 57.6101
2024/07/28 10:30:36 - mmengine - INFO - Epoch(train) [188][100/102]  base_lr: 2.0000e-02 lr: 7.7240e-03  eta: 1:06:22  time: 0.3382  data_time: 0.0010  memory: 14820  grad_norm: 88.6282  loss: 179.7112  loss_cls: 46.8315  loss_bbox: 74.8910  loss_dfl: 57.9887
2024/07/28 10:30:36 - mmengine - INFO - Exp name: remdet_x-300e_coco_20240728_082805
2024/07/28 10:30:55 - mmengine - INFO - Epoch(train) [189][ 50/102]  base_lr: 2.0000e-02 lr: 7.6580e-03  eta: 1:06:04  time: 0.3775  data_time: 0.0145  memory: 14647  grad_norm: 86.2069  loss: 183.3911  loss_cls: 48.3900  loss_bbox: 76.5915  loss_dfl: 58.4096
2024/07/28 10:31:13 - mmengine - INFO - Epoch(train) [189][100/102]  base_lr: 2.0000e-02 lr: 7.6580e-03  eta: 1:05:47  time: 0.3547  data_time: 0.0010  memory: 14613  grad_norm: 87.9120  loss: 180.8716  loss_cls: 47.1273  loss_bbox: 76.0419  loss_dfl: 57.7024
2024/07/28 10:31:14 - mmengine - INFO - Exp name: remdet_x-300e_coco_20240728_082805
2024/07/28 10:31:32 - mmengine - INFO - Epoch(train) [190][ 50/102]  base_lr: 2.0000e-02 lr: 7.5920e-03  eta: 1:05:29  time: 0.3610  data_time: 0.0131  memory: 17107  grad_norm: 87.4688  loss: 183.4918  loss_cls: 48.2720  loss_bbox: 76.7306  loss_dfl: 58.4892
2024/07/28 10:31:49 - mmengine - INFO - Epoch(train) [190][100/102]  base_lr: 2.0000e-02 lr: 7.5920e-03  eta: 1:05:11  time: 0.3389  data_time: 0.0011  memory: 15067  grad_norm: 86.3540  loss: 178.6347  loss_cls: 46.8602  loss_bbox: 74.2756  loss_dfl: 57.4989
2024/07/28 10:31:49 - mmengine - INFO - Exp name: remdet_x-300e_coco_20240728_082805
2024/07/28 10:31:49 - mmengine - INFO - Saving checkpoint at 190 epochs
2024/07/28 10:31:55 - mmengine - INFO - Evaluating bbox...
2024/07/28 10:32:20 - mmengine - INFO - bbox_mAP_copypaste: 0.295 0.478 0.304 0.190 0.438 0.569
2024/07/28 10:32:20 - mmengine - INFO - Epoch(val) [190][9/9]    coco/bbox_mAP: 0.2950  coco/bbox_mAP_50: 0.4780  coco/bbox_mAP_75: 0.3040  coco/bbox_mAP_s: 0.1900  coco/bbox_mAP_m: 0.4380  coco/bbox_mAP_l: 0.5690  data_time: 0.0253  time: 0.1264
2024/07/28 10:32:20 - mmengine - INFO - The previous best checkpoint /mnt/exam_log/0723_remdet/remdet_series/visdrone/remdet_x/best_coco_bbox_mAP_epoch_180.pth is removed
2024/07/28 10:32:22 - mmengine - INFO - The best checkpoint with 0.2950 coco/bbox_mAP at 190 epoch is saved to best_coco_bbox_mAP_epoch_190.pth.
2024/07/28 10:32:43 - mmengine - INFO - Epoch(train) [191][ 50/102]  base_lr: 2.0000e-02 lr: 7.5260e-03  eta: 1:04:53  time: 0.3592  data_time: 0.0131  memory: 14827  grad_norm: 87.3195  loss: 180.1919  loss_cls: 46.8033  loss_bbox: 75.3319  loss_dfl: 58.0567
2024/07/28 10:33:00 - mmengine - INFO - Epoch(train) [191][100/102]  base_lr: 2.0000e-02 lr: 7.5260e-03  eta: 1:04:36  time: 0.3400  data_time: 0.0011  memory: 17200  grad_norm: 86.6135  loss: 178.2707  loss_cls: 46.6046  loss_bbox: 74.0573  loss_dfl: 57.6088
2024/07/28 10:33:01 - mmengine - INFO - Exp name: remdet_x-300e_coco_20240728_082805
2024/07/28 10:33:19 - mmengine - INFO - Epoch(train) [192][ 50/102]  base_lr: 2.0000e-02 lr: 7.4600e-03  eta: 1:04:18  time: 0.3591  data_time: 0.0116  memory: 15560  grad_norm: 87.5388  loss: 181.8816  loss_cls: 47.9352  loss_bbox: 76.2050  loss_dfl: 57.7415
2024/07/28 10:33:36 - mmengine - INFO - Epoch(train) [192][100/102]  base_lr: 2.0000e-02 lr: 7.4600e-03  eta: 1:04:00  time: 0.3398  data_time: 0.0011  memory: 14767  grad_norm: 87.4982  loss: 181.0463  loss_cls: 47.5788  loss_bbox: 75.8520  loss_dfl: 57.6156
2024/07/28 10:33:36 - mmengine - INFO - Exp name: remdet_x-300e_coco_20240728_082805
2024/07/28 10:33:54 - mmengine - INFO - Epoch(train) [193][ 50/102]  base_lr: 2.0000e-02 lr: 7.3940e-03  eta: 1:03:42  time: 0.3573  data_time: 0.0136  memory: 15127  grad_norm: 89.6645  loss: 180.7580  loss_cls: 47.1192  loss_bbox: 75.1025  loss_dfl: 58.5364
2024/07/28 10:34:11 - mmengine - INFO - Epoch(train) [193][100/102]  base_lr: 2.0000e-02 lr: 7.3940e-03  eta: 1:03:24  time: 0.3412  data_time: 0.0011  memory: 15107  grad_norm: 87.8586  loss: 180.2292  loss_cls: 47.3756  loss_bbox: 74.9301  loss_dfl: 57.9235
2024/07/28 10:34:11 - mmengine - INFO - Exp name: remdet_x-300e_coco_20240728_082805
2024/07/28 10:34:30 - mmengine - INFO - Epoch(train) [194][ 50/102]  base_lr: 2.0000e-02 lr: 7.3280e-03  eta: 1:03:07  time: 0.3617  data_time: 0.0125  memory: 14753  grad_norm: 88.1743  loss: 176.0710  loss_cls: 45.9853  loss_bbox: 72.6614  loss_dfl: 57.4244
2024/07/28 10:34:47 - mmengine - INFO - Epoch(train) [194][100/102]  base_lr: 2.0000e-02 lr: 7.3280e-03  eta: 1:02:49  time: 0.3402  data_time: 0.0011  memory: 15260  grad_norm: 88.9861  loss: 176.3557  loss_cls: 45.4674  loss_bbox: 73.4569  loss_dfl: 57.4314
2024/07/28 10:34:47 - mmengine - INFO - Exp name: remdet_x-300e_coco_20240728_082805
2024/07/28 10:35:05 - mmengine - INFO - Epoch(train) [195][ 50/102]  base_lr: 2.0000e-02 lr: 7.2620e-03  eta: 1:02:31  time: 0.3543  data_time: 0.0121  memory: 15673  grad_norm: 88.4715  loss: 179.9075  loss_cls: 47.1537  loss_bbox: 74.8894  loss_dfl: 57.8643
2024/07/28 10:35:22 - mmengine - INFO - Epoch(train) [195][100/102]  base_lr: 2.0000e-02 lr: 7.2620e-03  eta: 1:02:13  time: 0.3385  data_time: 0.0011  memory: 14600  grad_norm: 91.5036  loss: 176.1125  loss_cls: 45.4229  loss_bbox: 73.1578  loss_dfl: 57.5318
2024/07/28 10:35:22 - mmengine - INFO - Exp name: remdet_x-300e_coco_20240728_082805
2024/07/28 10:35:40 - mmengine - INFO - Epoch(train) [196][ 50/102]  base_lr: 2.0000e-02 lr: 7.1960e-03  eta: 1:01:55  time: 0.3558  data_time: 0.0129  memory: 14867  grad_norm: 88.6153  loss: 178.5873  loss_cls: 47.1199  loss_bbox: 74.3040  loss_dfl: 57.1634
2024/07/28 10:35:57 - mmengine - INFO - Epoch(train) [196][100/102]  base_lr: 2.0000e-02 lr: 7.1960e-03  eta: 1:01:37  time: 0.3380  data_time: 0.0010  memory: 15407  grad_norm: 88.2369  loss: 177.5439  loss_cls: 46.2002  loss_bbox: 74.0664  loss_dfl: 57.2773
2024/07/28 10:35:57 - mmengine - INFO - Exp name: remdet_x-300e_coco_20240728_082805
2024/07/28 10:36:01 - mmengine - INFO - Exp name: remdet_x-300e_coco_20240728_082805
2024/07/28 10:36:15 - mmengine - INFO - Epoch(train) [197][ 50/102]  base_lr: 2.0000e-02 lr: 7.1300e-03  eta: 1:01:19  time: 0.3609  data_time: 0.0122  memory: 14860  grad_norm: 89.6965  loss: 179.0135  loss_cls: 46.7781  loss_bbox: 74.7232  loss_dfl: 57.5122
2024/07/28 10:36:32 - mmengine - INFO - Epoch(train) [197][100/102]  base_lr: 2.0000e-02 lr: 7.1300e-03  eta: 1:01:02  time: 0.3386  data_time: 0.0010  memory: 14807  grad_norm: 90.0788  loss: 175.8910  loss_cls: 45.0940  loss_bbox: 73.2987  loss_dfl: 57.4982
2024/07/28 10:36:33 - mmengine - INFO - Exp name: remdet_x-300e_coco_20240728_082805
2024/07/28 10:36:51 - mmengine - INFO - Epoch(train) [198][ 50/102]  base_lr: 2.0000e-02 lr: 7.0640e-03  eta: 1:00:44  time: 0.3547  data_time: 0.0136  memory: 14633  grad_norm: 89.8853  loss: 177.7864  loss_cls: 45.8245  loss_bbox: 74.2621  loss_dfl: 57.6999
2024/07/28 10:37:07 - mmengine - INFO - Epoch(train) [198][100/102]  base_lr: 2.0000e-02 lr: 7.0640e-03  eta: 1:00:26  time: 0.3376  data_time: 0.0010  memory: 14253  grad_norm: 88.4375  loss: 177.9762  loss_cls: 45.9527  loss_bbox: 74.4832  loss_dfl: 57.5404
2024/07/28 10:37:08 - mmengine - INFO - Exp name: remdet_x-300e_coco_20240728_082805
2024/07/28 10:37:26 - mmengine - INFO - Epoch(train) [199][ 50/102]  base_lr: 2.0000e-02 lr: 6.9980e-03  eta: 1:00:08  time: 0.3572  data_time: 0.0145  memory: 14947  grad_norm: 90.1614  loss: 178.1131  loss_cls: 46.4895  loss_bbox: 73.8670  loss_dfl: 57.7566
2024/07/28 10:37:43 - mmengine - INFO - Epoch(train) [199][100/102]  base_lr: 2.0000e-02 lr: 6.9980e-03  eta: 0:59:50  time: 0.3384  data_time: 0.0010  memory: 15020  grad_norm: 89.9246  loss: 177.7681  loss_cls: 46.0877  loss_bbox: 74.4223  loss_dfl: 57.2582
2024/07/28 10:37:43 - mmengine - INFO - Exp name: remdet_x-300e_coco_20240728_082805
2024/07/28 10:38:01 - mmengine - INFO - Epoch(train) [200][ 50/102]  base_lr: 2.0000e-02 lr: 6.9320e-03  eta: 0:59:32  time: 0.3606  data_time: 0.0126  memory: 15553  grad_norm: 88.7112  loss: 175.7386  loss_cls: 45.7719  loss_bbox: 72.8211  loss_dfl: 57.1456
2024/07/28 10:38:18 - mmengine - INFO - Epoch(train) [200][100/102]  base_lr: 2.0000e-02 lr: 6.9320e-03  eta: 0:59:15  time: 0.3371  data_time: 0.0010  memory: 15160  grad_norm: 89.8916  loss: 173.4264  loss_cls: 44.3727  loss_bbox: 71.5256  loss_dfl: 57.5281
2024/07/28 10:38:19 - mmengine - INFO - Exp name: remdet_x-300e_coco_20240728_082805
2024/07/28 10:38:19 - mmengine - INFO - Saving checkpoint at 200 epochs
2024/07/28 10:38:24 - mmengine - INFO - Evaluating bbox...
2024/07/28 10:38:49 - mmengine - INFO - bbox_mAP_copypaste: 0.296 0.479 0.305 0.191 0.439 0.572
2024/07/28 10:38:50 - mmengine - INFO - Epoch(val) [200][9/9]    coco/bbox_mAP: 0.2960  coco/bbox_mAP_50: 0.4790  coco/bbox_mAP_75: 0.3050  coco/bbox_mAP_s: 0.1910  coco/bbox_mAP_m: 0.4390  coco/bbox_mAP_l: 0.5720  data_time: 0.0249  time: 0.1260
2024/07/28 10:38:50 - mmengine - INFO - The previous best checkpoint /mnt/exam_log/0723_remdet/remdet_series/visdrone/remdet_x/best_coco_bbox_mAP_epoch_190.pth is removed
2024/07/28 10:38:51 - mmengine - INFO - The best checkpoint with 0.2960 coco/bbox_mAP at 200 epoch is saved to best_coco_bbox_mAP_epoch_200.pth.
2024/07/28 10:39:13 - mmengine - INFO - Epoch(train) [201][ 50/102]  base_lr: 2.0000e-02 lr: 6.8660e-03  eta: 0:58:57  time: 0.3561  data_time: 0.0124  memory: 14893  grad_norm: 90.2653  loss: 176.3272  loss_cls: 45.0498  loss_bbox: 73.2509  loss_dfl: 58.0266
2024/07/28 10:39:29 - mmengine - INFO - Epoch(train) [201][100/102]  base_lr: 2.0000e-02 lr: 6.8660e-03  eta: 0:58:39  time: 0.3373  data_time: 0.0011  memory: 15400  grad_norm: 91.7925  loss: 177.7790  loss_cls: 45.8559  loss_bbox: 74.1693  loss_dfl: 57.7538
2024/07/28 10:39:30 - mmengine - INFO - Exp name: remdet_x-300e_coco_20240728_082805
2024/07/28 10:39:48 - mmengine - INFO - Epoch(train) [202][ 50/102]  base_lr: 2.0000e-02 lr: 6.8000e-03  eta: 0:58:21  time: 0.3598  data_time: 0.0105  memory: 15393  grad_norm: 90.6698  loss: 178.2736  loss_cls: 45.9642  loss_bbox: 74.7250  loss_dfl: 57.5844
2024/07/28 10:40:05 - mmengine - INFO - Epoch(train) [202][100/102]  base_lr: 2.0000e-02 lr: 6.8000e-03  eta: 0:58:03  time: 0.3393  data_time: 0.0011  memory: 14733  grad_norm: 92.7959  loss: 177.3854  loss_cls: 45.6746  loss_bbox: 74.5726  loss_dfl: 57.1382
2024/07/28 10:40:05 - mmengine - INFO - Exp name: remdet_x-300e_coco_20240728_082805
2024/07/28 10:40:23 - mmengine - INFO - Epoch(train) [203][ 50/102]  base_lr: 2.0000e-02 lr: 6.7340e-03  eta: 0:57:45  time: 0.3589  data_time: 0.0141  memory: 14420  grad_norm: 91.9000  loss: 178.0505  loss_cls: 46.3082  loss_bbox: 74.2236  loss_dfl: 57.5187
2024/07/28 10:40:41 - mmengine - INFO - Epoch(train) [203][100/102]  base_lr: 2.0000e-02 lr: 6.7340e-03  eta: 0:57:28  time: 0.3589  data_time: 0.0011  memory: 15367  grad_norm: 91.8569  loss: 178.1550  loss_cls: 46.0195  loss_bbox: 74.6287  loss_dfl: 57.5067
2024/07/28 10:40:42 - mmengine - INFO - Exp name: remdet_x-300e_coco_20240728_082805
2024/07/28 10:41:00 - mmengine - INFO - Epoch(train) [204][ 50/102]  base_lr: 2.0000e-02 lr: 6.6680e-03  eta: 0:57:10  time: 0.3699  data_time: 0.0124  memory: 15167  grad_norm: 90.7273  loss: 181.4130  loss_cls: 46.7617  loss_bbox: 76.3471  loss_dfl: 58.3041
2024/07/28 10:41:17 - mmengine - INFO - Epoch(train) [204][100/102]  base_lr: 2.0000e-02 lr: 6.6680e-03  eta: 0:56:53  time: 0.3376  data_time: 0.0011  memory: 14700  grad_norm: 93.2576  loss: 176.0001  loss_cls: 45.5359  loss_bbox: 73.1367  loss_dfl: 57.3275
2024/07/28 10:41:18 - mmengine - INFO - Exp name: remdet_x-300e_coco_20240728_082805
2024/07/28 10:41:36 - mmengine - INFO - Epoch(train) [205][ 50/102]  base_lr: 2.0000e-02 lr: 6.6020e-03  eta: 0:56:35  time: 0.3619  data_time: 0.0143  memory: 14840  grad_norm: 91.9634  loss: 175.0548  loss_cls: 44.8465  loss_bbox: 72.7195  loss_dfl: 57.4888
2024/07/28 10:41:53 - mmengine - INFO - Epoch(train) [205][100/102]  base_lr: 2.0000e-02 lr: 6.6020e-03  eta: 0:56:17  time: 0.3383  data_time: 0.0011  memory: 15567  grad_norm: 90.5702  loss: 175.6151  loss_cls: 44.9348  loss_bbox: 73.2079  loss_dfl: 57.4724
2024/07/28 10:41:53 - mmengine - INFO - Exp name: remdet_x-300e_coco_20240728_082805
2024/07/28 10:42:11 - mmengine - INFO - Epoch(train) [206][ 50/102]  base_lr: 2.0000e-02 lr: 6.5360e-03  eta: 0:55:59  time: 0.3593  data_time: 0.0106  memory: 14513  grad_norm: 92.9954  loss: 176.5239  loss_cls: 45.5283  loss_bbox: 73.6016  loss_dfl: 57.3940
2024/07/28 10:42:25 - mmengine - INFO - Exp name: remdet_x-300e_coco_20240728_082805
2024/07/28 10:42:28 - mmengine - INFO - Epoch(train) [206][100/102]  base_lr: 2.0000e-02 lr: 6.5360e-03  eta: 0:55:42  time: 0.3396  data_time: 0.0011  memory: 14540  grad_norm: 92.2408  loss: 176.3298  loss_cls: 45.7616  loss_bbox: 72.9930  loss_dfl: 57.5753
2024/07/28 10:42:29 - mmengine - INFO - Exp name: remdet_x-300e_coco_20240728_082805
2024/07/28 10:42:46 - mmengine - INFO - Epoch(train) [207][ 50/102]  base_lr: 2.0000e-02 lr: 6.4700e-03  eta: 0:55:24  time: 0.3561  data_time: 0.0150  memory: 14507  grad_norm: 92.2407  loss: 176.5444  loss_cls: 45.4421  loss_bbox: 73.6564  loss_dfl: 57.4460
2024/07/28 10:43:03 - mmengine - INFO - Epoch(train) [207][100/102]  base_lr: 2.0000e-02 lr: 6.4700e-03  eta: 0:55:06  time: 0.3382  data_time: 0.0011  memory: 14220  grad_norm: 93.6119  loss: 172.6122  loss_cls: 43.6529  loss_bbox: 72.0216  loss_dfl: 56.9376
2024/07/28 10:43:04 - mmengine - INFO - Exp name: remdet_x-300e_coco_20240728_082805
2024/07/28 10:43:22 - mmengine - INFO - Epoch(train) [208][ 50/102]  base_lr: 2.0000e-02 lr: 6.4040e-03  eta: 0:54:48  time: 0.3628  data_time: 0.0113  memory: 15480  grad_norm: 91.0651  loss: 176.7693  loss_cls: 44.9868  loss_bbox: 74.2991  loss_dfl: 57.4835
2024/07/28 10:43:39 - mmengine - INFO - Epoch(train) [208][100/102]  base_lr: 2.0000e-02 lr: 6.4040e-03  eta: 0:54:30  time: 0.3417  data_time: 0.0010  memory: 15047  grad_norm: 92.9246  loss: 174.4387  loss_cls: 44.7531  loss_bbox: 72.3852  loss_dfl: 57.3004
2024/07/28 10:43:40 - mmengine - INFO - Exp name: remdet_x-300e_coco_20240728_082805
2024/07/28 10:43:57 - mmengine - INFO - Epoch(train) [209][ 50/102]  base_lr: 2.0000e-02 lr: 6.3380e-03  eta: 0:54:12  time: 0.3553  data_time: 0.0112  memory: 14653  grad_norm: 93.6105  loss: 176.1798  loss_cls: 44.8943  loss_bbox: 73.6443  loss_dfl: 57.6412
2024/07/28 10:44:14 - mmengine - INFO - Epoch(train) [209][100/102]  base_lr: 2.0000e-02 lr: 6.3380e-03  eta: 0:53:55  time: 0.3392  data_time: 0.0010  memory: 15280  grad_norm: 94.4118  loss: 175.0328  loss_cls: 44.7097  loss_bbox: 73.1153  loss_dfl: 57.2078
2024/07/28 10:44:15 - mmengine - INFO - Exp name: remdet_x-300e_coco_20240728_082805
2024/07/28 10:44:33 - mmengine - INFO - Epoch(train) [210][ 50/102]  base_lr: 2.0000e-02 lr: 6.2720e-03  eta: 0:53:37  time: 0.3562  data_time: 0.0115  memory: 14720  grad_norm: 94.2946  loss: 175.8335  loss_cls: 45.3587  loss_bbox: 73.6248  loss_dfl: 56.8500
2024/07/28 10:44:50 - mmengine - INFO - Epoch(train) [210][100/102]  base_lr: 2.0000e-02 lr: 6.2720e-03  eta: 0:53:19  time: 0.3401  data_time: 0.0010  memory: 15593  grad_norm: 95.0961  loss: 176.0925  loss_cls: 44.8371  loss_bbox: 74.0994  loss_dfl: 57.1559
2024/07/28 10:44:50 - mmengine - INFO - Exp name: remdet_x-300e_coco_20240728_082805
2024/07/28 10:44:50 - mmengine - INFO - Saving checkpoint at 210 epochs
2024/07/28 10:44:56 - mmengine - INFO - Evaluating bbox...
2024/07/28 10:45:21 - mmengine - INFO - bbox_mAP_copypaste: 0.297 0.480 0.307 0.192 0.439 0.577
2024/07/28 10:45:21 - mmengine - INFO - Epoch(val) [210][9/9]    coco/bbox_mAP: 0.2970  coco/bbox_mAP_50: 0.4800  coco/bbox_mAP_75: 0.3070  coco/bbox_mAP_s: 0.1920  coco/bbox_mAP_m: 0.4390  coco/bbox_mAP_l: 0.5770  data_time: 0.0240  time: 0.1246
2024/07/28 10:45:21 - mmengine - INFO - The previous best checkpoint /mnt/exam_log/0723_remdet/remdet_series/visdrone/remdet_x/best_coco_bbox_mAP_epoch_200.pth is removed
2024/07/28 10:45:23 - mmengine - INFO - The best checkpoint with 0.2970 coco/bbox_mAP at 210 epoch is saved to best_coco_bbox_mAP_epoch_210.pth.
2024/07/28 10:45:44 - mmengine - INFO - Epoch(train) [211][ 50/102]  base_lr: 2.0000e-02 lr: 6.2060e-03  eta: 0:53:01  time: 0.3544  data_time: 0.0117  memory: 14860  grad_norm: 94.0501  loss: 175.2069  loss_cls: 45.4125  loss_bbox: 72.9612  loss_dfl: 56.8332
2024/07/28 10:46:01 - mmengine - INFO - Epoch(train) [211][100/102]  base_lr: 2.0000e-02 lr: 6.2060e-03  eta: 0:52:43  time: 0.3398  data_time: 0.0011  memory: 15140  grad_norm: 93.2353  loss: 173.4578  loss_cls: 44.6850  loss_bbox: 72.2494  loss_dfl: 56.5234
2024/07/28 10:46:01 - mmengine - INFO - Exp name: remdet_x-300e_coco_20240728_082805
2024/07/28 10:46:19 - mmengine - INFO - Epoch(train) [212][ 50/102]  base_lr: 2.0000e-02 lr: 6.1400e-03  eta: 0:52:25  time: 0.3573  data_time: 0.0165  memory: 14360  grad_norm: 93.9519  loss: 176.2689  loss_cls: 45.4339  loss_bbox: 73.3488  loss_dfl: 57.4862
2024/07/28 10:46:36 - mmengine - INFO - Epoch(train) [212][100/102]  base_lr: 2.0000e-02 lr: 6.1400e-03  eta: 0:52:08  time: 0.3376  data_time: 0.0010  memory: 15100  grad_norm: 93.8381  loss: 174.9535  loss_cls: 44.4348  loss_bbox: 72.9150  loss_dfl: 57.6037
2024/07/28 10:46:37 - mmengine - INFO - Exp name: remdet_x-300e_coco_20240728_082805
2024/07/28 10:46:54 - mmengine - INFO - Epoch(train) [213][ 50/102]  base_lr: 2.0000e-02 lr: 6.0740e-03  eta: 0:51:50  time: 0.3561  data_time: 0.0122  memory: 15307  grad_norm: 94.4617  loss: 175.1139  loss_cls: 44.9548  loss_bbox: 72.9228  loss_dfl: 57.2364
2024/07/28 10:47:11 - mmengine - INFO - Epoch(train) [213][100/102]  base_lr: 2.0000e-02 lr: 6.0740e-03  eta: 0:51:32  time: 0.3367  data_time: 0.0010  memory: 14387  grad_norm: 93.6676  loss: 174.5561  loss_cls: 44.6226  loss_bbox: 72.0351  loss_dfl: 57.8984
2024/07/28 10:47:12 - mmengine - INFO - Exp name: remdet_x-300e_coco_20240728_082805
2024/07/28 10:47:30 - mmengine - INFO - Epoch(train) [214][ 50/102]  base_lr: 2.0000e-02 lr: 6.0080e-03  eta: 0:51:14  time: 0.3544  data_time: 0.0119  memory: 14393  grad_norm: 95.9427  loss: 176.6315  loss_cls: 45.4591  loss_bbox: 73.1975  loss_dfl: 57.9749
2024/07/28 10:47:47 - mmengine - INFO - Epoch(train) [214][100/102]  base_lr: 2.0000e-02 lr: 6.0080e-03  eta: 0:50:56  time: 0.3378  data_time: 0.0010  memory: 15233  grad_norm: 95.2560  loss: 174.0403  loss_cls: 44.1756  loss_bbox: 72.3080  loss_dfl: 57.5566
2024/07/28 10:47:47 - mmengine - INFO - Exp name: remdet_x-300e_coco_20240728_082805
2024/07/28 10:48:05 - mmengine - INFO - Epoch(train) [215][ 50/102]  base_lr: 2.0000e-02 lr: 5.9420e-03  eta: 0:50:38  time: 0.3543  data_time: 0.0106  memory: 14840  grad_norm: 94.3157  loss: 175.6370  loss_cls: 44.9101  loss_bbox: 73.0182  loss_dfl: 57.7087
2024/07/28 10:48:22 - mmengine - INFO - Epoch(train) [215][100/102]  base_lr: 2.0000e-02 lr: 5.9420e-03  eta: 0:50:21  time: 0.3405  data_time: 0.0010  memory: 15147  grad_norm: 96.0358  loss: 170.3089  loss_cls: 42.5474  loss_bbox: 71.1693  loss_dfl: 56.5922
2024/07/28 10:48:22 - mmengine - INFO - Exp name: remdet_x-300e_coco_20240728_082805
2024/07/28 10:48:40 - mmengine - INFO - Epoch(train) [216][ 50/102]  base_lr: 2.0000e-02 lr: 5.8760e-03  eta: 0:50:03  time: 0.3547  data_time: 0.0112  memory: 14313  grad_norm: 97.2521  loss: 172.7336  loss_cls: 43.6482  loss_bbox: 71.9148  loss_dfl: 57.1707
2024/07/28 10:48:47 - mmengine - INFO - Exp name: remdet_x-300e_coco_20240728_082805
2024/07/28 10:48:57 - mmengine - INFO - Epoch(train) [216][100/102]  base_lr: 2.0000e-02 lr: 5.8760e-03  eta: 0:49:45  time: 0.3372  data_time: 0.0010  memory: 14593  grad_norm: 96.7088  loss: 173.6997  loss_cls: 44.2282  loss_bbox: 71.8045  loss_dfl: 57.6670
2024/07/28 10:48:57 - mmengine - INFO - Exp name: remdet_x-300e_coco_20240728_082805
2024/07/28 10:49:15 - mmengine - INFO - Epoch(train) [217][ 50/102]  base_lr: 2.0000e-02 lr: 5.8100e-03  eta: 0:49:27  time: 0.3567  data_time: 0.0100  memory: 14787  grad_norm: 97.1936  loss: 177.0933  loss_cls: 45.5907  loss_bbox: 74.0028  loss_dfl: 57.4997
2024/07/28 10:49:33 - mmengine - INFO - Epoch(train) [217][100/102]  base_lr: 2.0000e-02 lr: 5.8100e-03  eta: 0:49:09  time: 0.3436  data_time: 0.0011  memory: 14473  grad_norm: 96.6353  loss: 174.6147  loss_cls: 44.7031  loss_bbox: 72.5901  loss_dfl: 57.3215
2024/07/28 10:49:33 - mmengine - INFO - Exp name: remdet_x-300e_coco_20240728_082805
2024/07/28 10:49:52 - mmengine - INFO - Epoch(train) [218][ 50/102]  base_lr: 2.0000e-02 lr: 5.7440e-03  eta: 0:48:52  time: 0.3703  data_time: 0.0117  memory: 14227  grad_norm: 95.1934  loss: 172.9374  loss_cls: 44.1346  loss_bbox: 71.4725  loss_dfl: 57.3303
2024/07/28 10:50:09 - mmengine - INFO - Epoch(train) [218][100/102]  base_lr: 2.0000e-02 lr: 5.7440e-03  eta: 0:48:34  time: 0.3514  data_time: 0.0010  memory: 14860  grad_norm: 95.9717  loss: 171.8627  loss_cls: 43.4847  loss_bbox: 71.3545  loss_dfl: 57.0235
2024/07/28 10:50:10 - mmengine - INFO - Exp name: remdet_x-300e_coco_20240728_082805
2024/07/28 10:50:28 - mmengine - INFO - Epoch(train) [219][ 50/102]  base_lr: 2.0000e-02 lr: 5.6780e-03  eta: 0:48:16  time: 0.3588  data_time: 0.0116  memory: 15047  grad_norm: 96.8034  loss: 173.6844  loss_cls: 44.0853  loss_bbox: 72.4978  loss_dfl: 57.1014
2024/07/28 10:50:45 - mmengine - INFO - Epoch(train) [219][100/102]  base_lr: 2.0000e-02 lr: 5.6780e-03  eta: 0:47:59  time: 0.3440  data_time: 0.0011  memory: 14893  grad_norm: 96.3822  loss: 170.7183  loss_cls: 43.0143  loss_bbox: 71.0506  loss_dfl: 56.6533
2024/07/28 10:50:45 - mmengine - INFO - Exp name: remdet_x-300e_coco_20240728_082805
2024/07/28 10:51:03 - mmengine - INFO - Epoch(train) [220][ 50/102]  base_lr: 2.0000e-02 lr: 5.6120e-03  eta: 0:47:41  time: 0.3561  data_time: 0.0111  memory: 14940  grad_norm: 97.2238  loss: 173.6272  loss_cls: 44.9288  loss_bbox: 71.4706  loss_dfl: 57.2278
2024/07/28 10:51:20 - mmengine - INFO - Epoch(train) [220][100/102]  base_lr: 2.0000e-02 lr: 5.6120e-03  eta: 0:47:23  time: 0.3383  data_time: 0.0010  memory: 15413  grad_norm: 95.0162  loss: 172.3541  loss_cls: 43.7275  loss_bbox: 71.8350  loss_dfl: 56.7916
2024/07/28 10:51:20 - mmengine - INFO - Exp name: remdet_x-300e_coco_20240728_082805
2024/07/28 10:51:20 - mmengine - INFO - Saving checkpoint at 220 epochs
2024/07/28 10:51:26 - mmengine - INFO - Evaluating bbox...
2024/07/28 10:51:51 - mmengine - INFO - bbox_mAP_copypaste: 0.297 0.480 0.307 0.193 0.440 0.576
2024/07/28 10:51:52 - mmengine - INFO - Epoch(val) [220][9/9]    coco/bbox_mAP: 0.2970  coco/bbox_mAP_50: 0.4800  coco/bbox_mAP_75: 0.3070  coco/bbox_mAP_s: 0.1930  coco/bbox_mAP_m: 0.4400  coco/bbox_mAP_l: 0.5760  data_time: 0.0257  time: 0.1265
2024/07/28 10:52:09 - mmengine - INFO - Epoch(train) [221][ 50/102]  base_lr: 2.0000e-02 lr: 5.5460e-03  eta: 0:47:05  time: 0.3569  data_time: 0.0140  memory: 14913  grad_norm: 99.2009  loss: 171.3161  loss_cls: 43.2491  loss_bbox: 71.0871  loss_dfl: 56.9800
2024/07/28 10:52:26 - mmengine - INFO - Epoch(train) [221][100/102]  base_lr: 2.0000e-02 lr: 5.5460e-03  eta: 0:46:48  time: 0.3380  data_time: 0.0011  memory: 15513  grad_norm: 97.8564  loss: 172.9103  loss_cls: 44.1291  loss_bbox: 72.0950  loss_dfl: 56.6862
2024/07/28 10:52:27 - mmengine - INFO - Exp name: remdet_x-300e_coco_20240728_082805
2024/07/28 10:52:45 - mmengine - INFO - Epoch(train) [222][ 50/102]  base_lr: 2.0000e-02 lr: 5.4800e-03  eta: 0:46:30  time: 0.3593  data_time: 0.0156  memory: 15033  grad_norm: 100.0829  loss: 172.8953  loss_cls: 43.4768  loss_bbox: 72.0472  loss_dfl: 57.3713
2024/07/28 10:53:02 - mmengine - INFO - Epoch(train) [222][100/102]  base_lr: 2.0000e-02 lr: 5.4800e-03  eta: 0:46:12  time: 0.3364  data_time: 0.0011  memory: 14793  grad_norm: 98.0620  loss: 171.5814  loss_cls: 43.2353  loss_bbox: 71.1235  loss_dfl: 57.2226
2024/07/28 10:53:02 - mmengine - INFO - Exp name: remdet_x-300e_coco_20240728_082805
2024/07/28 10:53:20 - mmengine - INFO - Epoch(train) [223][ 50/102]  base_lr: 2.0000e-02 lr: 5.4140e-03  eta: 0:45:54  time: 0.3588  data_time: 0.0161  memory: 15213  grad_norm: 97.8430  loss: 172.1385  loss_cls: 43.1857  loss_bbox: 72.2222  loss_dfl: 56.7306
2024/07/28 10:53:37 - mmengine - INFO - Epoch(train) [223][100/102]  base_lr: 2.0000e-02 lr: 5.4140e-03  eta: 0:45:36  time: 0.3405  data_time: 0.0010  memory: 14587  grad_norm: 99.2403  loss: 170.2584  loss_cls: 43.0197  loss_bbox: 70.4071  loss_dfl: 56.8316
2024/07/28 10:53:38 - mmengine - INFO - Exp name: remdet_x-300e_coco_20240728_082805
2024/07/28 10:53:55 - mmengine - INFO - Epoch(train) [224][ 50/102]  base_lr: 2.0000e-02 lr: 5.3480e-03  eta: 0:45:18  time: 0.3565  data_time: 0.0109  memory: 14713  grad_norm: 98.3925  loss: 171.8557  loss_cls: 42.9230  loss_bbox: 71.6117  loss_dfl: 57.3209
2024/07/28 10:54:12 - mmengine - INFO - Epoch(train) [224][100/102]  base_lr: 2.0000e-02 lr: 5.3480e-03  eta: 0:45:01  time: 0.3377  data_time: 0.0011  memory: 14600  grad_norm: 99.0230  loss: 171.3562  loss_cls: 42.9384  loss_bbox: 71.4337  loss_dfl: 56.9841
2024/07/28 10:54:13 - mmengine - INFO - Exp name: remdet_x-300e_coco_20240728_082805
2024/07/28 10:54:31 - mmengine - INFO - Epoch(train) [225][ 50/102]  base_lr: 2.0000e-02 lr: 5.2820e-03  eta: 0:44:43  time: 0.3583  data_time: 0.0127  memory: 15833  grad_norm: 99.5927  loss: 168.5809  loss_cls: 42.5619  loss_bbox: 69.4114  loss_dfl: 56.6076
2024/07/28 10:54:48 - mmengine - INFO - Epoch(train) [225][100/102]  base_lr: 2.0000e-02 lr: 5.2820e-03  eta: 0:44:25  time: 0.3370  data_time: 0.0010  memory: 15187  grad_norm: 102.0623  loss: 168.7010  loss_cls: 41.7888  loss_bbox: 69.9982  loss_dfl: 56.9140
2024/07/28 10:54:48 - mmengine - INFO - Exp name: remdet_x-300e_coco_20240728_082805
2024/07/28 10:55:06 - mmengine - INFO - Exp name: remdet_x-300e_coco_20240728_082805
2024/07/28 10:55:06 - mmengine - INFO - Epoch(train) [226][ 50/102]  base_lr: 2.0000e-02 lr: 5.2160e-03  eta: 0:44:07  time: 0.3564  data_time: 0.0117  memory: 14660  grad_norm: 100.6481  loss: 172.4130  loss_cls: 43.5504  loss_bbox: 71.8602  loss_dfl: 57.0024
2024/07/28 10:55:23 - mmengine - INFO - Epoch(train) [226][100/102]  base_lr: 2.0000e-02 lr: 5.2160e-03  eta: 0:43:49  time: 0.3380  data_time: 0.0010  memory: 14800  grad_norm: 100.0701  loss: 171.5501  loss_cls: 42.5461  loss_bbox: 71.8458  loss_dfl: 57.1581
2024/07/28 10:55:23 - mmengine - INFO - Exp name: remdet_x-300e_coco_20240728_082805
2024/07/28 10:55:41 - mmengine - INFO - Epoch(train) [227][ 50/102]  base_lr: 2.0000e-02 lr: 5.1500e-03  eta: 0:43:31  time: 0.3581  data_time: 0.0149  memory: 14527  grad_norm: 101.5931  loss: 175.8991  loss_cls: 45.0262  loss_bbox: 73.9356  loss_dfl: 56.9372
2024/07/28 10:55:58 - mmengine - INFO - Epoch(train) [227][100/102]  base_lr: 2.0000e-02 lr: 5.1500e-03  eta: 0:43:14  time: 0.3380  data_time: 0.0010  memory: 15353  grad_norm: 99.6362  loss: 171.6252  loss_cls: 43.4383  loss_bbox: 71.4358  loss_dfl: 56.7512
2024/07/28 10:55:59 - mmengine - INFO - Exp name: remdet_x-300e_coco_20240728_082805
2024/07/28 10:56:16 - mmengine - INFO - Epoch(train) [228][ 50/102]  base_lr: 2.0000e-02 lr: 5.0840e-03  eta: 0:42:56  time: 0.3550  data_time: 0.0130  memory: 15167  grad_norm: 102.2887  loss: 172.1060  loss_cls: 43.5172  loss_bbox: 71.6490  loss_dfl: 56.9399
2024/07/28 10:56:33 - mmengine - INFO - Epoch(train) [228][100/102]  base_lr: 2.0000e-02 lr: 5.0840e-03  eta: 0:42:38  time: 0.3373  data_time: 0.0010  memory: 15720  grad_norm: 99.5519  loss: 168.2279  loss_cls: 41.8200  loss_bbox: 69.6339  loss_dfl: 56.7740
2024/07/28 10:56:34 - mmengine - INFO - Exp name: remdet_x-300e_coco_20240728_082805
2024/07/28 10:56:51 - mmengine - INFO - Epoch(train) [229][ 50/102]  base_lr: 2.0000e-02 lr: 5.0180e-03  eta: 0:42:20  time: 0.3569  data_time: 0.0123  memory: 14447  grad_norm: 100.6560  loss: 169.8142  loss_cls: 42.1064  loss_bbox: 70.8555  loss_dfl: 56.8523
2024/07/28 10:57:08 - mmengine - INFO - Epoch(train) [229][100/102]  base_lr: 2.0000e-02 lr: 5.0180e-03  eta: 0:42:03  time: 0.3394  data_time: 0.0010  memory: 15240  grad_norm: 103.0993  loss: 170.9521  loss_cls: 42.5702  loss_bbox: 71.6700  loss_dfl: 56.7119
2024/07/28 10:57:09 - mmengine - INFO - Exp name: remdet_x-300e_coco_20240728_082805
2024/07/28 10:57:27 - mmengine - INFO - Epoch(train) [230][ 50/102]  base_lr: 2.0000e-02 lr: 4.9520e-03  eta: 0:41:45  time: 0.3571  data_time: 0.0125  memory: 15260  grad_norm: 102.3603  loss: 170.1027  loss_cls: 42.4539  loss_bbox: 70.8982  loss_dfl: 56.7506
2024/07/28 10:57:44 - mmengine - INFO - Epoch(train) [230][100/102]  base_lr: 2.0000e-02 lr: 4.9520e-03  eta: 0:41:27  time: 0.3376  data_time: 0.0010  memory: 14887  grad_norm: 100.0421  loss: 172.0921  loss_cls: 43.3913  loss_bbox: 71.8389  loss_dfl: 56.8619
2024/07/28 10:57:44 - mmengine - INFO - Exp name: remdet_x-300e_coco_20240728_082805
2024/07/28 10:57:44 - mmengine - INFO - Saving checkpoint at 230 epochs
2024/07/28 10:57:50 - mmengine - INFO - Evaluating bbox...
2024/07/28 10:58:15 - mmengine - INFO - bbox_mAP_copypaste: 0.298 0.481 0.307 0.193 0.441 0.584
2024/07/28 10:58:15 - mmengine - INFO - Epoch(val) [230][9/9]    coco/bbox_mAP: 0.2980  coco/bbox_mAP_50: 0.4810  coco/bbox_mAP_75: 0.3070  coco/bbox_mAP_s: 0.1930  coco/bbox_mAP_m: 0.4410  coco/bbox_mAP_l: 0.5840  data_time: 0.0231  time: 0.1242
2024/07/28 10:58:15 - mmengine - INFO - The previous best checkpoint /mnt/exam_log/0723_remdet/remdet_series/visdrone/remdet_x/best_coco_bbox_mAP_epoch_210.pth is removed
2024/07/28 10:58:17 - mmengine - INFO - The best checkpoint with 0.2980 coco/bbox_mAP at 230 epoch is saved to best_coco_bbox_mAP_epoch_230.pth.
2024/07/28 10:58:38 - mmengine - INFO - Epoch(train) [231][ 50/102]  base_lr: 2.0000e-02 lr: 4.8860e-03  eta: 0:41:09  time: 0.3545  data_time: 0.0119  memory: 15227  grad_norm: 101.5935  loss: 170.5068  loss_cls: 42.5216  loss_bbox: 71.1216  loss_dfl: 56.8635
2024/07/28 10:58:55 - mmengine - INFO - Epoch(train) [231][100/102]  base_lr: 2.0000e-02 lr: 4.8860e-03  eta: 0:40:51  time: 0.3386  data_time: 0.0011  memory: 15413  grad_norm: 104.9768  loss: 172.3553  loss_cls: 43.3242  loss_bbox: 72.4339  loss_dfl: 56.5972
2024/07/28 10:58:55 - mmengine - INFO - Exp name: remdet_x-300e_coco_20240728_082805
2024/07/28 10:59:13 - mmengine - INFO - Epoch(train) [232][ 50/102]  base_lr: 2.0000e-02 lr: 4.8200e-03  eta: 0:40:33  time: 0.3637  data_time: 0.0152  memory: 14747  grad_norm: 101.7174  loss: 172.6197  loss_cls: 43.6039  loss_bbox: 72.3548  loss_dfl: 56.6610
2024/07/28 10:59:31 - mmengine - INFO - Epoch(train) [232][100/102]  base_lr: 2.0000e-02 lr: 4.8200e-03  eta: 0:40:16  time: 0.3514  data_time: 0.0010  memory: 14960  grad_norm: 102.7457  loss: 172.0552  loss_cls: 43.3041  loss_bbox: 71.6531  loss_dfl: 57.0980
2024/07/28 10:59:32 - mmengine - INFO - Exp name: remdet_x-300e_coco_20240728_082805
2024/07/28 10:59:50 - mmengine - INFO - Epoch(train) [233][ 50/102]  base_lr: 2.0000e-02 lr: 4.7540e-03  eta: 0:39:58  time: 0.3645  data_time: 0.0134  memory: 14733  grad_norm: 101.9884  loss: 169.2697  loss_cls: 42.3254  loss_bbox: 70.0431  loss_dfl: 56.9012
2024/07/28 11:00:07 - mmengine - INFO - Epoch(train) [233][100/102]  base_lr: 2.0000e-02 lr: 4.7540e-03  eta: 0:39:41  time: 0.3419  data_time: 0.0011  memory: 14487  grad_norm: 104.9082  loss: 169.5655  loss_cls: 42.4257  loss_bbox: 70.5910  loss_dfl: 56.5488
2024/07/28 11:00:07 - mmengine - INFO - Exp name: remdet_x-300e_coco_20240728_082805
2024/07/28 11:00:25 - mmengine - INFO - Epoch(train) [234][ 50/102]  base_lr: 2.0000e-02 lr: 4.6880e-03  eta: 0:39:23  time: 0.3607  data_time: 0.0128  memory: 14800  grad_norm: 103.6682  loss: 170.3454  loss_cls: 43.1036  loss_bbox: 70.2117  loss_dfl: 57.0301
2024/07/28 11:00:43 - mmengine - INFO - Epoch(train) [234][100/102]  base_lr: 2.0000e-02 lr: 4.6880e-03  eta: 0:39:05  time: 0.3440  data_time: 0.0011  memory: 15273  grad_norm: 103.5680  loss: 171.8273  loss_cls: 43.2768  loss_bbox: 71.5975  loss_dfl: 56.9530
2024/07/28 11:00:43 - mmengine - INFO - Exp name: remdet_x-300e_coco_20240728_082805
2024/07/28 11:01:01 - mmengine - INFO - Epoch(train) [235][ 50/102]  base_lr: 2.0000e-02 lr: 4.6220e-03  eta: 0:38:47  time: 0.3608  data_time: 0.0115  memory: 14773  grad_norm: 101.7254  loss: 170.3780  loss_cls: 42.8367  loss_bbox: 71.2300  loss_dfl: 56.3114
2024/07/28 11:01:18 - mmengine - INFO - Epoch(train) [235][100/102]  base_lr: 2.0000e-02 lr: 4.6220e-03  eta: 0:38:29  time: 0.3385  data_time: 0.0011  memory: 16420  grad_norm: 104.4740  loss: 169.1421  loss_cls: 41.9964  loss_bbox: 70.6492  loss_dfl: 56.4965
2024/07/28 11:01:19 - mmengine - INFO - Exp name: remdet_x-300e_coco_20240728_082805
2024/07/28 11:01:30 - mmengine - INFO - Exp name: remdet_x-300e_coco_20240728_082805
2024/07/28 11:01:36 - mmengine - INFO - Epoch(train) [236][ 50/102]  base_lr: 2.0000e-02 lr: 4.5560e-03  eta: 0:38:11  time: 0.3587  data_time: 0.0106  memory: 14887  grad_norm: 105.6206  loss: 170.0578  loss_cls: 42.5582  loss_bbox: 70.7233  loss_dfl: 56.7763
2024/07/28 11:01:53 - mmengine - INFO - Epoch(train) [236][100/102]  base_lr: 2.0000e-02 lr: 4.5560e-03  eta: 0:37:54  time: 0.3391  data_time: 0.0011  memory: 15260  grad_norm: 104.6470  loss: 166.0343  loss_cls: 40.6411  loss_bbox: 69.0755  loss_dfl: 56.3177
2024/07/28 11:01:54 - mmengine - INFO - Exp name: remdet_x-300e_coco_20240728_082805
2024/07/28 11:02:12 - mmengine - INFO - Epoch(train) [237][ 50/102]  base_lr: 2.0000e-02 lr: 4.4900e-03  eta: 0:37:36  time: 0.3570  data_time: 0.0122  memory: 15087  grad_norm: 105.0314  loss: 166.4337  loss_cls: 40.8867  loss_bbox: 69.5230  loss_dfl: 56.0240
2024/07/28 11:02:29 - mmengine - INFO - Epoch(train) [237][100/102]  base_lr: 2.0000e-02 lr: 4.4900e-03  eta: 0:37:18  time: 0.3391  data_time: 0.0011  memory: 14573  grad_norm: 103.0490  loss: 168.0903  loss_cls: 41.2359  loss_bbox: 70.3019  loss_dfl: 56.5525
2024/07/28 11:02:29 - mmengine - INFO - Exp name: remdet_x-300e_coco_20240728_082805
2024/07/28 11:02:47 - mmengine - INFO - Epoch(train) [238][ 50/102]  base_lr: 2.0000e-02 lr: 4.4240e-03  eta: 0:37:00  time: 0.3576  data_time: 0.0139  memory: 14660  grad_norm: 106.0177  loss: 169.0928  loss_cls: 41.8257  loss_bbox: 70.6004  loss_dfl: 56.6668
2024/07/28 11:03:04 - mmengine - INFO - Epoch(train) [238][100/102]  base_lr: 2.0000e-02 lr: 4.4240e-03  eta: 0:36:43  time: 0.3387  data_time: 0.0011  memory: 15807  grad_norm: 102.9928  loss: 167.0366  loss_cls: 41.6211  loss_bbox: 69.0835  loss_dfl: 56.3321
2024/07/28 11:03:05 - mmengine - INFO - Exp name: remdet_x-300e_coco_20240728_082805
2024/07/28 11:03:22 - mmengine - INFO - Epoch(train) [239][ 50/102]  base_lr: 2.0000e-02 lr: 4.3580e-03  eta: 0:36:25  time: 0.3590  data_time: 0.0135  memory: 14980  grad_norm: 107.1442  loss: 167.5371  loss_cls: 40.9341  loss_bbox: 70.1658  loss_dfl: 56.4373
2024/07/28 11:03:39 - mmengine - INFO - Epoch(train) [239][100/102]  base_lr: 2.0000e-02 lr: 4.3580e-03  eta: 0:36:07  time: 0.3385  data_time: 0.0011  memory: 14367  grad_norm: 106.2422  loss: 169.8649  loss_cls: 42.3772  loss_bbox: 70.7342  loss_dfl: 56.7535
2024/07/28 11:03:40 - mmengine - INFO - Exp name: remdet_x-300e_coco_20240728_082805
2024/07/28 11:03:58 - mmengine - INFO - Epoch(train) [240][ 50/102]  base_lr: 2.0000e-02 lr: 4.2920e-03  eta: 0:35:49  time: 0.3587  data_time: 0.0130  memory: 15040  grad_norm: 105.2726  loss: 168.5000  loss_cls: 42.0217  loss_bbox: 69.6566  loss_dfl: 56.8217
2024/07/28 11:04:15 - mmengine - INFO - Epoch(train) [240][100/102]  base_lr: 2.0000e-02 lr: 4.2920e-03  eta: 0:35:32  time: 0.3394  data_time: 0.0011  memory: 15407  grad_norm: 104.7708  loss: 171.4879  loss_cls: 43.1980  loss_bbox: 71.3476  loss_dfl: 56.9423
2024/07/28 11:04:15 - mmengine - INFO - Exp name: remdet_x-300e_coco_20240728_082805
2024/07/28 11:04:15 - mmengine - INFO - Saving checkpoint at 240 epochs
2024/07/28 11:04:21 - mmengine - INFO - Evaluating bbox...
2024/07/28 11:04:46 - mmengine - INFO - bbox_mAP_copypaste: 0.298 0.481 0.309 0.194 0.440 0.580
2024/07/28 11:04:46 - mmengine - INFO - Epoch(val) [240][9/9]    coco/bbox_mAP: 0.2980  coco/bbox_mAP_50: 0.4810  coco/bbox_mAP_75: 0.3090  coco/bbox_mAP_s: 0.1940  coco/bbox_mAP_m: 0.4400  coco/bbox_mAP_l: 0.5800  data_time: 0.0190  time: 0.1201
2024/07/28 11:05:04 - mmengine - INFO - Epoch(train) [241][ 50/102]  base_lr: 2.0000e-02 lr: 4.2260e-03  eta: 0:35:14  time: 0.3569  data_time: 0.0118  memory: 14693  grad_norm: 106.9295  loss: 167.6639  loss_cls: 41.3781  loss_bbox: 69.7748  loss_dfl: 56.5110
2024/07/28 11:05:21 - mmengine - INFO - Epoch(train) [241][100/102]  base_lr: 2.0000e-02 lr: 4.2260e-03  eta: 0:34:56  time: 0.3382  data_time: 0.0011  memory: 14933  grad_norm: 108.2637  loss: 169.1999  loss_cls: 41.8647  loss_bbox: 70.4188  loss_dfl: 56.9165
2024/07/28 11:05:21 - mmengine - INFO - Exp name: remdet_x-300e_coco_20240728_082805
2024/07/28 11:05:39 - mmengine - INFO - Epoch(train) [242][ 50/102]  base_lr: 2.0000e-02 lr: 4.1600e-03  eta: 0:34:38  time: 0.3611  data_time: 0.0100  memory: 15487  grad_norm: 106.2586  loss: 168.4298  loss_cls: 41.2660  loss_bbox: 70.0019  loss_dfl: 57.1619
2024/07/28 11:05:56 - mmengine - INFO - Epoch(train) [242][100/102]  base_lr: 2.0000e-02 lr: 4.1600e-03  eta: 0:34:21  time: 0.3394  data_time: 0.0011  memory: 14887  grad_norm: 105.5455  loss: 169.8908  loss_cls: 42.0592  loss_bbox: 70.9598  loss_dfl: 56.8718
2024/07/28 11:05:57 - mmengine - INFO - Exp name: remdet_x-300e_coco_20240728_082805
2024/07/28 11:06:15 - mmengine - INFO - Epoch(train) [243][ 50/102]  base_lr: 2.0000e-02 lr: 4.0940e-03  eta: 0:34:02  time: 0.3596  data_time: 0.0153  memory: 14833  grad_norm: 106.7748  loss: 164.5521  loss_cls: 39.7836  loss_bbox: 68.4429  loss_dfl: 56.3256
2024/07/28 11:06:32 - mmengine - INFO - Epoch(train) [243][100/102]  base_lr: 2.0000e-02 lr: 4.0940e-03  eta: 0:33:45  time: 0.3397  data_time: 0.0011  memory: 14513  grad_norm: 108.3330  loss: 164.0163  loss_cls: 40.0542  loss_bbox: 67.9721  loss_dfl: 55.9901
2024/07/28 11:06:32 - mmengine - INFO - Exp name: remdet_x-300e_coco_20240728_082805
2024/07/28 11:06:50 - mmengine - INFO - Epoch(train) [244][ 50/102]  base_lr: 2.0000e-02 lr: 4.0280e-03  eta: 0:33:27  time: 0.3641  data_time: 0.0119  memory: 15793  grad_norm: 106.7171  loss: 163.7560  loss_cls: 39.8881  loss_bbox: 68.1427  loss_dfl: 55.7252
2024/07/28 11:07:07 - mmengine - INFO - Epoch(train) [244][100/102]  base_lr: 2.0000e-02 lr: 4.0280e-03  eta: 0:33:09  time: 0.3393  data_time: 0.0011  memory: 14433  grad_norm: 105.1419  loss: 166.7254  loss_cls: 40.7015  loss_bbox: 69.0599  loss_dfl: 56.9641
2024/07/28 11:07:08 - mmengine - INFO - Exp name: remdet_x-300e_coco_20240728_082805
2024/07/28 11:07:26 - mmengine - INFO - Epoch(train) [245][ 50/102]  base_lr: 2.0000e-02 lr: 3.9620e-03  eta: 0:32:51  time: 0.3612  data_time: 0.0112  memory: 15187  grad_norm: 107.5550  loss: 166.4860  loss_cls: 40.4996  loss_bbox: 69.0281  loss_dfl: 56.9583
2024/07/28 11:07:43 - mmengine - INFO - Epoch(train) [245][100/102]  base_lr: 2.0000e-02 lr: 3.9620e-03  eta: 0:32:34  time: 0.3383  data_time: 0.0011  memory: 15000  grad_norm: 108.5145  loss: 168.7177  loss_cls: 41.8796  loss_bbox: 70.4914  loss_dfl: 56.3468
2024/07/28 11:07:43 - mmengine - INFO - Exp name: remdet_x-300e_coco_20240728_082805
2024/07/28 11:07:48 - mmengine - INFO - Exp name: remdet_x-300e_coco_20240728_082805
2024/07/28 11:08:01 - mmengine - INFO - Epoch(train) [246][ 50/102]  base_lr: 2.0000e-02 lr: 3.8960e-03  eta: 0:32:16  time: 0.3574  data_time: 0.0085  memory: 14733  grad_norm: 109.6737  loss: 169.0700  loss_cls: 41.8920  loss_bbox: 69.6839  loss_dfl: 57.4941
2024/07/28 11:08:18 - mmengine - INFO - Epoch(train) [246][100/102]  base_lr: 2.0000e-02 lr: 3.8960e-03  eta: 0:31:58  time: 0.3436  data_time: 0.0010  memory: 14333  grad_norm: 108.5841  loss: 167.2967  loss_cls: 41.2858  loss_bbox: 69.5828  loss_dfl: 56.4281
2024/07/28 11:08:19 - mmengine - INFO - Exp name: remdet_x-300e_coco_20240728_082805
2024/07/28 11:08:37 - mmengine - INFO - Epoch(train) [247][ 50/102]  base_lr: 2.0000e-02 lr: 3.8300e-03  eta: 0:31:41  time: 0.3710  data_time: 0.0118  memory: 14727  grad_norm: 109.1805  loss: 168.5864  loss_cls: 41.6421  loss_bbox: 70.2270  loss_dfl: 56.7172
2024/07/28 11:08:55 - mmengine - INFO - Epoch(train) [247][100/102]  base_lr: 2.0000e-02 lr: 3.8300e-03  eta: 0:31:23  time: 0.3468  data_time: 0.0011  memory: 15613  grad_norm: 110.7988  loss: 167.6653  loss_cls: 41.0699  loss_bbox: 70.4024  loss_dfl: 56.1930
2024/07/28 11:08:55 - mmengine - INFO - Exp name: remdet_x-300e_coco_20240728_082805
2024/07/28 11:09:13 - mmengine - INFO - Epoch(train) [248][ 50/102]  base_lr: 2.0000e-02 lr: 3.7640e-03  eta: 0:31:05  time: 0.3586  data_time: 0.0129  memory: 14680  grad_norm: 109.5664  loss: 169.6419  loss_cls: 42.2109  loss_bbox: 70.5658  loss_dfl: 56.8652
2024/07/28 11:09:30 - mmengine - INFO - Epoch(train) [248][100/102]  base_lr: 2.0000e-02 lr: 3.7640e-03  eta: 0:30:48  time: 0.3409  data_time: 0.0011  memory: 14647  grad_norm: 110.7296  loss: 168.8201  loss_cls: 42.2012  loss_bbox: 70.1154  loss_dfl: 56.5035
2024/07/28 11:09:31 - mmengine - INFO - Exp name: remdet_x-300e_coco_20240728_082805
2024/07/28 11:09:49 - mmengine - INFO - Epoch(train) [249][ 50/102]  base_lr: 2.0000e-02 lr: 3.6980e-03  eta: 0:30:30  time: 0.3610  data_time: 0.0124  memory: 14847  grad_norm: 111.7598  loss: 165.8378  loss_cls: 40.6725  loss_bbox: 68.6346  loss_dfl: 56.5306
2024/07/28 11:10:06 - mmengine - INFO - Epoch(train) [249][100/102]  base_lr: 2.0000e-02 lr: 3.6980e-03  eta: 0:30:12  time: 0.3382  data_time: 0.0011  memory: 14827  grad_norm: 109.8221  loss: 163.6158  loss_cls: 39.6738  loss_bbox: 67.6921  loss_dfl: 56.2500
2024/07/28 11:10:06 - mmengine - INFO - Exp name: remdet_x-300e_coco_20240728_082805
2024/07/28 11:10:24 - mmengine - INFO - Epoch(train) [250][ 50/102]  base_lr: 2.0000e-02 lr: 3.6320e-03  eta: 0:29:54  time: 0.3626  data_time: 0.0146  memory: 15367  grad_norm: 111.0570  loss: 164.0765  loss_cls: 39.6198  loss_bbox: 68.2277  loss_dfl: 56.2290
2024/07/28 11:10:41 - mmengine - INFO - Epoch(train) [250][100/102]  base_lr: 2.0000e-02 lr: 3.6320e-03  eta: 0:29:36  time: 0.3373  data_time: 0.0011  memory: 14307  grad_norm: 109.4625  loss: 165.5565  loss_cls: 40.1268  loss_bbox: 68.7993  loss_dfl: 56.6304
2024/07/28 11:10:42 - mmengine - INFO - Exp name: remdet_x-300e_coco_20240728_082805
2024/07/28 11:10:42 - mmengine - INFO - Saving checkpoint at 250 epochs
2024/07/28 11:10:48 - mmengine - INFO - Evaluating bbox...
2024/07/28 11:11:12 - mmengine - INFO - bbox_mAP_copypaste: 0.298 0.481 0.308 0.194 0.441 0.578
2024/07/28 11:11:13 - mmengine - INFO - Epoch(val) [250][9/9]    coco/bbox_mAP: 0.2980  coco/bbox_mAP_50: 0.4810  coco/bbox_mAP_75: 0.3080  coco/bbox_mAP_s: 0.1940  coco/bbox_mAP_m: 0.4410  coco/bbox_mAP_l: 0.5780  data_time: 0.0257  time: 0.1267
2024/07/28 11:11:31 - mmengine - INFO - Epoch(train) [251][ 50/102]  base_lr: 2.0000e-02 lr: 3.5660e-03  eta: 0:29:18  time: 0.3575  data_time: 0.0143  memory: 14773  grad_norm: 111.0396  loss: 165.9901  loss_cls: 40.3312  loss_bbox: 69.2658  loss_dfl: 56.3931
2024/07/28 11:11:47 - mmengine - INFO - Epoch(train) [251][100/102]  base_lr: 2.0000e-02 lr: 3.5660e-03  eta: 0:29:01  time: 0.3397  data_time: 0.0011  memory: 14500  grad_norm: 109.7034  loss: 165.7626  loss_cls: 40.5994  loss_bbox: 68.8568  loss_dfl: 56.3063
2024/07/28 11:11:48 - mmengine - INFO - Exp name: remdet_x-300e_coco_20240728_082805
2024/07/28 11:12:06 - mmengine - INFO - Epoch(train) [252][ 50/102]  base_lr: 2.0000e-02 lr: 3.5000e-03  eta: 0:28:43  time: 0.3561  data_time: 0.0108  memory: 14580  grad_norm: 112.2062  loss: 164.8305  loss_cls: 39.8157  loss_bbox: 68.9957  loss_dfl: 56.0190
2024/07/28 11:12:23 - mmengine - INFO - Epoch(train) [252][100/102]  base_lr: 2.0000e-02 lr: 3.5000e-03  eta: 0:28:25  time: 0.3384  data_time: 0.0011  memory: 15100  grad_norm: 111.1842  loss: 163.9362  loss_cls: 40.0140  loss_bbox: 67.5551  loss_dfl: 56.3672
2024/07/28 11:12:23 - mmengine - INFO - Exp name: remdet_x-300e_coco_20240728_082805
2024/07/28 11:12:41 - mmengine - INFO - Epoch(train) [253][ 50/102]  base_lr: 2.0000e-02 lr: 3.4340e-03  eta: 0:28:07  time: 0.3538  data_time: 0.0117  memory: 14380  grad_norm: 113.2434  loss: 165.7463  loss_cls: 40.4413  loss_bbox: 68.9357  loss_dfl: 56.3693
2024/07/28 11:12:58 - mmengine - INFO - Epoch(train) [253][100/102]  base_lr: 2.0000e-02 lr: 3.4340e-03  eta: 0:27:50  time: 0.3387  data_time: 0.0011  memory: 14907  grad_norm: 110.9065  loss: 166.0203  loss_cls: 40.7973  loss_bbox: 68.7431  loss_dfl: 56.4799
2024/07/28 11:12:58 - mmengine - INFO - Exp name: remdet_x-300e_coco_20240728_082805
2024/07/28 11:13:16 - mmengine - INFO - Epoch(train) [254][ 50/102]  base_lr: 2.0000e-02 lr: 3.3680e-03  eta: 0:27:32  time: 0.3591  data_time: 0.0124  memory: 14640  grad_norm: 111.1446  loss: 165.5150  loss_cls: 40.2629  loss_bbox: 69.1656  loss_dfl: 56.0865
2024/07/28 11:13:33 - mmengine - INFO - Epoch(train) [254][100/102]  base_lr: 2.0000e-02 lr: 3.3680e-03  eta: 0:27:14  time: 0.3390  data_time: 0.0011  memory: 14913  grad_norm: 114.2195  loss: 166.0736  loss_cls: 40.6582  loss_bbox: 69.0288  loss_dfl: 56.3866
2024/07/28 11:13:34 - mmengine - INFO - Exp name: remdet_x-300e_coco_20240728_082805
2024/07/28 11:13:52 - mmengine - INFO - Epoch(train) [255][ 50/102]  base_lr: 2.0000e-02 lr: 3.3020e-03  eta: 0:26:56  time: 0.3585  data_time: 0.0163  memory: 15467  grad_norm: 114.6883  loss: 164.7316  loss_cls: 40.1221  loss_bbox: 67.9060  loss_dfl: 56.7035
2024/07/28 11:14:06 - mmengine - INFO - Exp name: remdet_x-300e_coco_20240728_082805
2024/07/28 11:14:09 - mmengine - INFO - Epoch(train) [255][100/102]  base_lr: 2.0000e-02 lr: 3.3020e-03  eta: 0:26:39  time: 0.3393  data_time: 0.0011  memory: 14380  grad_norm: 112.3128  loss: 165.3778  loss_cls: 40.3948  loss_bbox: 68.5789  loss_dfl: 56.4041
2024/07/28 11:14:09 - mmengine - INFO - Exp name: remdet_x-300e_coco_20240728_082805
2024/07/28 11:14:27 - mmengine - INFO - Epoch(train) [256][ 50/102]  base_lr: 2.0000e-02 lr: 3.2360e-03  eta: 0:26:21  time: 0.3578  data_time: 0.0119  memory: 14940  grad_norm: 112.5978  loss: 164.4765  loss_cls: 39.5322  loss_bbox: 68.6606  loss_dfl: 56.2837
2024/07/28 11:14:44 - mmengine - INFO - Epoch(train) [256][100/102]  base_lr: 2.0000e-02 lr: 3.2360e-03  eta: 0:26:03  time: 0.3378  data_time: 0.0011  memory: 14747  grad_norm: 113.3187  loss: 165.0265  loss_cls: 39.9140  loss_bbox: 68.7910  loss_dfl: 56.3215
2024/07/28 11:14:44 - mmengine - INFO - Exp name: remdet_x-300e_coco_20240728_082805
2024/07/28 11:15:02 - mmengine - INFO - Epoch(train) [257][ 50/102]  base_lr: 2.0000e-02 lr: 3.1700e-03  eta: 0:25:45  time: 0.3532  data_time: 0.0100  memory: 14680  grad_norm: 115.2978  loss: 163.1213  loss_cls: 39.3506  loss_bbox: 67.6331  loss_dfl: 56.1376
2024/07/28 11:15:19 - mmengine - INFO - Epoch(train) [257][100/102]  base_lr: 2.0000e-02 lr: 3.1700e-03  eta: 0:25:27  time: 0.3374  data_time: 0.0010  memory: 14700  grad_norm: 115.0143  loss: 164.8833  loss_cls: 40.1140  loss_bbox: 68.1633  loss_dfl: 56.6061
2024/07/28 11:15:19 - mmengine - INFO - Exp name: remdet_x-300e_coco_20240728_082805
2024/07/28 11:15:38 - mmengine - INFO - Epoch(train) [258][ 50/102]  base_lr: 2.0000e-02 lr: 3.1040e-03  eta: 0:25:09  time: 0.3624  data_time: 0.0091  memory: 15307  grad_norm: 114.0953  loss: 163.0599  loss_cls: 39.3705  loss_bbox: 67.4325  loss_dfl: 56.2569
2024/07/28 11:15:54 - mmengine - INFO - Epoch(train) [258][100/102]  base_lr: 2.0000e-02 lr: 3.1040e-03  eta: 0:24:52  time: 0.3385  data_time: 0.0011  memory: 14980  grad_norm: 115.6620  loss: 166.3704  loss_cls: 40.5232  loss_bbox: 69.0831  loss_dfl: 56.7641
2024/07/28 11:15:55 - mmengine - INFO - Exp name: remdet_x-300e_coco_20240728_082805
2024/07/28 11:16:13 - mmengine - INFO - Epoch(train) [259][ 50/102]  base_lr: 2.0000e-02 lr: 3.0380e-03  eta: 0:24:34  time: 0.3591  data_time: 0.0090  memory: 15200  grad_norm: 113.5004  loss: 165.0780  loss_cls: 40.2107  loss_bbox: 68.7828  loss_dfl: 56.0845
2024/07/28 11:16:30 - mmengine - INFO - Epoch(train) [259][100/102]  base_lr: 2.0000e-02 lr: 3.0380e-03  eta: 0:24:16  time: 0.3377  data_time: 0.0011  memory: 15647  grad_norm: 115.0098  loss: 163.4397  loss_cls: 39.2674  loss_bbox: 68.0757  loss_dfl: 56.0967
2024/07/28 11:16:30 - mmengine - INFO - Exp name: remdet_x-300e_coco_20240728_082805
2024/07/28 11:16:49 - mmengine - INFO - Epoch(train) [260][ 50/102]  base_lr: 2.0000e-02 lr: 2.9720e-03  eta: 0:23:58  time: 0.3651  data_time: 0.0121  memory: 14640  grad_norm: 114.0301  loss: 161.0562  loss_cls: 38.2925  loss_bbox: 66.4184  loss_dfl: 56.3453
2024/07/28 11:17:06 - mmengine - INFO - Epoch(train) [260][100/102]  base_lr: 2.0000e-02 lr: 2.9720e-03  eta: 0:23:41  time: 0.3412  data_time: 0.0011  memory: 16440  grad_norm: 113.7049  loss: 162.0792  loss_cls: 39.1587  loss_bbox: 66.8025  loss_dfl: 56.1181
2024/07/28 11:17:06 - mmengine - INFO - Exp name: remdet_x-300e_coco_20240728_082805
2024/07/28 11:17:06 - mmengine - INFO - Saving checkpoint at 260 epochs
2024/07/28 11:17:12 - mmengine - INFO - Evaluating bbox...
2024/07/28 11:17:36 - mmengine - INFO - bbox_mAP_copypaste: 0.299 0.482 0.310 0.195 0.441 0.575
2024/07/28 11:17:36 - mmengine - INFO - Epoch(val) [260][9/9]    coco/bbox_mAP: 0.2990  coco/bbox_mAP_50: 0.4820  coco/bbox_mAP_75: 0.3100  coco/bbox_mAP_s: 0.1950  coco/bbox_mAP_m: 0.4410  coco/bbox_mAP_l: 0.5750  data_time: 0.0191  time: 0.1197
2024/07/28 11:17:37 - mmengine - INFO - The previous best checkpoint /mnt/exam_log/0723_remdet/remdet_series/visdrone/remdet_x/best_coco_bbox_mAP_epoch_230.pth is removed
2024/07/28 11:17:39 - mmengine - INFO - The best checkpoint with 0.2990 coco/bbox_mAP at 260 epoch is saved to best_coco_bbox_mAP_epoch_260.pth.
2024/07/28 11:18:01 - mmengine - INFO - Epoch(train) [261][ 50/102]  base_lr: 2.0000e-02 lr: 2.9060e-03  eta: 0:23:23  time: 0.3627  data_time: 0.0121  memory: 14780  grad_norm: 116.6251  loss: 162.7058  loss_cls: 38.9445  loss_bbox: 67.7494  loss_dfl: 56.0119
2024/07/28 11:18:18 - mmengine - INFO - Epoch(train) [261][100/102]  base_lr: 2.0000e-02 lr: 2.9060e-03  eta: 0:23:05  time: 0.3442  data_time: 0.0011  memory: 14667  grad_norm: 115.3304  loss: 164.2470  loss_cls: 39.4649  loss_bbox: 68.3716  loss_dfl: 56.4105
2024/07/28 11:18:18 - mmengine - INFO - Exp name: remdet_x-300e_coco_20240728_082805
2024/07/28 11:18:37 - mmengine - INFO - Epoch(train) [262][ 50/102]  base_lr: 2.0000e-02 lr: 2.8400e-03  eta: 0:22:47  time: 0.3684  data_time: 0.0124  memory: 14653  grad_norm: 116.0512  loss: 162.9896  loss_cls: 39.7109  loss_bbox: 67.2732  loss_dfl: 56.0055
2024/07/28 11:18:54 - mmengine - INFO - Epoch(train) [262][100/102]  base_lr: 2.0000e-02 lr: 2.8400e-03  eta: 0:22:30  time: 0.3439  data_time: 0.0011  memory: 14507  grad_norm: 115.7557  loss: 161.9588  loss_cls: 38.7492  loss_bbox: 66.9961  loss_dfl: 56.2134
2024/07/28 11:18:55 - mmengine - INFO - Exp name: remdet_x-300e_coco_20240728_082805
2024/07/28 11:19:13 - mmengine - INFO - Epoch(train) [263][ 50/102]  base_lr: 2.0000e-02 lr: 2.7740e-03  eta: 0:22:12  time: 0.3673  data_time: 0.0128  memory: 15227  grad_norm: 117.9859  loss: 163.8938  loss_cls: 39.4935  loss_bbox: 68.4106  loss_dfl: 55.9897
2024/07/28 11:19:30 - mmengine - INFO - Epoch(train) [263][100/102]  base_lr: 2.0000e-02 lr: 2.7740e-03  eta: 0:21:55  time: 0.3380  data_time: 0.0011  memory: 14687  grad_norm: 115.8836  loss: 160.0418  loss_cls: 37.7049  loss_bbox: 65.9031  loss_dfl: 56.4338
2024/07/28 11:19:30 - mmengine - INFO - Exp name: remdet_x-300e_coco_20240728_082805
2024/07/28 11:19:48 - mmengine - INFO - Epoch(train) [264][ 50/102]  base_lr: 2.0000e-02 lr: 2.7080e-03  eta: 0:21:36  time: 0.3555  data_time: 0.0109  memory: 14720  grad_norm: 115.6009  loss: 159.6715  loss_cls: 37.6721  loss_bbox: 66.0495  loss_dfl: 55.9499
2024/07/28 11:20:05 - mmengine - INFO - Epoch(train) [264][100/102]  base_lr: 2.0000e-02 lr: 2.7080e-03  eta: 0:21:19  time: 0.3383  data_time: 0.0011  memory: 14353  grad_norm: 118.4692  loss: 163.1690  loss_cls: 38.9353  loss_bbox: 67.8949  loss_dfl: 56.3388
2024/07/28 11:20:05 - mmengine - INFO - Exp name: remdet_x-300e_coco_20240728_082805
2024/07/28 11:20:23 - mmengine - INFO - Epoch(train) [265][ 50/102]  base_lr: 2.0000e-02 lr: 2.6420e-03  eta: 0:21:01  time: 0.3571  data_time: 0.0158  memory: 16027  grad_norm: 115.6245  loss: 164.8635  loss_cls: 39.9208  loss_bbox: 68.8090  loss_dfl: 56.1337
2024/07/28 11:20:31 - mmengine - INFO - Exp name: remdet_x-300e_coco_20240728_082805
2024/07/28 11:20:40 - mmengine - INFO - Epoch(train) [265][100/102]  base_lr: 2.0000e-02 lr: 2.6420e-03  eta: 0:20:43  time: 0.3378  data_time: 0.0011  memory: 14947  grad_norm: 115.6903  loss: 159.6017  loss_cls: 38.1145  loss_bbox: 65.7557  loss_dfl: 55.7314
2024/07/28 11:20:41 - mmengine - INFO - Exp name: remdet_x-300e_coco_20240728_082805
2024/07/28 11:20:58 - mmengine - INFO - Epoch(train) [266][ 50/102]  base_lr: 2.0000e-02 lr: 2.5760e-03  eta: 0:20:25  time: 0.3548  data_time: 0.0113  memory: 14447  grad_norm: 117.5738  loss: 161.1152  loss_cls: 38.2381  loss_bbox: 66.7504  loss_dfl: 56.1266
2024/07/28 11:21:15 - mmengine - INFO - Epoch(train) [266][100/102]  base_lr: 2.0000e-02 lr: 2.5760e-03  eta: 0:20:08  time: 0.3403  data_time: 0.0010  memory: 15273  grad_norm: 119.1247  loss: 160.0841  loss_cls: 38.2553  loss_bbox: 66.1413  loss_dfl: 55.6876
2024/07/28 11:21:16 - mmengine - INFO - Exp name: remdet_x-300e_coco_20240728_082805
2024/07/28 11:21:34 - mmengine - INFO - Epoch(train) [267][ 50/102]  base_lr: 2.0000e-02 lr: 2.5100e-03  eta: 0:19:50  time: 0.3614  data_time: 0.0112  memory: 15107  grad_norm: 115.5917  loss: 158.8362  loss_cls: 37.7788  loss_bbox: 65.2949  loss_dfl: 55.7626
2024/07/28 11:21:51 - mmengine - INFO - Epoch(train) [267][100/102]  base_lr: 2.0000e-02 lr: 2.5100e-03  eta: 0:19:32  time: 0.3404  data_time: 0.0012  memory: 15053  grad_norm: 120.2724  loss: 161.0932  loss_cls: 38.2939  loss_bbox: 66.7820  loss_dfl: 56.0173
2024/07/28 11:21:52 - mmengine - INFO - Exp name: remdet_x-300e_coco_20240728_082805
2024/07/28 11:22:09 - mmengine - INFO - Epoch(train) [268][ 50/102]  base_lr: 2.0000e-02 lr: 2.4440e-03  eta: 0:19:14  time: 0.3549  data_time: 0.0133  memory: 15020  grad_norm: 118.2385  loss: 162.2270  loss_cls: 38.6000  loss_bbox: 67.8572  loss_dfl: 55.7697
2024/07/28 11:22:26 - mmengine - INFO - Epoch(train) [268][100/102]  base_lr: 2.0000e-02 lr: 2.4440e-03  eta: 0:18:57  time: 0.3392  data_time: 0.0011  memory: 14620  grad_norm: 120.0644  loss: 162.4606  loss_cls: 39.2477  loss_bbox: 67.3732  loss_dfl: 55.8397
2024/07/28 11:22:27 - mmengine - INFO - Exp name: remdet_x-300e_coco_20240728_082805
2024/07/28 11:22:45 - mmengine - INFO - Epoch(train) [269][ 50/102]  base_lr: 2.0000e-02 lr: 2.3780e-03  eta: 0:18:39  time: 0.3570  data_time: 0.0114  memory: 15073  grad_norm: 115.9864  loss: 158.6881  loss_cls: 37.3349  loss_bbox: 65.5517  loss_dfl: 55.8015
2024/07/28 11:23:02 - mmengine - INFO - Epoch(train) [269][100/102]  base_lr: 2.0000e-02 lr: 2.3780e-03  eta: 0:18:21  time: 0.3396  data_time: 0.0011  memory: 14893  grad_norm: 115.4971  loss: 160.0495  loss_cls: 37.7328  loss_bbox: 66.2653  loss_dfl: 56.0514
2024/07/28 11:23:02 - mmengine - INFO - Exp name: remdet_x-300e_coco_20240728_082805
2024/07/28 11:23:20 - mmengine - INFO - Epoch(train) [270][ 50/102]  base_lr: 2.0000e-02 lr: 2.3120e-03  eta: 0:18:03  time: 0.3574  data_time: 0.0122  memory: 14973  grad_norm: 118.5529  loss: 161.4893  loss_cls: 38.4779  loss_bbox: 67.7166  loss_dfl: 55.2949
2024/07/28 11:23:37 - mmengine - INFO - Epoch(train) [270][100/102]  base_lr: 2.0000e-02 lr: 2.3120e-03  eta: 0:17:46  time: 0.3410  data_time: 0.0011  memory: 15393  grad_norm: 117.6224  loss: 160.8134  loss_cls: 38.0008  loss_bbox: 67.1377  loss_dfl: 55.6749
2024/07/28 11:23:37 - mmengine - INFO - Exp name: remdet_x-300e_coco_20240728_082805
2024/07/28 11:23:37 - mmengine - INFO - Saving checkpoint at 270 epochs
2024/07/28 11:23:43 - mmengine - INFO - Evaluating bbox...
2024/07/28 11:24:08 - mmengine - INFO - bbox_mAP_copypaste: 0.299 0.483 0.310 0.195 0.441 0.586
2024/07/28 11:24:08 - mmengine - INFO - Epoch(val) [270][9/9]    coco/bbox_mAP: 0.2990  coco/bbox_mAP_50: 0.4830  coco/bbox_mAP_75: 0.3100  coco/bbox_mAP_s: 0.1950  coco/bbox_mAP_m: 0.4410  coco/bbox_mAP_l: 0.5860  data_time: 0.0162  time: 0.1175
2024/07/28 11:24:26 - mmengine - INFO - Epoch(train) [271][ 50/102]  base_lr: 2.0000e-02 lr: 2.2460e-03  eta: 0:17:28  time: 0.3609  data_time: 0.0118  memory: 15167  grad_norm: 118.6200  loss: 157.7584  loss_cls: 36.9127  loss_bbox: 65.3877  loss_dfl: 55.4580
2024/07/28 11:24:43 - mmengine - INFO - Epoch(train) [271][100/102]  base_lr: 2.0000e-02 lr: 2.2460e-03  eta: 0:17:10  time: 0.3385  data_time: 0.0011  memory: 14440  grad_norm: 119.8503  loss: 161.8640  loss_cls: 39.0613  loss_bbox: 66.9518  loss_dfl: 55.8510
2024/07/28 11:24:44 - mmengine - INFO - Exp name: remdet_x-300e_coco_20240728_082805
2024/07/28 11:25:02 - mmengine - INFO - Epoch(train) [272][ 50/102]  base_lr: 2.0000e-02 lr: 2.1800e-03  eta: 0:16:52  time: 0.3646  data_time: 0.0113  memory: 16393  grad_norm: 122.6345  loss: 160.7981  loss_cls: 38.7685  loss_bbox: 66.4737  loss_dfl: 55.5559
2024/07/28 11:25:19 - mmengine - INFO - Epoch(train) [272][100/102]  base_lr: 2.0000e-02 lr: 2.1800e-03  eta: 0:16:35  time: 0.3408  data_time: 0.0011  memory: 14853  grad_norm: 119.3864  loss: 159.0430  loss_cls: 37.7249  loss_bbox: 65.8974  loss_dfl: 55.4207
2024/07/28 11:25:19 - mmengine - INFO - Exp name: remdet_x-300e_coco_20240728_082805
2024/07/28 11:25:37 - mmengine - INFO - Epoch(train) [273][ 50/102]  base_lr: 2.0000e-02 lr: 2.1140e-03  eta: 0:16:17  time: 0.3579  data_time: 0.0103  memory: 14480  grad_norm: 118.1756  loss: 158.0562  loss_cls: 37.0585  loss_bbox: 65.0597  loss_dfl: 55.9380
2024/07/28 11:25:54 - mmengine - INFO - Epoch(train) [273][100/102]  base_lr: 2.0000e-02 lr: 2.1140e-03  eta: 0:15:59  time: 0.3383  data_time: 0.0011  memory: 14687  grad_norm: 121.0740  loss: 154.1924  loss_cls: 35.4792  loss_bbox: 63.1048  loss_dfl: 55.6084
2024/07/28 11:25:55 - mmengine - INFO - Exp name: remdet_x-300e_coco_20240728_082805
2024/07/28 11:26:13 - mmengine - INFO - Epoch(train) [274][ 50/102]  base_lr: 2.0000e-02 lr: 2.0480e-03  eta: 0:15:41  time: 0.3577  data_time: 0.0121  memory: 14993  grad_norm: 120.3762  loss: 161.4741  loss_cls: 38.0445  loss_bbox: 67.3856  loss_dfl: 56.0439
2024/07/28 11:26:30 - mmengine - INFO - Epoch(train) [274][100/102]  base_lr: 2.0000e-02 lr: 2.0480e-03  eta: 0:15:24  time: 0.3423  data_time: 0.0011  memory: 14913  grad_norm: 121.9988  loss: 161.6380  loss_cls: 38.4905  loss_bbox: 66.8730  loss_dfl: 56.2745
2024/07/28 11:26:30 - mmengine - INFO - Exp name: remdet_x-300e_coco_20240728_082805
2024/07/28 11:26:48 - mmengine - INFO - Epoch(train) [275][ 50/102]  base_lr: 2.0000e-02 lr: 1.9820e-03  eta: 0:15:06  time: 0.3623  data_time: 0.0125  memory: 14867  grad_norm: 122.2137  loss: 157.6779  loss_cls: 37.0581  loss_bbox: 65.1181  loss_dfl: 55.5017
2024/07/28 11:26:49 - mmengine - INFO - Exp name: remdet_x-300e_coco_20240728_082805
2024/07/28 11:27:06 - mmengine - INFO - Epoch(train) [275][100/102]  base_lr: 2.0000e-02 lr: 1.9820e-03  eta: 0:14:48  time: 0.3486  data_time: 0.0011  memory: 14833  grad_norm: 121.9027  loss: 159.5418  loss_cls: 37.8428  loss_bbox: 66.3124  loss_dfl: 55.3867
2024/07/28 11:27:06 - mmengine - INFO - Exp name: remdet_x-300e_coco_20240728_082805
2024/07/28 11:27:25 - mmengine - INFO - Epoch(train) [276][ 50/102]  base_lr: 2.0000e-02 lr: 1.9160e-03  eta: 0:14:30  time: 0.3672  data_time: 0.0129  memory: 14720  grad_norm: 124.4032  loss: 158.4203  loss_cls: 36.8866  loss_bbox: 65.4811  loss_dfl: 56.0526
2024/07/28 11:27:42 - mmengine - INFO - Epoch(train) [276][100/102]  base_lr: 2.0000e-02 lr: 1.9160e-03  eta: 0:14:13  time: 0.3436  data_time: 0.0011  memory: 15187  grad_norm: 120.5795  loss: 158.3967  loss_cls: 37.0178  loss_bbox: 65.6607  loss_dfl: 55.7182
2024/07/28 11:27:42 - mmengine - INFO - Exp name: remdet_x-300e_coco_20240728_082805
2024/07/28 11:28:00 - mmengine - INFO - Epoch(train) [277][ 50/102]  base_lr: 2.0000e-02 lr: 1.8500e-03  eta: 0:13:55  time: 0.3633  data_time: 0.0124  memory: 14307  grad_norm: 122.2436  loss: 157.8494  loss_cls: 37.2335  loss_bbox: 65.2981  loss_dfl: 55.3178
2024/07/28 11:28:18 - mmengine - INFO - Epoch(train) [277][100/102]  base_lr: 2.0000e-02 lr: 1.8500e-03  eta: 0:13:37  time: 0.3442  data_time: 0.0011  memory: 14947  grad_norm: 120.9524  loss: 156.7359  loss_cls: 36.6137  loss_bbox: 64.5656  loss_dfl: 55.5567
2024/07/28 11:28:18 - mmengine - INFO - Exp name: remdet_x-300e_coco_20240728_082805
2024/07/28 11:28:36 - mmengine - INFO - Epoch(train) [278][ 50/102]  base_lr: 2.0000e-02 lr: 1.7840e-03  eta: 0:13:19  time: 0.3609  data_time: 0.0144  memory: 15820  grad_norm: 122.6444  loss: 157.9748  loss_cls: 36.7915  loss_bbox: 65.3809  loss_dfl: 55.8024
2024/07/28 11:28:53 - mmengine - INFO - Epoch(train) [278][100/102]  base_lr: 2.0000e-02 lr: 1.7840e-03  eta: 0:13:02  time: 0.3389  data_time: 0.0011  memory: 14700  grad_norm: 120.9520  loss: 158.6098  loss_cls: 37.3117  loss_bbox: 65.7735  loss_dfl: 55.5245
2024/07/28 11:28:54 - mmengine - INFO - Exp name: remdet_x-300e_coco_20240728_082805
2024/07/28 11:29:12 - mmengine - INFO - Epoch(train) [279][ 50/102]  base_lr: 2.0000e-02 lr: 1.7180e-03  eta: 0:12:44  time: 0.3584  data_time: 0.0139  memory: 14493  grad_norm: 122.0438  loss: 157.8399  loss_cls: 37.1306  loss_bbox: 65.2335  loss_dfl: 55.4758
2024/07/28 11:29:29 - mmengine - INFO - Epoch(train) [279][100/102]  base_lr: 2.0000e-02 lr: 1.7180e-03  eta: 0:12:26  time: 0.3398  data_time: 0.0011  memory: 14707  grad_norm: 124.4233  loss: 158.9656  loss_cls: 37.5526  loss_bbox: 65.8426  loss_dfl: 55.5704
2024/07/28 11:29:29 - mmengine - INFO - Exp name: remdet_x-300e_coco_20240728_082805
2024/07/28 11:29:47 - mmengine - INFO - Epoch(train) [280][ 50/102]  base_lr: 2.0000e-02 lr: 1.6520e-03  eta: 0:12:08  time: 0.3604  data_time: 0.0115  memory: 15353  grad_norm: 124.2193  loss: 156.5182  loss_cls: 36.4170  loss_bbox: 64.9537  loss_dfl: 55.1475
2024/07/28 11:30:04 - mmengine - INFO - Epoch(train) [280][100/102]  base_lr: 2.0000e-02 lr: 1.6520e-03  eta: 0:11:51  time: 0.3377  data_time: 0.0011  memory: 14993  grad_norm: 122.5058  loss: 158.3292  loss_cls: 36.8189  loss_bbox: 66.0540  loss_dfl: 55.4563
2024/07/28 11:30:04 - mmengine - INFO - Exp name: remdet_x-300e_coco_20240728_082805
2024/07/28 11:30:04 - mmengine - INFO - Saving checkpoint at 280 epochs
2024/07/28 11:30:10 - mmengine - INFO - Evaluating bbox...
2024/07/28 11:30:35 - mmengine - INFO - bbox_mAP_copypaste: 0.299 0.483 0.311 0.195 0.442 0.578
2024/07/28 11:30:35 - mmengine - INFO - Epoch(val) [280][9/9]    coco/bbox_mAP: 0.2990  coco/bbox_mAP_50: 0.4830  coco/bbox_mAP_75: 0.3110  coco/bbox_mAP_s: 0.1950  coco/bbox_mAP_m: 0.4420  coco/bbox_mAP_l: 0.5780  data_time: 0.0195  time: 0.1203
2024/07/28 11:30:53 - mmengine - INFO - Epoch(train) [281][ 50/102]  base_lr: 2.0000e-02 lr: 1.5860e-03  eta: 0:11:33  time: 0.3583  data_time: 0.0116  memory: 14907  grad_norm: 120.3276  loss: 159.0930  loss_cls: 37.3706  loss_bbox: 65.7236  loss_dfl: 55.9988
2024/07/28 11:31:10 - mmengine - INFO - Epoch(train) [281][100/102]  base_lr: 2.0000e-02 lr: 1.5860e-03  eta: 0:11:15  time: 0.3379  data_time: 0.0011  memory: 14720  grad_norm: 126.0818  loss: 154.9053  loss_cls: 35.9052  loss_bbox: 63.5335  loss_dfl: 55.4667
2024/07/28 11:31:10 - mmengine - INFO - Exp name: remdet_x-300e_coco_20240728_082805
2024/07/28 11:31:28 - mmengine - INFO - Epoch(train) [282][ 50/102]  base_lr: 2.0000e-02 lr: 1.5200e-03  eta: 0:10:57  time: 0.3568  data_time: 0.0104  memory: 14913  grad_norm: 123.4238  loss: 160.5691  loss_cls: 38.0439  loss_bbox: 66.6506  loss_dfl: 55.8746
2024/07/28 11:31:45 - mmengine - INFO - Epoch(train) [282][100/102]  base_lr: 2.0000e-02 lr: 1.5200e-03  eta: 0:10:40  time: 0.3388  data_time: 0.0011  memory: 14727  grad_norm: 123.1828  loss: 156.7481  loss_cls: 36.8408  loss_bbox: 64.4706  loss_dfl: 55.4367
2024/07/28 11:31:45 - mmengine - INFO - Exp name: remdet_x-300e_coco_20240728_082805
2024/07/28 11:32:03 - mmengine - INFO - Epoch(train) [283][ 50/102]  base_lr: 2.0000e-02 lr: 1.4540e-03  eta: 0:10:21  time: 0.3600  data_time: 0.0141  memory: 14593  grad_norm: 125.1595  loss: 158.5685  loss_cls: 37.1920  loss_bbox: 65.6133  loss_dfl: 55.7631
2024/07/28 11:32:20 - mmengine - INFO - Epoch(train) [283][100/102]  base_lr: 2.0000e-02 lr: 1.4540e-03  eta: 0:10:04  time: 0.3370  data_time: 0.0011  memory: 14593  grad_norm: 125.5477  loss: 155.3747  loss_cls: 35.9202  loss_bbox: 63.6034  loss_dfl: 55.8512
2024/07/28 11:32:21 - mmengine - INFO - Exp name: remdet_x-300e_coco_20240728_082805
2024/07/28 11:32:39 - mmengine - INFO - Epoch(train) [284][ 50/102]  base_lr: 2.0000e-02 lr: 1.3880e-03  eta: 0:09:46  time: 0.3587  data_time: 0.0124  memory: 14473  grad_norm: 124.2328  loss: 155.3961  loss_cls: 35.7322  loss_bbox: 64.0806  loss_dfl: 55.5833
2024/07/28 11:32:56 - mmengine - INFO - Epoch(train) [284][100/102]  base_lr: 2.0000e-02 lr: 1.3880e-03  eta: 0:09:28  time: 0.3385  data_time: 0.0011  memory: 15147  grad_norm: 125.8749  loss: 159.9902  loss_cls: 38.0731  loss_bbox: 66.1686  loss_dfl: 55.7484
2024/07/28 11:32:56 - mmengine - INFO - Exp name: remdet_x-300e_coco_20240728_082805
2024/07/28 11:33:08 - mmengine - INFO - Exp name: remdet_x-300e_coco_20240728_082805
2024/07/28 11:33:14 - mmengine - INFO - Epoch(train) [285][ 50/102]  base_lr: 2.0000e-02 lr: 1.3220e-03  eta: 0:09:10  time: 0.3526  data_time: 0.0117  memory: 14787  grad_norm: 123.0113  loss: 157.4854  loss_cls: 37.0271  loss_bbox: 65.0168  loss_dfl: 55.4415
2024/07/28 11:33:31 - mmengine - INFO - Epoch(train) [285][100/102]  base_lr: 2.0000e-02 lr: 1.3220e-03  eta: 0:08:53  time: 0.3362  data_time: 0.0011  memory: 14773  grad_norm: 127.0068  loss: 156.1004  loss_cls: 36.1924  loss_bbox: 64.6722  loss_dfl: 55.2359
2024/07/28 11:33:31 - mmengine - INFO - Exp name: remdet_x-300e_coco_20240728_082805
2024/07/28 11:33:49 - mmengine - INFO - Epoch(train) [286][ 50/102]  base_lr: 2.0000e-02 lr: 1.2560e-03  eta: 0:08:35  time: 0.3576  data_time: 0.0112  memory: 15080  grad_norm: 123.5809  loss: 151.6965  loss_cls: 34.4980  loss_bbox: 62.0759  loss_dfl: 55.1227
2024/07/28 11:34:06 - mmengine - INFO - Epoch(train) [286][100/102]  base_lr: 2.0000e-02 lr: 1.2560e-03  eta: 0:08:17  time: 0.3386  data_time: 0.0011  memory: 14493  grad_norm: 127.0991  loss: 153.2607  loss_cls: 35.3847  loss_bbox: 62.8834  loss_dfl: 54.9927
2024/07/28 11:34:06 - mmengine - INFO - Exp name: remdet_x-300e_coco_20240728_082805
2024/07/28 11:34:25 - mmengine - INFO - Epoch(train) [287][ 50/102]  base_lr: 2.0000e-02 lr: 1.1900e-03  eta: 0:07:59  time: 0.3614  data_time: 0.0123  memory: 14660  grad_norm: 125.9088  loss: 155.2750  loss_cls: 35.8592  loss_bbox: 64.4912  loss_dfl: 54.9247
2024/07/28 11:34:41 - mmengine - INFO - Epoch(train) [287][100/102]  base_lr: 2.0000e-02 lr: 1.1900e-03  eta: 0:07:42  time: 0.3370  data_time: 0.0011  memory: 15280  grad_norm: 126.5085  loss: 155.8365  loss_cls: 36.1410  loss_bbox: 64.2741  loss_dfl: 55.4213
2024/07/28 11:34:42 - mmengine - INFO - Exp name: remdet_x-300e_coco_20240728_082805
2024/07/28 11:35:00 - mmengine - INFO - Epoch(train) [288][ 50/102]  base_lr: 2.0000e-02 lr: 1.1240e-03  eta: 0:07:24  time: 0.3597  data_time: 0.0112  memory: 15413  grad_norm: 128.6948  loss: 154.3876  loss_cls: 35.8737  loss_bbox: 63.5054  loss_dfl: 55.0085
2024/07/28 11:35:17 - mmengine - INFO - Epoch(train) [288][100/102]  base_lr: 2.0000e-02 lr: 1.1240e-03  eta: 0:07:06  time: 0.3396  data_time: 0.0011  memory: 14980  grad_norm: 126.3063  loss: 154.1425  loss_cls: 35.7729  loss_bbox: 63.4194  loss_dfl: 54.9502
2024/07/28 11:35:17 - mmengine - INFO - Exp name: remdet_x-300e_coco_20240728_082805
2024/07/28 11:35:35 - mmengine - INFO - Epoch(train) [289][ 50/102]  base_lr: 2.0000e-02 lr: 1.0580e-03  eta: 0:06:48  time: 0.3574  data_time: 0.0147  memory: 14307  grad_norm: 126.4577  loss: 156.6064  loss_cls: 36.4763  loss_bbox: 64.5340  loss_dfl: 55.5961
2024/07/28 11:35:52 - mmengine - INFO - Epoch(train) [289][100/102]  base_lr: 2.0000e-02 lr: 1.0580e-03  eta: 0:06:31  time: 0.3403  data_time: 0.0011  memory: 15020  grad_norm: 124.3989  loss: 157.8106  loss_cls: 37.1584  loss_bbox: 64.9986  loss_dfl: 55.6536
2024/07/28 11:35:53 - mmengine - INFO - Exp name: remdet_x-300e_coco_20240728_082805
2024/07/28 11:36:11 - mmengine - INFO - Epoch(train) [290][ 50/102]  base_lr: 2.0000e-02 lr: 9.9200e-04  eta: 0:06:13  time: 0.3666  data_time: 0.0110  memory: 14380  grad_norm: 124.8862  loss: 153.2289  loss_cls: 34.9176  loss_bbox: 62.8797  loss_dfl: 55.4317
2024/07/28 11:36:28 - mmengine - INFO - Epoch(train) [290][100/102]  base_lr: 2.0000e-02 lr: 9.9200e-04  eta: 0:05:55  time: 0.3472  data_time: 0.0011  memory: 14913  grad_norm: 128.0378  loss: 154.7294  loss_cls: 36.0366  loss_bbox: 63.8233  loss_dfl: 54.8695
2024/07/28 11:36:29 - mmengine - INFO - Exp name: remdet_x-300e_coco_20240728_082805
2024/07/28 11:36:29 - mmengine - INFO - Saving checkpoint at 290 epochs
2024/07/28 11:36:35 - mmengine - INFO - Evaluating bbox...
2024/07/28 11:37:00 - mmengine - INFO - bbox_mAP_copypaste: 0.299 0.483 0.311 0.196 0.442 0.577
2024/07/28 11:37:00 - mmengine - INFO - Epoch(val) [290][9/9]    coco/bbox_mAP: 0.2990  coco/bbox_mAP_50: 0.4830  coco/bbox_mAP_75: 0.3110  coco/bbox_mAP_s: 0.1960  coco/bbox_mAP_m: 0.4420  coco/bbox_mAP_l: 0.5770  data_time: 0.0139  time: 0.1161
2024/07/28 11:37:00 - mmengine - INFO - Switch pipeline now!
2024/07/28 11:37:18 - mmengine - INFO - Epoch(train) [291][ 50/102]  base_lr: 2.0000e-02 lr: 9.2600e-04  eta: 0:05:37  time: 0.3626  data_time: 0.0262  memory: 13887  grad_norm: 168.3980  loss: 147.8714  loss_cls: 32.3216  loss_bbox: 60.0956  loss_dfl: 55.4542
2024/07/28 11:37:35 - mmengine - INFO - Epoch(train) [291][100/102]  base_lr: 2.0000e-02 lr: 9.2600e-04  eta: 0:05:20  time: 0.3331  data_time: 0.0011  memory: 13920  grad_norm: 160.5233  loss: 143.9607  loss_cls: 30.9939  loss_bbox: 57.9332  loss_dfl: 55.0336
2024/07/28 11:37:36 - mmengine - INFO - Exp name: remdet_x-300e_coco_20240728_082805
2024/07/28 11:37:53 - mmengine - INFO - Epoch(train) [292][ 50/102]  base_lr: 2.0000e-02 lr: 8.6000e-04  eta: 0:05:02  time: 0.3494  data_time: 0.0073  memory: 13880  grad_norm: 156.9557  loss: 145.6265  loss_cls: 31.3863  loss_bbox: 59.3618  loss_dfl: 54.8783
2024/07/28 11:38:10 - mmengine - INFO - Epoch(train) [292][100/102]  base_lr: 2.0000e-02 lr: 8.6000e-04  eta: 0:04:44  time: 0.3302  data_time: 0.0011  memory: 15047  grad_norm: 157.8270  loss: 147.7463  loss_cls: 32.0833  loss_bbox: 60.6866  loss_dfl: 54.9764
2024/07/28 11:38:10 - mmengine - INFO - Exp name: remdet_x-300e_coco_20240728_082805
2024/07/28 11:38:27 - mmengine - INFO - Epoch(train) [293][ 50/102]  base_lr: 2.0000e-02 lr: 7.9400e-04  eta: 0:04:26  time: 0.3394  data_time: 0.0088  memory: 14187  grad_norm: 159.0139  loss: 144.5956  loss_cls: 31.0476  loss_bbox: 58.7740  loss_dfl: 54.7740
2024/07/28 11:38:44 - mmengine - INFO - Epoch(train) [293][100/102]  base_lr: 2.0000e-02 lr: 7.9400e-04  eta: 0:04:09  time: 0.3302  data_time: 0.0011  memory: 13353  grad_norm: 157.1398  loss: 145.3333  loss_cls: 31.3414  loss_bbox: 58.8497  loss_dfl: 55.1421
2024/07/28 11:38:44 - mmengine - INFO - Exp name: remdet_x-300e_coco_20240728_082805
2024/07/28 11:39:01 - mmengine - INFO - Epoch(train) [294][ 50/102]  base_lr: 2.0000e-02 lr: 7.2800e-04  eta: 0:03:51  time: 0.3429  data_time: 0.0077  memory: 13867  grad_norm: 153.0551  loss: 141.0227  loss_cls: 29.8723  loss_bbox: 56.0470  loss_dfl: 55.1034
2024/07/28 11:39:18 - mmengine - INFO - Epoch(train) [294][100/102]  base_lr: 2.0000e-02 lr: 7.2800e-04  eta: 0:03:33  time: 0.3288  data_time: 0.0011  memory: 15193  grad_norm: 156.4730  loss: 145.5221  loss_cls: 31.0461  loss_bbox: 59.4082  loss_dfl: 55.0678
2024/07/28 11:39:18 - mmengine - INFO - Exp name: remdet_x-300e_coco_20240728_082805
2024/07/28 11:39:23 - mmengine - INFO - Exp name: remdet_x-300e_coco_20240728_082805
2024/07/28 11:39:35 - mmengine - INFO - Epoch(train) [295][ 50/102]  base_lr: 2.0000e-02 lr: 6.6200e-04  eta: 0:03:15  time: 0.3423  data_time: 0.0087  memory: 13801  grad_norm: 152.8156  loss: 142.9160  loss_cls: 30.4219  loss_bbox: 57.6191  loss_dfl: 54.8749
2024/07/28 11:39:52 - mmengine - INFO - Epoch(train) [295][100/102]  base_lr: 2.0000e-02 lr: 6.6200e-04  eta: 0:02:58  time: 0.3268  data_time: 0.0010  memory: 13600  grad_norm: 155.9127  loss: 145.3558  loss_cls: 31.0152  loss_bbox: 59.5874  loss_dfl: 54.7532
2024/07/28 11:39:52 - mmengine - INFO - Exp name: remdet_x-300e_coco_20240728_082805
2024/07/28 11:40:09 - mmengine - INFO - Epoch(train) [296][ 50/102]  base_lr: 2.0000e-02 lr: 5.9600e-04  eta: 0:02:40  time: 0.3467  data_time: 0.0068  memory: 14513  grad_norm: 157.7963  loss: 144.6342  loss_cls: 30.9903  loss_bbox: 58.9391  loss_dfl: 54.7047
2024/07/28 11:40:26 - mmengine - INFO - Epoch(train) [296][100/102]  base_lr: 2.0000e-02 lr: 5.9600e-04  eta: 0:02:22  time: 0.3257  data_time: 0.0011  memory: 13893  grad_norm: 152.9935  loss: 144.7512  loss_cls: 30.9617  loss_bbox: 59.3941  loss_dfl: 54.3953
2024/07/28 11:40:26 - mmengine - INFO - Exp name: remdet_x-300e_coco_20240728_082805
2024/07/28 11:40:43 - mmengine - INFO - Epoch(train) [297][ 50/102]  base_lr: 2.0000e-02 lr: 5.3000e-04  eta: 0:02:04  time: 0.3437  data_time: 0.0078  memory: 14367  grad_norm: 155.1258  loss: 143.6224  loss_cls: 30.5102  loss_bbox: 58.3067  loss_dfl: 54.8055
2024/07/28 11:41:00 - mmengine - INFO - Epoch(train) [297][100/102]  base_lr: 2.0000e-02 lr: 5.3000e-04  eta: 0:01:47  time: 0.3293  data_time: 0.0011  memory: 15193  grad_norm: 154.7268  loss: 142.8038  loss_cls: 30.2845  loss_bbox: 57.5799  loss_dfl: 54.9393
2024/07/28 11:41:00 - mmengine - INFO - Exp name: remdet_x-300e_coco_20240728_082805
2024/07/28 11:41:17 - mmengine - INFO - Epoch(train) [298][ 50/102]  base_lr: 2.0000e-02 lr: 4.6400e-04  eta: 0:01:29  time: 0.3422  data_time: 0.0069  memory: 13880  grad_norm: 152.8402  loss: 142.2457  loss_cls: 29.9688  loss_bbox: 57.7096  loss_dfl: 54.5674
2024/07/28 11:41:34 - mmengine - INFO - Epoch(train) [298][100/102]  base_lr: 2.0000e-02 lr: 4.6400e-04  eta: 0:01:11  time: 0.3283  data_time: 0.0011  memory: 14193  grad_norm: 155.9183  loss: 145.5752  loss_cls: 30.9622  loss_bbox: 59.5624  loss_dfl: 55.0506
2024/07/28 11:41:34 - mmengine - INFO - Exp name: remdet_x-300e_coco_20240728_082805
2024/07/28 11:41:51 - mmengine - INFO - Epoch(train) [299][ 50/102]  base_lr: 2.0000e-02 lr: 3.9800e-04  eta: 0:00:53  time: 0.3420  data_time: 0.0105  memory: 13567  grad_norm: 149.6593  loss: 145.2037  loss_cls: 30.3576  loss_bbox: 59.3490  loss_dfl: 55.4971
2024/07/28 11:42:08 - mmengine - INFO - Epoch(train) [299][100/102]  base_lr: 2.0000e-02 lr: 3.9800e-04  eta: 0:00:36  time: 0.3286  data_time: 0.0011  memory: 14580  grad_norm: 153.1257  loss: 142.7661  loss_cls: 30.2565  loss_bbox: 57.9091  loss_dfl: 54.6004
2024/07/28 11:42:08 - mmengine - INFO - Exp name: remdet_x-300e_coco_20240728_082805
2024/07/28 11:42:26 - mmengine - INFO - Epoch(train) [300][ 50/102]  base_lr: 2.0000e-02 lr: 3.3200e-04  eta: 0:00:18  time: 0.3447  data_time: 0.0092  memory: 13807  grad_norm: 151.2878  loss: 139.3626  loss_cls: 29.1992  loss_bbox: 55.6062  loss_dfl: 54.5571
2024/07/28 11:42:42 - mmengine - INFO - Epoch(train) [300][100/102]  base_lr: 2.0000e-02 lr: 3.3200e-04  eta: 0:00:00  time: 0.3309  data_time: 0.0011  memory: 13727  grad_norm: 155.3334  loss: 142.7352  loss_cls: 30.6539  loss_bbox: 57.4979  loss_dfl: 54.5834
2024/07/28 11:42:43 - mmengine - INFO - Exp name: remdet_x-300e_coco_20240728_082805
2024/07/28 11:42:43 - mmengine - INFO - Saving checkpoint at 300 epochs
2024/07/28 11:42:49 - mmengine - INFO - Evaluating bbox...
2024/07/28 11:43:14 - mmengine - INFO - bbox_mAP_copypaste: 0.299 0.483 0.311 0.196 0.441 0.574
2024/07/28 11:43:14 - mmengine - INFO - Epoch(val) [300][9/9]    coco/bbox_mAP: 0.2990  coco/bbox_mAP_50: 0.4830  coco/bbox_mAP_75: 0.3110  coco/bbox_mAP_s: 0.1960  coco/bbox_mAP_m: 0.4410  coco/bbox_mAP_l: 0.5740  data_time: 0.0228  time: 0.1257
