2024/07/24 13:30:33 - mmengine - INFO - 
------------------------------------------------------------
System environment:
    sys.platform: linux
    Python: 3.11.9 (main, Apr 19 2024, 16:48:06) [GCC 11.2.0]
    CUDA available: True
    MUSA available: False
    numpy_random_seed: 1570137429
    GPU 0,1,2,3,4,5,6,7: NVIDIA GeForce RTX 4090
    CUDA_HOME: /usr/local/cuda
    NVCC: Cuda compilation tools, release 12.2, V12.2.128
    GCC: gcc (Ubuntu 11.4.0-1ubuntu1~22.04) 11.4.0
    PyTorch: 2.3.1+cu121
    PyTorch compiling details: PyTorch built with:
  - GCC 9.3
  - C++ Version: 201703
  - Intel(R) oneAPI Math Kernel Library Version 2022.2-Product Build 20220804 for Intel(R) 64 architecture applications
  - Intel(R) MKL-DNN v3.3.6 (Git Hash 86e6af5974177e513fd3fee58425e1063e7f1361)
  - OpenMP 201511 (a.k.a. OpenMP 4.5)
  - LAPACK is enabled (usually provided by MKL)
  - NNPACK is enabled
  - CPU capability usage: AVX512
  - CUDA Runtime 12.1
  - NVCC architecture flags: -gencode;arch=compute_50,code=sm_50;-gencode;arch=compute_60,code=sm_60;-gencode;arch=compute_70,code=sm_70;-gencode;arch=compute_75,code=sm_75;-gencode;arch=compute_80,code=sm_80;-gencode;arch=compute_86,code=sm_86;-gencode;arch=compute_90,code=sm_90
  - CuDNN 8.5  (built against CUDA 11.7)
    - Built with CuDNN 8.9.2
  - Magma 2.6.1
  - Build settings: BLAS_INFO=mkl, BUILD_TYPE=Release, CUDA_VERSION=12.1, CUDNN_VERSION=8.9.2, CXX_COMPILER=/opt/rh/devtoolset-9/root/usr/bin/c++, CXX_FLAGS= -D_GLIBCXX_USE_CXX11_ABI=0 -fabi-version=11 -fvisibility-inlines-hidden -DUSE_PTHREADPOOL -DNDEBUG -DUSE_KINETO -DLIBKINETO_NOROCTRACER -DUSE_FBGEMM -DUSE_QNNPACK -DUSE_PYTORCH_QNNPACK -DUSE_XNNPACK -DSYMBOLICATE_MOBILE_DEBUG_HANDLE -O2 -fPIC -Wall -Wextra -Werror=return-type -Werror=non-virtual-dtor -Werror=bool-operation -Wnarrowing -Wno-missing-field-initializers -Wno-type-limits -Wno-array-bounds -Wno-unknown-pragmas -Wno-unused-parameter -Wno-unused-function -Wno-unused-result -Wno-strict-overflow -Wno-strict-aliasing -Wno-stringop-overflow -Wsuggest-override -Wno-psabi -Wno-error=pedantic -Wno-error=old-style-cast -Wno-missing-braces -fdiagnostics-color=always -faligned-new -Wno-unused-but-set-variable -Wno-maybe-uninitialized -fno-math-errno -fno-trapping-math -Werror=format -Wno-stringop-overflow, LAPACK_INFO=mkl, PERF_WITH_AVX=1, PERF_WITH_AVX2=1, PERF_WITH_AVX512=1, TORCH_VERSION=2.3.1, USE_CUDA=ON, USE_CUDNN=ON, USE_CUSPARSELT=1, USE_EXCEPTION_PTR=1, USE_GFLAGS=OFF, USE_GLOG=OFF, USE_GLOO=ON, USE_MKL=ON, USE_MKLDNN=ON, USE_MPI=OFF, USE_NCCL=1, USE_NNPACK=ON, USE_OPENMP=ON, USE_ROCM=OFF, USE_ROCM_KERNEL_ASSERT=OFF, 

    TorchVision: 0.18.1+cu121
    OpenCV: 4.10.0
    MMEngine: 0.10.4

Runtime environment:
    cudnn_benchmark: True
    mp_cfg: {'mp_start_method': 'fork', 'opencv_num_threads': 0}
    dist_cfg: {'backend': 'nccl'}
    seed: 1570137429
    Distributed launcher: pytorch
    Distributed training: True
    GPU number: 8
------------------------------------------------------------

2024/07/24 13:30:34 - mmengine - INFO - Config:
_backend_args = None
_multiscale_resize_transforms = [
    dict(
        transforms=[
            dict(scale=(
                640,
                640,
            ), type='YOLOv5KeepRatioResize'),
            dict(
                allow_scale_up=False,
                pad_val=dict(img=114),
                scale=(
                    640,
                    640,
                ),
                type='LetterResize'),
        ],
        type='Compose'),
    dict(
        transforms=[
            dict(scale=(
                320,
                320,
            ), type='YOLOv5KeepRatioResize'),
            dict(
                allow_scale_up=False,
                pad_val=dict(img=114),
                scale=(
                    320,
                    320,
                ),
                type='LetterResize'),
        ],
        type='Compose'),
    dict(
        transforms=[
            dict(scale=(
                960,
                960,
            ), type='YOLOv5KeepRatioResize'),
            dict(
                allow_scale_up=False,
                pad_val=dict(img=114),
                scale=(
                    960,
                    960,
                ),
                type='LetterResize'),
        ],
        type='Compose'),
]
affine_scale = 0.5
albu_train_transforms = [
    dict(p=0.01, type='Blur'),
    dict(p=0.01, type='MedianBlur'),
    dict(p=0.01, type='ToGray'),
    dict(p=0.01, type='CLAHE'),
]
backend_args = None
base_lr = 0.08
batch_shapes_cfg = None
classes = (
    'pedestrian',
    'people',
    'bicycle',
    'car',
    'van',
    'truck',
    'tricycle',
    'awning-tricycle',
    'bus',
    'motor',
)
close_mosaic_epochs = 10
custom_hooks = [
    dict(
        ema_type='ExpMomentumEMA',
        momentum=0.0001,
        priority=49,
        strict_load=False,
        type='EMAHook',
        update_buffers=True),
    dict(
        switch_epoch=290,
        switch_pipeline=[
            dict(backend_args=None, type='LoadImageFromFile'),
            dict(type='LoadYOLOAnnotations', with_bbox=True),
            dict(scale=(
                640,
                640,
            ), type='YOLOv5KeepRatioResize'),
            dict(
                allow_scale_up=True,
                pad_val=dict(img=114.0),
                scale=(
                    640,
                    640,
                ),
                type='LetterResize'),
            dict(
                border_val=(
                    114,
                    114,
                    114,
                ),
                max_aspect_ratio=100,
                max_rotate_degree=0.0,
                max_shear_degree=0.0,
                scaling_ratio_range=(
                    0.5,
                    1.5,
                ),
                type='YOLOv5RandomAffine'),
            dict(
                bbox_params=dict(
                    format='pascal_voc',
                    label_fields=[
                        'gt_bboxes_labels',
                        'gt_ignore_flags',
                    ],
                    type='BboxParams'),
                keymap=dict(gt_bboxes='bboxes', img='image'),
                transforms=[
                    dict(p=0.01, type='Blur'),
                    dict(p=0.01, type='MedianBlur'),
                    dict(p=0.01, type='ToGray'),
                    dict(p=0.01, type='CLAHE'),
                ],
                type='mmdet.Albu'),
            dict(type='YOLOv5HSVRandomAug'),
            dict(prob=0.5, type='mmdet.RandomFlip'),
            dict(
                meta_keys=(
                    'img_id',
                    'img_path',
                    'ori_shape',
                    'img_shape',
                    'flip',
                    'flip_direction',
                ),
                type='mmdet.PackDetInputs'),
        ],
        type='mmdet.PipelineSwitchHook'),
]
data_root = '/mnt/datasets/VisDrone2019-DET-COCO/'
dataset_type = 'YOLOv5CocoDataset'
deepen_factor = 0.33
default_hooks = dict(
    checkpoint=dict(
        interval=10, max_keep_ckpts=2, save_best='auto',
        type='CheckpointHook'),
    logger=dict(interval=50, type='LoggerHook'),
    param_scheduler=dict(
        lr_factor=0.01,
        max_epochs=300,
        scheduler_type='linear',
        type='YOLOv5ParamSchedulerHook'),
    sampler_seed=dict(type='DistSamplerSeedHook'),
    timer=dict(type='IterTimerHook'),
    visualization=dict(type='mmdet.DetVisualizationHook'))
default_scope = 'mmdet'
env_cfg = dict(
    cudnn_benchmark=True,
    dist_cfg=dict(backend='nccl'),
    mp_cfg=dict(mp_start_method='fork', opencv_num_threads=0))
img_scale = (
    640,
    640,
)
img_scales = [
    (
        640,
        640,
    ),
    (
        320,
        320,
    ),
    (
        960,
        960,
    ),
]
last_stage_out_channels = 1024
last_transform = [
    dict(
        bbox_params=dict(
            format='pascal_voc',
            label_fields=[
                'gt_bboxes_labels',
                'gt_ignore_flags',
            ],
            type='BboxParams'),
        keymap=dict(gt_bboxes='bboxes', img='image'),
        transforms=[
            dict(p=0.01, type='Blur'),
            dict(p=0.01, type='MedianBlur'),
            dict(p=0.01, type='ToGray'),
            dict(p=0.01, type='CLAHE'),
        ],
        type='mmdet.Albu'),
    dict(type='YOLOv5HSVRandomAug'),
    dict(prob=0.5, type='mmdet.RandomFlip'),
    dict(
        meta_keys=(
            'img_id',
            'img_path',
            'ori_shape',
            'img_shape',
            'flip',
            'flip_direction',
        ),
        type='mmdet.PackDetInputs'),
]
launcher = 'pytorch'
load_from = None
log_level = 'INFO'
log_processor = dict(by_epoch=True, type='LogProcessor', window_size=50)
loss_bbox_weight = 7.5
loss_cls_weight = 0.5
loss_dfl_weight = 0.375
lr_factor = 0.01
max_aspect_ratio = 100
max_epochs = 300
max_keep_ckpts = 2
model = dict(
    backbone=dict(
        act_cfg=dict(inplace=True, type='SiLU'),
        arch='P5',
        deepen_factor=0.33,
        last_stage_out_channels=1024,
        norm_cfg=dict(eps=0.001, momentum=0.03, type='BN'),
        type='Step10_wider_stem',
        widen_factor=0.25),
    bbox_head=dict(
        bbox_coder=dict(type='YOLODistancePointBBoxCoder'),
        head_module=dict(
            act_cfg=dict(inplace=True, type='SiLU'),
            featmap_strides=[
                8,
                16,
                32,
            ],
            in_channels=[
                256,
                512,
                1024,
            ],
            norm_cfg=dict(eps=0.001, momentum=0.03, type='BN'),
            num_classes=10,
            reg_max=16,
            type='YOLOv8HeadModule',
            widen_factor=0.25),
        loss_bbox=dict(
            bbox_format='xyxy',
            iou_mode='ciou',
            loss_weight=7.5,
            reduction='sum',
            return_iou=False,
            type='YOLO_IoULoss'),
        loss_cls=dict(
            loss_weight=0.5,
            reduction='none',
            type='mmdet.CrossEntropyLoss',
            use_sigmoid=True),
        loss_dfl=dict(
            loss_weight=0.375,
            reduction='mean',
            type='mmdet.DistributionFocalLoss'),
        prior_generator=dict(
            offset=0.5, strides=[
                8,
                16,
                32,
            ], type='mmdet.MlvlPointGenerator'),
        type='YOLOv8Head'),
    data_preprocessor=dict(
        bgr_to_rgb=True,
        mean=[
            0.0,
            0.0,
            0.0,
        ],
        std=[
            255.0,
            255.0,
            255.0,
        ],
        type='YOLOv5DetDataPreprocessor'),
    neck=dict(
        act_cfg=dict(inplace=True, type='SiLU'),
        deepen_factor=0.33,
        in_channels=[
            256,
            512,
            1024,
        ],
        norm_cfg=dict(eps=0.001, momentum=0.03, type='BN'),
        num_csp_blocks=3,
        out_channels=[
            256,
            512,
            1024,
        ],
        type='RemDetPAFPN',
        widen_factor=0.25),
    test_cfg=dict(
        max_per_img=300,
        multi_label=True,
        nms=dict(iou_threshold=0.7, type='nms'),
        nms_pre=30000,
        score_thr=0.001),
    train_cfg=dict(
        assigner=dict(
            alpha=0.5,
            beta=6.0,
            eps=1e-09,
            num_classes=10,
            topk=10,
            type='BatchTaskAlignedAssigner',
            use_ciou=True)),
    type='YOLODetector')
model_test_cfg = dict(
    max_per_img=300,
    multi_label=True,
    nms=dict(iou_threshold=0.7, type='nms'),
    nms_pre=30000,
    score_thr=0.001)
norm_cfg = dict(eps=0.001, momentum=0.03, type='BN')
num_classes = 10
num_det_layers = 3
optim_wrapper = dict(
    clip_grad=dict(max_norm=10.0),
    constructor='YOLOv5OptimizerConstructor',
    optimizer=dict(
        batch_size_per_gpu=16,
        lr=0.08,
        momentum=0.937,
        nesterov=True,
        type='SGD',
        weight_decay=0.0005),
    type='OptimWrapper')
param_scheduler = None
persistent_workers = True
pre_transform = [
    dict(backend_args=None, type='LoadImageFromFile'),
    dict(type='LoadYOLOAnnotations', with_bbox=True),
]
resume = False
save_epoch_intervals = 10
strides = [
    8,
    16,
    32,
]
tal_alpha = 0.5
tal_beta = 6.0
tal_topk = 10
test_cfg = dict(type='TestLoop')
test_dataloader = dict(
    batch_size=8,
    dataset=dict(
        ann_file='annotations/VisDrone2019-DET_val_coco.json',
        batch_shapes_cfg=None,
        data_prefix=dict(img='images/val'),
        data_root='/mnt/datasets/VisDrone2019-DET-COCO/',
        metainfo=dict(
            classes=(
                'pedestrian',
                'people',
                'bicycle',
                'car',
                'van',
                'truck',
                'tricycle',
                'awning-tricycle',
                'bus',
                'motor',
            )),
        pipeline=[
            dict(backend_args=None, type='LoadImageFromFile'),
            dict(scale=(
                640,
                640,
            ), type='YOLOv5KeepRatioResize'),
            dict(
                allow_scale_up=False,
                pad_val=dict(img=114),
                scale=(
                    640,
                    640,
                ),
                type='LetterResize'),
            dict(_scope_='mmdet', type='LoadAnnotations', with_bbox=True),
            dict(
                meta_keys=(
                    'img_id',
                    'img_path',
                    'ori_shape',
                    'img_shape',
                    'scale_factor',
                    'pad_param',
                ),
                type='mmdet.PackDetInputs'),
        ],
        test_mode=True,
        type='YOLOv5CocoDataset'),
    drop_last=False,
    num_workers=8,
    persistent_workers=True,
    pin_memory=True,
    sampler=dict(shuffle=False, type='DefaultSampler'))
test_evaluator = dict(
    ann_file=
    '/mnt/datasets/VisDrone2019-DET-COCO/annotations/VisDrone2019-DET_val_coco.json',
    metric='bbox',
    proposal_nums=(
        100,
        1,
        10,
    ),
    type='mmdet.CocoMetric')
test_pipeline = [
    dict(backend_args=None, type='LoadImageFromFile'),
    dict(scale=(
        640,
        640,
    ), type='YOLOv5KeepRatioResize'),
    dict(
        allow_scale_up=False,
        pad_val=dict(img=114),
        scale=(
            640,
            640,
        ),
        type='LetterResize'),
    dict(_scope_='mmdet', type='LoadAnnotations', with_bbox=True),
    dict(
        meta_keys=(
            'img_id',
            'img_path',
            'ori_shape',
            'img_shape',
            'scale_factor',
            'pad_param',
        ),
        type='mmdet.PackDetInputs'),
]
train_ann_file = 'annotations/VisDrone2019-DET_train_coco.json'
train_batch_size_per_gpu = 16
train_cfg = dict(
    dynamic_intervals=[
        (
            290,
            10,
        ),
    ],
    max_epochs=300,
    type='EpochBasedTrainLoop',
    val_interval=10)
train_data_prefix = 'images/train'
train_dataloader = dict(
    batch_size=16,
    collate_fn=dict(type='yolov5_collate'),
    dataset=dict(
        ann_file='annotations/VisDrone2019-DET_train_coco.json',
        data_prefix=dict(img='images/train'),
        data_root='/mnt/datasets/VisDrone2019-DET-COCO/',
        filter_cfg=dict(filter_empty_gt=False, min_size=32),
        metainfo=dict(
            classes=(
                'pedestrian',
                'people',
                'bicycle',
                'car',
                'van',
                'truck',
                'tricycle',
                'awning-tricycle',
                'bus',
                'motor',
            )),
        pipeline=[
            dict(backend_args=None, type='LoadImageFromFile'),
            dict(type='LoadYOLOAnnotations', with_bbox=True),
            dict(
                img_scale=(
                    640,
                    640,
                ),
                pad_val=114.0,
                pre_transform=[
                    dict(backend_args=None, type='LoadImageFromFile'),
                    dict(type='LoadYOLOAnnotations', with_bbox=True),
                ],
                type='YOLO_Mosaic'),
            dict(
                border=(
                    -320,
                    -320,
                ),
                border_val=(
                    114,
                    114,
                    114,
                ),
                max_aspect_ratio=100,
                max_rotate_degree=0.0,
                max_shear_degree=0.0,
                scaling_ratio_range=(
                    0.5,
                    1.5,
                ),
                type='YOLOv5RandomAffine'),
            dict(
                bbox_params=dict(
                    format='pascal_voc',
                    label_fields=[
                        'gt_bboxes_labels',
                        'gt_ignore_flags',
                    ],
                    type='BboxParams'),
                keymap=dict(gt_bboxes='bboxes', img='image'),
                transforms=[
                    dict(p=0.01, type='Blur'),
                    dict(p=0.01, type='MedianBlur'),
                    dict(p=0.01, type='ToGray'),
                    dict(p=0.01, type='CLAHE'),
                ],
                type='mmdet.Albu'),
            dict(type='YOLOv5HSVRandomAug'),
            dict(prob=0.5, type='mmdet.RandomFlip'),
            dict(
                meta_keys=(
                    'img_id',
                    'img_path',
                    'ori_shape',
                    'img_shape',
                    'flip',
                    'flip_direction',
                ),
                type='mmdet.PackDetInputs'),
        ],
        type='YOLOv5CocoDataset'),
    num_workers=8,
    persistent_workers=True,
    pin_memory=True,
    sampler=dict(shuffle=True, type='DefaultSampler'))
train_num_workers = 8
train_pipeline = [
    dict(backend_args=None, type='LoadImageFromFile'),
    dict(type='LoadYOLOAnnotations', with_bbox=True),
    dict(
        img_scale=(
            640,
            640,
        ),
        pad_val=114.0,
        pre_transform=[
            dict(backend_args=None, type='LoadImageFromFile'),
            dict(type='LoadYOLOAnnotations', with_bbox=True),
        ],
        type='YOLO_Mosaic'),
    dict(
        border=(
            -320,
            -320,
        ),
        border_val=(
            114,
            114,
            114,
        ),
        max_aspect_ratio=100,
        max_rotate_degree=0.0,
        max_shear_degree=0.0,
        scaling_ratio_range=(
            0.5,
            1.5,
        ),
        type='YOLOv5RandomAffine'),
    dict(
        bbox_params=dict(
            format='pascal_voc',
            label_fields=[
                'gt_bboxes_labels',
                'gt_ignore_flags',
            ],
            type='BboxParams'),
        keymap=dict(gt_bboxes='bboxes', img='image'),
        transforms=[
            dict(p=0.01, type='Blur'),
            dict(p=0.01, type='MedianBlur'),
            dict(p=0.01, type='ToGray'),
            dict(p=0.01, type='CLAHE'),
        ],
        type='mmdet.Albu'),
    dict(type='YOLOv5HSVRandomAug'),
    dict(prob=0.5, type='mmdet.RandomFlip'),
    dict(
        meta_keys=(
            'img_id',
            'img_path',
            'ori_shape',
            'img_shape',
            'flip',
            'flip_direction',
        ),
        type='mmdet.PackDetInputs'),
]
train_pipeline_stage2 = [
    dict(backend_args=None, type='LoadImageFromFile'),
    dict(type='LoadYOLOAnnotations', with_bbox=True),
    dict(scale=(
        640,
        640,
    ), type='YOLOv5KeepRatioResize'),
    dict(
        allow_scale_up=True,
        pad_val=dict(img=114.0),
        scale=(
            640,
            640,
        ),
        type='LetterResize'),
    dict(
        border_val=(
            114,
            114,
            114,
        ),
        max_aspect_ratio=100,
        max_rotate_degree=0.0,
        max_shear_degree=0.0,
        scaling_ratio_range=(
            0.5,
            1.5,
        ),
        type='YOLOv5RandomAffine'),
    dict(
        bbox_params=dict(
            format='pascal_voc',
            label_fields=[
                'gt_bboxes_labels',
                'gt_ignore_flags',
            ],
            type='BboxParams'),
        keymap=dict(gt_bboxes='bboxes', img='image'),
        transforms=[
            dict(p=0.01, type='Blur'),
            dict(p=0.01, type='MedianBlur'),
            dict(p=0.01, type='ToGray'),
            dict(p=0.01, type='CLAHE'),
        ],
        type='mmdet.Albu'),
    dict(type='YOLOv5HSVRandomAug'),
    dict(prob=0.5, type='mmdet.RandomFlip'),
    dict(
        meta_keys=(
            'img_id',
            'img_path',
            'ori_shape',
            'img_shape',
            'flip',
            'flip_direction',
        ),
        type='mmdet.PackDetInputs'),
]
tta_model = dict(
    tta_cfg=dict(max_per_img=300, nms=dict(iou_threshold=0.65, type='nms')),
    type='mmdet.DetTTAModel')
tta_pipeline = [
    dict(backend_args=None, type='LoadImageFromFile'),
    dict(
        transforms=[
            [
                dict(
                    transforms=[
                        dict(scale=(
                            640,
                            640,
                        ), type='YOLOv5KeepRatioResize'),
                        dict(
                            allow_scale_up=False,
                            pad_val=dict(img=114),
                            scale=(
                                640,
                                640,
                            ),
                            type='LetterResize'),
                    ],
                    type='Compose'),
                dict(
                    transforms=[
                        dict(scale=(
                            320,
                            320,
                        ), type='YOLOv5KeepRatioResize'),
                        dict(
                            allow_scale_up=False,
                            pad_val=dict(img=114),
                            scale=(
                                320,
                                320,
                            ),
                            type='LetterResize'),
                    ],
                    type='Compose'),
                dict(
                    transforms=[
                        dict(scale=(
                            960,
                            960,
                        ), type='YOLOv5KeepRatioResize'),
                        dict(
                            allow_scale_up=False,
                            pad_val=dict(img=114),
                            scale=(
                                960,
                                960,
                            ),
                            type='LetterResize'),
                    ],
                    type='Compose'),
            ],
            [
                dict(prob=1.0, type='mmdet.RandomFlip'),
                dict(prob=0.0, type='mmdet.RandomFlip'),
            ],
            [
                dict(type='mmdet.LoadAnnotations', with_bbox=True),
            ],
            [
                dict(
                    meta_keys=(
                        'img_id',
                        'img_path',
                        'ori_shape',
                        'img_shape',
                        'scale_factor',
                        'pad_param',
                        'flip',
                        'flip_direction',
                    ),
                    type='mmdet.PackDetInputs'),
            ],
        ],
        type='TestTimeAug'),
]
val_ann_file = 'annotations/VisDrone2019-DET_val_coco.json'
val_batch_size_per_gpu = 8
val_cfg = dict(type='ValLoop')
val_data_prefix = 'images/val'
val_dataloader = dict(
    batch_size=8,
    dataset=dict(
        ann_file='annotations/VisDrone2019-DET_val_coco.json',
        batch_shapes_cfg=None,
        data_prefix=dict(img='images/val'),
        data_root='/mnt/datasets/VisDrone2019-DET-COCO/',
        metainfo=dict(
            classes=(
                'pedestrian',
                'people',
                'bicycle',
                'car',
                'van',
                'truck',
                'tricycle',
                'awning-tricycle',
                'bus',
                'motor',
            )),
        pipeline=[
            dict(backend_args=None, type='LoadImageFromFile'),
            dict(scale=(
                640,
                640,
            ), type='YOLOv5KeepRatioResize'),
            dict(
                allow_scale_up=False,
                pad_val=dict(img=114),
                scale=(
                    640,
                    640,
                ),
                type='LetterResize'),
            dict(_scope_='mmdet', type='LoadAnnotations', with_bbox=True),
            dict(
                meta_keys=(
                    'img_id',
                    'img_path',
                    'ori_shape',
                    'img_shape',
                    'scale_factor',
                    'pad_param',
                ),
                type='mmdet.PackDetInputs'),
        ],
        test_mode=True,
        type='YOLOv5CocoDataset'),
    drop_last=False,
    num_workers=8,
    persistent_workers=True,
    pin_memory=True,
    sampler=dict(shuffle=False, type='DefaultSampler'))
val_evaluator = dict(
    ann_file=
    '/mnt/datasets/VisDrone2019-DET-COCO/annotations/VisDrone2019-DET_val_coco.json',
    metric='bbox',
    proposal_nums=(
        100,
        1,
        10,
    ),
    type='mmdet.CocoMetric')
val_interval_stage2 = 10
val_num_workers = 8
vis_backends = [
    dict(type='LocalVisBackend'),
]
visualizer = dict(
    name='visualizer',
    type='mmdet.DetLocalVisualizer',
    vis_backends=[
        dict(type='LocalVisBackend'),
    ])
weight_decay = 0.0005
widen_factor = 0.25
work_dir = '/mnt/exam_log/0722_remdet/overall_design_0723/step11'

2024/07/24 13:30:34 - mmengine - INFO - Using SyncBatchNorm()
2024/07/24 13:30:34 - mmengine - INFO - Hooks will be executed in the following order:
before_run:
(VERY_HIGH   ) RuntimeInfoHook                    
(49          ) EMAHook                            
(BELOW_NORMAL) LoggerHook                         
 -------------------- 
after_load_checkpoint:
(49          ) EMAHook                            
 -------------------- 
before_train:
(9           ) YOLOv5ParamSchedulerHook           
(VERY_HIGH   ) RuntimeInfoHook                    
(49          ) EMAHook                            
(NORMAL      ) IterTimerHook                      
(VERY_LOW    ) CheckpointHook                     
 -------------------- 
before_train_epoch:
(VERY_HIGH   ) RuntimeInfoHook                    
(NORMAL      ) IterTimerHook                      
(NORMAL      ) DistSamplerSeedHook                
(NORMAL      ) PipelineSwitchHook                 
 -------------------- 
before_train_iter:
(9           ) YOLOv5ParamSchedulerHook           
(VERY_HIGH   ) RuntimeInfoHook                    
(NORMAL      ) IterTimerHook                      
 -------------------- 
after_train_iter:
(9           ) YOLOv5ParamSchedulerHook           
(VERY_HIGH   ) RuntimeInfoHook                    
(49          ) EMAHook                            
(NORMAL      ) IterTimerHook                      
(BELOW_NORMAL) LoggerHook                         
(VERY_LOW    ) CheckpointHook                     
 -------------------- 
after_train_epoch:
(9           ) YOLOv5ParamSchedulerHook           
(NORMAL      ) IterTimerHook                      
(VERY_LOW    ) CheckpointHook                     
 -------------------- 
before_val:
(VERY_HIGH   ) RuntimeInfoHook                    
 -------------------- 
before_val_epoch:
(49          ) EMAHook                            
(NORMAL      ) IterTimerHook                      
 -------------------- 
before_val_iter:
(NORMAL      ) IterTimerHook                      
 -------------------- 
after_val_iter:
(NORMAL      ) IterTimerHook                      
(NORMAL      ) DetVisualizationHook               
(BELOW_NORMAL) LoggerHook                         
 -------------------- 
after_val_epoch:
(9           ) YOLOv5ParamSchedulerHook           
(VERY_HIGH   ) RuntimeInfoHook                    
(49          ) EMAHook                            
(NORMAL      ) IterTimerHook                      
(BELOW_NORMAL) LoggerHook                         
(VERY_LOW    ) CheckpointHook                     
 -------------------- 
after_val:
(VERY_HIGH   ) RuntimeInfoHook                    
 -------------------- 
before_save_checkpoint:
(49          ) EMAHook                            
 -------------------- 
after_train:
(VERY_HIGH   ) RuntimeInfoHook                    
(VERY_LOW    ) CheckpointHook                     
 -------------------- 
before_test:
(VERY_HIGH   ) RuntimeInfoHook                    
 -------------------- 
before_test_epoch:
(49          ) EMAHook                            
(NORMAL      ) IterTimerHook                      
 -------------------- 
before_test_iter:
(NORMAL      ) IterTimerHook                      
 -------------------- 
after_test_iter:
(NORMAL      ) IterTimerHook                      
(NORMAL      ) DetVisualizationHook               
(BELOW_NORMAL) LoggerHook                         
 -------------------- 
after_test_epoch:
(VERY_HIGH   ) RuntimeInfoHook                    
(49          ) EMAHook                            
(NORMAL      ) IterTimerHook                      
(BELOW_NORMAL) LoggerHook                         
 -------------------- 
after_test:
(VERY_HIGH   ) RuntimeInfoHook                    
 -------------------- 
after_run:
(BELOW_NORMAL) LoggerHook                         
 -------------------- 
2024/07/24 13:30:39 - mmengine - INFO - Scaled weight_decay to 0.001
2024/07/24 13:30:39 - mmengine - INFO - Optimizer groups: 70 .bias, 66 conv.weight, 64 other
Name of parameter - Initialization information

backbone.stem.conv.weight - torch.Size([16, 3, 3, 3]): 
Initialized by user-defined `init_weights` in Step10_wider_stem  

backbone.stem.bn.weight - torch.Size([16]): 
The value is the same before and after calling `init_weights` of YOLODetector  

backbone.stem.bn.bias - torch.Size([16]): 
The value is the same before and after calling `init_weights` of YOLODetector  

backbone.stage1.0.conv.weight - torch.Size([32, 16, 3, 3]): 
Initialized by user-defined `init_weights` in Step10_wider_stem  

backbone.stage1.0.bn.weight - torch.Size([32]): 
The value is the same before and after calling `init_weights` of YOLODetector  

backbone.stage1.0.bn.bias - torch.Size([32]): 
The value is the same before and after calling `init_weights` of YOLODetector  

backbone.stage1.1.proj.conv.weight - torch.Size([192, 32, 1, 1]): 
Initialized by user-defined `init_weights` in Step10_wider_stem  

backbone.stage1.1.proj.bn.weight - torch.Size([192]): 
The value is the same before and after calling `init_weights` of YOLODetector  

backbone.stage1.1.proj.bn.bias - torch.Size([192]): 
The value is the same before and after calling `init_weights` of YOLODetector  

backbone.stage1.1.rep.rbr_identity.weight - torch.Size([96]): 
The value is the same before and after calling `init_weights` of YOLODetector  

backbone.stage1.1.rep.rbr_identity.bias - torch.Size([96]): 
The value is the same before and after calling `init_weights` of YOLODetector  

backbone.stage1.1.rep.rbr_dense.conv.weight - torch.Size([96, 1, 3, 3]): 
Initialized by user-defined `init_weights` in Step10_wider_stem  

backbone.stage1.1.rep.rbr_dense.bn.weight - torch.Size([96]): 
The value is the same before and after calling `init_weights` of YOLODetector  

backbone.stage1.1.rep.rbr_dense.bn.bias - torch.Size([96]): 
The value is the same before and after calling `init_weights` of YOLODetector  

backbone.stage1.1.rep.rbr_1x1.conv.weight - torch.Size([96, 96, 1, 1]): 
Initialized by user-defined `init_weights` in Step10_wider_stem  

backbone.stage1.1.rep.rbr_1x1.bn.weight - torch.Size([96]): 
The value is the same before and after calling `init_weights` of YOLODetector  

backbone.stage1.1.rep.rbr_1x1.bn.bias - torch.Size([96]): 
The value is the same before and after calling `init_weights` of YOLODetector  

backbone.stage1.1.cv2.conv.weight - torch.Size([32, 96, 1, 1]): 
Initialized by user-defined `init_weights` in Step10_wider_stem  

backbone.stage1.1.cv2.bn.weight - torch.Size([32]): 
The value is the same before and after calling `init_weights` of YOLODetector  

backbone.stage1.1.cv2.bn.bias - torch.Size([32]): 
The value is the same before and after calling `init_weights` of YOLODetector  

backbone.stage2.0.cv1.conv.weight - torch.Size([64, 32, 1, 1]): 
Initialized by user-defined `init_weights` in Step10_wider_stem  

backbone.stage2.0.cv1.bn.weight - torch.Size([64]): 
The value is the same before and after calling `init_weights` of YOLODetector  

backbone.stage2.0.cv1.bn.bias - torch.Size([64]): 
The value is the same before and after calling `init_weights` of YOLODetector  

backbone.stage2.0.cv2.conv.weight - torch.Size([64, 256, 1, 1]): 
Initialized by user-defined `init_weights` in Step10_wider_stem  

backbone.stage2.0.cv2.bn.weight - torch.Size([64]): 
The value is the same before and after calling `init_weights` of YOLODetector  

backbone.stage2.0.cv2.bn.bias - torch.Size([64]): 
The value is the same before and after calling `init_weights` of YOLODetector  

backbone.stage2.0.dwconv.conv.weight - torch.Size([64, 1, 3, 3]): 
Initialized by user-defined `init_weights` in Step10_wider_stem  

backbone.stage2.0.dwconv.bn.weight - torch.Size([64]): 
The value is the same before and after calling `init_weights` of YOLODetector  

backbone.stage2.0.dwconv.bn.bias - torch.Size([64]): 
The value is the same before and after calling `init_weights` of YOLODetector  

backbone.stage2.1.proj.conv.weight - torch.Size([384, 64, 1, 1]): 
Initialized by user-defined `init_weights` in Step10_wider_stem  

backbone.stage2.1.proj.bn.weight - torch.Size([384]): 
The value is the same before and after calling `init_weights` of YOLODetector  

backbone.stage2.1.proj.bn.bias - torch.Size([384]): 
The value is the same before and after calling `init_weights` of YOLODetector  

backbone.stage2.1.rep.rbr_identity.weight - torch.Size([192]): 
The value is the same before and after calling `init_weights` of YOLODetector  

backbone.stage2.1.rep.rbr_identity.bias - torch.Size([192]): 
The value is the same before and after calling `init_weights` of YOLODetector  

backbone.stage2.1.rep.rbr_dense.conv.weight - torch.Size([192, 1, 3, 3]): 
Initialized by user-defined `init_weights` in Step10_wider_stem  

backbone.stage2.1.rep.rbr_dense.bn.weight - torch.Size([192]): 
The value is the same before and after calling `init_weights` of YOLODetector  

backbone.stage2.1.rep.rbr_dense.bn.bias - torch.Size([192]): 
The value is the same before and after calling `init_weights` of YOLODetector  

backbone.stage2.1.rep.rbr_1x1.conv.weight - torch.Size([192, 192, 1, 1]): 
Initialized by user-defined `init_weights` in Step10_wider_stem  

backbone.stage2.1.rep.rbr_1x1.bn.weight - torch.Size([192]): 
The value is the same before and after calling `init_weights` of YOLODetector  

backbone.stage2.1.rep.rbr_1x1.bn.bias - torch.Size([192]): 
The value is the same before and after calling `init_weights` of YOLODetector  

backbone.stage2.1.cv2.conv.weight - torch.Size([64, 192, 1, 1]): 
Initialized by user-defined `init_weights` in Step10_wider_stem  

backbone.stage2.1.cv2.bn.weight - torch.Size([64]): 
The value is the same before and after calling `init_weights` of YOLODetector  

backbone.stage2.1.cv2.bn.bias - torch.Size([64]): 
The value is the same before and after calling `init_weights` of YOLODetector  

backbone.stage3.0.cv1.conv.weight - torch.Size([128, 64, 1, 1]): 
Initialized by user-defined `init_weights` in Step10_wider_stem  

backbone.stage3.0.cv1.bn.weight - torch.Size([128]): 
The value is the same before and after calling `init_weights` of YOLODetector  

backbone.stage3.0.cv1.bn.bias - torch.Size([128]): 
The value is the same before and after calling `init_weights` of YOLODetector  

backbone.stage3.0.cv2.conv.weight - torch.Size([128, 512, 1, 1]): 
Initialized by user-defined `init_weights` in Step10_wider_stem  

backbone.stage3.0.cv2.bn.weight - torch.Size([128]): 
The value is the same before and after calling `init_weights` of YOLODetector  

backbone.stage3.0.cv2.bn.bias - torch.Size([128]): 
The value is the same before and after calling `init_weights` of YOLODetector  

backbone.stage3.0.dwconv.conv.weight - torch.Size([128, 1, 3, 3]): 
Initialized by user-defined `init_weights` in Step10_wider_stem  

backbone.stage3.0.dwconv.bn.weight - torch.Size([128]): 
The value is the same before and after calling `init_weights` of YOLODetector  

backbone.stage3.0.dwconv.bn.bias - torch.Size([128]): 
The value is the same before and after calling `init_weights` of YOLODetector  

backbone.stage3.1.proj.conv.weight - torch.Size([768, 128, 1, 1]): 
Initialized by user-defined `init_weights` in Step10_wider_stem  

backbone.stage3.1.proj.bn.weight - torch.Size([768]): 
The value is the same before and after calling `init_weights` of YOLODetector  

backbone.stage3.1.proj.bn.bias - torch.Size([768]): 
The value is the same before and after calling `init_weights` of YOLODetector  

backbone.stage3.1.rep.rbr_identity.weight - torch.Size([384]): 
The value is the same before and after calling `init_weights` of YOLODetector  

backbone.stage3.1.rep.rbr_identity.bias - torch.Size([384]): 
The value is the same before and after calling `init_weights` of YOLODetector  

backbone.stage3.1.rep.rbr_dense.conv.weight - torch.Size([384, 1, 3, 3]): 
Initialized by user-defined `init_weights` in Step10_wider_stem  

backbone.stage3.1.rep.rbr_dense.bn.weight - torch.Size([384]): 
The value is the same before and after calling `init_weights` of YOLODetector  

backbone.stage3.1.rep.rbr_dense.bn.bias - torch.Size([384]): 
The value is the same before and after calling `init_weights` of YOLODetector  

backbone.stage3.1.rep.rbr_1x1.conv.weight - torch.Size([384, 384, 1, 1]): 
Initialized by user-defined `init_weights` in Step10_wider_stem  

backbone.stage3.1.rep.rbr_1x1.bn.weight - torch.Size([384]): 
The value is the same before and after calling `init_weights` of YOLODetector  

backbone.stage3.1.rep.rbr_1x1.bn.bias - torch.Size([384]): 
The value is the same before and after calling `init_weights` of YOLODetector  

backbone.stage3.1.m.0.conv.weight - torch.Size([384, 1, 3, 3]): 
Initialized by user-defined `init_weights` in Step10_wider_stem  

backbone.stage3.1.m.0.bn.weight - torch.Size([384]): 
The value is the same before and after calling `init_weights` of YOLODetector  

backbone.stage3.1.m.0.bn.bias - torch.Size([384]): 
The value is the same before and after calling `init_weights` of YOLODetector  

backbone.stage3.1.cv2.conv.weight - torch.Size([128, 384, 1, 1]): 
Initialized by user-defined `init_weights` in Step10_wider_stem  

backbone.stage3.1.cv2.bn.weight - torch.Size([128]): 
The value is the same before and after calling `init_weights` of YOLODetector  

backbone.stage3.1.cv2.bn.bias - torch.Size([128]): 
The value is the same before and after calling `init_weights` of YOLODetector  

backbone.stage4.0.cv1.conv.weight - torch.Size([256, 128, 1, 1]): 
Initialized by user-defined `init_weights` in Step10_wider_stem  

backbone.stage4.0.cv1.bn.weight - torch.Size([256]): 
The value is the same before and after calling `init_weights` of YOLODetector  

backbone.stage4.0.cv1.bn.bias - torch.Size([256]): 
The value is the same before and after calling `init_weights` of YOLODetector  

backbone.stage4.0.cv2.conv.weight - torch.Size([256, 1024, 1, 1]): 
Initialized by user-defined `init_weights` in Step10_wider_stem  

backbone.stage4.0.cv2.bn.weight - torch.Size([256]): 
The value is the same before and after calling `init_weights` of YOLODetector  

backbone.stage4.0.cv2.bn.bias - torch.Size([256]): 
The value is the same before and after calling `init_weights` of YOLODetector  

backbone.stage4.0.dwconv.conv.weight - torch.Size([256, 1, 3, 3]): 
Initialized by user-defined `init_weights` in Step10_wider_stem  

backbone.stage4.0.dwconv.bn.weight - torch.Size([256]): 
The value is the same before and after calling `init_weights` of YOLODetector  

backbone.stage4.0.dwconv.bn.bias - torch.Size([256]): 
The value is the same before and after calling `init_weights` of YOLODetector  

backbone.stage4.1.proj.conv.weight - torch.Size([1536, 256, 1, 1]): 
Initialized by user-defined `init_weights` in Step10_wider_stem  

backbone.stage4.1.proj.bn.weight - torch.Size([1536]): 
The value is the same before and after calling `init_weights` of YOLODetector  

backbone.stage4.1.proj.bn.bias - torch.Size([1536]): 
The value is the same before and after calling `init_weights` of YOLODetector  

backbone.stage4.1.rep.rbr_identity.weight - torch.Size([768]): 
The value is the same before and after calling `init_weights` of YOLODetector  

backbone.stage4.1.rep.rbr_identity.bias - torch.Size([768]): 
The value is the same before and after calling `init_weights` of YOLODetector  

backbone.stage4.1.rep.rbr_dense.conv.weight - torch.Size([768, 1, 3, 3]): 
Initialized by user-defined `init_weights` in Step10_wider_stem  

backbone.stage4.1.rep.rbr_dense.bn.weight - torch.Size([768]): 
The value is the same before and after calling `init_weights` of YOLODetector  

backbone.stage4.1.rep.rbr_dense.bn.bias - torch.Size([768]): 
The value is the same before and after calling `init_weights` of YOLODetector  

backbone.stage4.1.rep.rbr_1x1.conv.weight - torch.Size([768, 768, 1, 1]): 
Initialized by user-defined `init_weights` in Step10_wider_stem  

backbone.stage4.1.rep.rbr_1x1.bn.weight - torch.Size([768]): 
The value is the same before and after calling `init_weights` of YOLODetector  

backbone.stage4.1.rep.rbr_1x1.bn.bias - torch.Size([768]): 
The value is the same before and after calling `init_weights` of YOLODetector  

backbone.stage4.1.cv2.conv.weight - torch.Size([256, 768, 1, 1]): 
Initialized by user-defined `init_weights` in Step10_wider_stem  

backbone.stage4.1.cv2.bn.weight - torch.Size([256]): 
The value is the same before and after calling `init_weights` of YOLODetector  

backbone.stage4.1.cv2.bn.bias - torch.Size([256]): 
The value is the same before and after calling `init_weights` of YOLODetector  

backbone.stage4.2.conv1.conv.weight - torch.Size([128, 256, 1, 1]): 
Initialized by user-defined `init_weights` in Step10_wider_stem  

backbone.stage4.2.conv1.bn.weight - torch.Size([128]): 
The value is the same before and after calling `init_weights` of YOLODetector  

backbone.stage4.2.conv1.bn.bias - torch.Size([128]): 
The value is the same before and after calling `init_weights` of YOLODetector  

backbone.stage4.2.conv2.conv.weight - torch.Size([256, 512, 1, 1]): 
Initialized by user-defined `init_weights` in Step10_wider_stem  

backbone.stage4.2.conv2.bn.weight - torch.Size([256]): 
The value is the same before and after calling `init_weights` of YOLODetector  

backbone.stage4.2.conv2.bn.bias - torch.Size([256]): 
The value is the same before and after calling `init_weights` of YOLODetector  

neck.top_down_layers.0.cv1.conv.weight - torch.Size([256, 384, 1, 1]): 
Initialized by user-defined `init_weights` in RemDetPAFPN  

neck.top_down_layers.0.cv1.bn.weight - torch.Size([256]): 
The value is the same before and after calling `init_weights` of YOLODetector  

neck.top_down_layers.0.cv1.bn.bias - torch.Size([256]): 
The value is the same before and after calling `init_weights` of YOLODetector  

neck.top_down_layers.0.cv2.conv.weight - torch.Size([128, 384, 1, 1]): 
Initialized by user-defined `init_weights` in RemDetPAFPN  

neck.top_down_layers.0.cv2.bn.weight - torch.Size([128]): 
The value is the same before and after calling `init_weights` of YOLODetector  

neck.top_down_layers.0.cv2.bn.bias - torch.Size([128]): 
The value is the same before and after calling `init_weights` of YOLODetector  

neck.top_down_layers.0.m.0.conv1.conv.weight - torch.Size([32, 128, 3, 3]): 
Initialized by user-defined `init_weights` in RemDetPAFPN  

neck.top_down_layers.0.m.0.conv1.bn.weight - torch.Size([32]): 
The value is the same before and after calling `init_weights` of YOLODetector  

neck.top_down_layers.0.m.0.conv1.bn.bias - torch.Size([32]): 
The value is the same before and after calling `init_weights` of YOLODetector  

neck.top_down_layers.0.m.0.conv2.conv.weight - torch.Size([128, 32, 3, 3]): 
Initialized by user-defined `init_weights` in RemDetPAFPN  

neck.top_down_layers.0.m.0.conv2.bn.weight - torch.Size([128]): 
The value is the same before and after calling `init_weights` of YOLODetector  

neck.top_down_layers.0.m.0.conv2.bn.bias - torch.Size([128]): 
The value is the same before and after calling `init_weights` of YOLODetector  

neck.top_down_layers.1.cv1.conv.weight - torch.Size([128, 192, 1, 1]): 
Initialized by user-defined `init_weights` in RemDetPAFPN  

neck.top_down_layers.1.cv1.bn.weight - torch.Size([128]): 
The value is the same before and after calling `init_weights` of YOLODetector  

neck.top_down_layers.1.cv1.bn.bias - torch.Size([128]): 
The value is the same before and after calling `init_weights` of YOLODetector  

neck.top_down_layers.1.cv2.conv.weight - torch.Size([64, 192, 1, 1]): 
Initialized by user-defined `init_weights` in RemDetPAFPN  

neck.top_down_layers.1.cv2.bn.weight - torch.Size([64]): 
The value is the same before and after calling `init_weights` of YOLODetector  

neck.top_down_layers.1.cv2.bn.bias - torch.Size([64]): 
The value is the same before and after calling `init_weights` of YOLODetector  

neck.top_down_layers.1.m.0.conv1.conv.weight - torch.Size([16, 64, 3, 3]): 
Initialized by user-defined `init_weights` in RemDetPAFPN  

neck.top_down_layers.1.m.0.conv1.bn.weight - torch.Size([16]): 
The value is the same before and after calling `init_weights` of YOLODetector  

neck.top_down_layers.1.m.0.conv1.bn.bias - torch.Size([16]): 
The value is the same before and after calling `init_weights` of YOLODetector  

neck.top_down_layers.1.m.0.conv2.conv.weight - torch.Size([64, 16, 3, 3]): 
Initialized by user-defined `init_weights` in RemDetPAFPN  

neck.top_down_layers.1.m.0.conv2.bn.weight - torch.Size([64]): 
The value is the same before and after calling `init_weights` of YOLODetector  

neck.top_down_layers.1.m.0.conv2.bn.bias - torch.Size([64]): 
The value is the same before and after calling `init_weights` of YOLODetector  

neck.downsample_layers.0.conv.weight - torch.Size([64, 64, 3, 3]): 
Initialized by user-defined `init_weights` in RemDetPAFPN  

neck.downsample_layers.0.bn.weight - torch.Size([64]): 
The value is the same before and after calling `init_weights` of YOLODetector  

neck.downsample_layers.0.bn.bias - torch.Size([64]): 
The value is the same before and after calling `init_weights` of YOLODetector  

neck.downsample_layers.1.conv.weight - torch.Size([128, 128, 3, 3]): 
Initialized by user-defined `init_weights` in RemDetPAFPN  

neck.downsample_layers.1.bn.weight - torch.Size([128]): 
The value is the same before and after calling `init_weights` of YOLODetector  

neck.downsample_layers.1.bn.bias - torch.Size([128]): 
The value is the same before and after calling `init_weights` of YOLODetector  

neck.bottom_up_layers.0.cv1.conv.weight - torch.Size([256, 192, 1, 1]): 
Initialized by user-defined `init_weights` in RemDetPAFPN  

neck.bottom_up_layers.0.cv1.bn.weight - torch.Size([256]): 
The value is the same before and after calling `init_weights` of YOLODetector  

neck.bottom_up_layers.0.cv1.bn.bias - torch.Size([256]): 
The value is the same before and after calling `init_weights` of YOLODetector  

neck.bottom_up_layers.0.cv2.conv.weight - torch.Size([128, 384, 1, 1]): 
Initialized by user-defined `init_weights` in RemDetPAFPN  

neck.bottom_up_layers.0.cv2.bn.weight - torch.Size([128]): 
The value is the same before and after calling `init_weights` of YOLODetector  

neck.bottom_up_layers.0.cv2.bn.bias - torch.Size([128]): 
The value is the same before and after calling `init_weights` of YOLODetector  

neck.bottom_up_layers.0.m.0.conv1.conv.weight - torch.Size([32, 128, 3, 3]): 
Initialized by user-defined `init_weights` in RemDetPAFPN  

neck.bottom_up_layers.0.m.0.conv1.bn.weight - torch.Size([32]): 
The value is the same before and after calling `init_weights` of YOLODetector  

neck.bottom_up_layers.0.m.0.conv1.bn.bias - torch.Size([32]): 
The value is the same before and after calling `init_weights` of YOLODetector  

neck.bottom_up_layers.0.m.0.conv2.conv.weight - torch.Size([128, 32, 3, 3]): 
Initialized by user-defined `init_weights` in RemDetPAFPN  

neck.bottom_up_layers.0.m.0.conv2.bn.weight - torch.Size([128]): 
The value is the same before and after calling `init_weights` of YOLODetector  

neck.bottom_up_layers.0.m.0.conv2.bn.bias - torch.Size([128]): 
The value is the same before and after calling `init_weights` of YOLODetector  

neck.bottom_up_layers.1.cv1.conv.weight - torch.Size([512, 384, 1, 1]): 
Initialized by user-defined `init_weights` in RemDetPAFPN  

neck.bottom_up_layers.1.cv1.bn.weight - torch.Size([512]): 
The value is the same before and after calling `init_weights` of YOLODetector  

neck.bottom_up_layers.1.cv1.bn.bias - torch.Size([512]): 
The value is the same before and after calling `init_weights` of YOLODetector  

neck.bottom_up_layers.1.cv2.conv.weight - torch.Size([256, 768, 1, 1]): 
Initialized by user-defined `init_weights` in RemDetPAFPN  

neck.bottom_up_layers.1.cv2.bn.weight - torch.Size([256]): 
The value is the same before and after calling `init_weights` of YOLODetector  

neck.bottom_up_layers.1.cv2.bn.bias - torch.Size([256]): 
The value is the same before and after calling `init_weights` of YOLODetector  

neck.bottom_up_layers.1.m.0.conv1.conv.weight - torch.Size([64, 256, 3, 3]): 
Initialized by user-defined `init_weights` in RemDetPAFPN  

neck.bottom_up_layers.1.m.0.conv1.bn.weight - torch.Size([64]): 
The value is the same before and after calling `init_weights` of YOLODetector  

neck.bottom_up_layers.1.m.0.conv1.bn.bias - torch.Size([64]): 
The value is the same before and after calling `init_weights` of YOLODetector  

neck.bottom_up_layers.1.m.0.conv2.conv.weight - torch.Size([256, 64, 3, 3]): 
Initialized by user-defined `init_weights` in RemDetPAFPN  

neck.bottom_up_layers.1.m.0.conv2.bn.weight - torch.Size([256]): 
The value is the same before and after calling `init_weights` of YOLODetector  

neck.bottom_up_layers.1.m.0.conv2.bn.bias - torch.Size([256]): 
The value is the same before and after calling `init_weights` of YOLODetector  

bbox_head.head_module.cls_preds.0.0.conv.weight - torch.Size([64, 64, 3, 3]): 
The value is the same before and after calling `init_weights` of YOLODetector  

bbox_head.head_module.cls_preds.0.0.bn.weight - torch.Size([64]): 
The value is the same before and after calling `init_weights` of YOLODetector  

bbox_head.head_module.cls_preds.0.0.bn.bias - torch.Size([64]): 
The value is the same before and after calling `init_weights` of YOLODetector  

bbox_head.head_module.cls_preds.0.1.conv.weight - torch.Size([64, 64, 3, 3]): 
The value is the same before and after calling `init_weights` of YOLODetector  

bbox_head.head_module.cls_preds.0.1.bn.weight - torch.Size([64]): 
The value is the same before and after calling `init_weights` of YOLODetector  

bbox_head.head_module.cls_preds.0.1.bn.bias - torch.Size([64]): 
The value is the same before and after calling `init_weights` of YOLODetector  

bbox_head.head_module.cls_preds.0.2.weight - torch.Size([10, 64, 1, 1]): 
The value is the same before and after calling `init_weights` of YOLODetector  

bbox_head.head_module.cls_preds.0.2.bias - torch.Size([10]): 
Initialized by user-defined `init_weights` in YOLOv8HeadModule  

bbox_head.head_module.cls_preds.1.0.conv.weight - torch.Size([64, 128, 3, 3]): 
The value is the same before and after calling `init_weights` of YOLODetector  

bbox_head.head_module.cls_preds.1.0.bn.weight - torch.Size([64]): 
The value is the same before and after calling `init_weights` of YOLODetector  

bbox_head.head_module.cls_preds.1.0.bn.bias - torch.Size([64]): 
The value is the same before and after calling `init_weights` of YOLODetector  

bbox_head.head_module.cls_preds.1.1.conv.weight - torch.Size([64, 64, 3, 3]): 
The value is the same before and after calling `init_weights` of YOLODetector  

bbox_head.head_module.cls_preds.1.1.bn.weight - torch.Size([64]): 
The value is the same before and after calling `init_weights` of YOLODetector  

bbox_head.head_module.cls_preds.1.1.bn.bias - torch.Size([64]): 
The value is the same before and after calling `init_weights` of YOLODetector  

bbox_head.head_module.cls_preds.1.2.weight - torch.Size([10, 64, 1, 1]): 
The value is the same before and after calling `init_weights` of YOLODetector  

bbox_head.head_module.cls_preds.1.2.bias - torch.Size([10]): 
Initialized by user-defined `init_weights` in YOLOv8HeadModule  

bbox_head.head_module.cls_preds.2.0.conv.weight - torch.Size([64, 256, 3, 3]): 
The value is the same before and after calling `init_weights` of YOLODetector  

bbox_head.head_module.cls_preds.2.0.bn.weight - torch.Size([64]): 
The value is the same before and after calling `init_weights` of YOLODetector  

bbox_head.head_module.cls_preds.2.0.bn.bias - torch.Size([64]): 
The value is the same before and after calling `init_weights` of YOLODetector  

bbox_head.head_module.cls_preds.2.1.conv.weight - torch.Size([64, 64, 3, 3]): 
The value is the same before and after calling `init_weights` of YOLODetector  

bbox_head.head_module.cls_preds.2.1.bn.weight - torch.Size([64]): 
The value is the same before and after calling `init_weights` of YOLODetector  

bbox_head.head_module.cls_preds.2.1.bn.bias - torch.Size([64]): 
The value is the same before and after calling `init_weights` of YOLODetector  

bbox_head.head_module.cls_preds.2.2.weight - torch.Size([10, 64, 1, 1]): 
The value is the same before and after calling `init_weights` of YOLODetector  

bbox_head.head_module.cls_preds.2.2.bias - torch.Size([10]): 
Initialized by user-defined `init_weights` in YOLOv8HeadModule  

bbox_head.head_module.reg_preds.0.0.conv.weight - torch.Size([64, 64, 3, 3]): 
The value is the same before and after calling `init_weights` of YOLODetector  

bbox_head.head_module.reg_preds.0.0.bn.weight - torch.Size([64]): 
The value is the same before and after calling `init_weights` of YOLODetector  

bbox_head.head_module.reg_preds.0.0.bn.bias - torch.Size([64]): 
The value is the same before and after calling `init_weights` of YOLODetector  

bbox_head.head_module.reg_preds.0.1.conv.weight - torch.Size([64, 64, 3, 3]): 
The value is the same before and after calling `init_weights` of YOLODetector  

bbox_head.head_module.reg_preds.0.1.bn.weight - torch.Size([64]): 
The value is the same before and after calling `init_weights` of YOLODetector  

bbox_head.head_module.reg_preds.0.1.bn.bias - torch.Size([64]): 
The value is the same before and after calling `init_weights` of YOLODetector  

bbox_head.head_module.reg_preds.0.2.weight - torch.Size([64, 64, 1, 1]): 
The value is the same before and after calling `init_weights` of YOLODetector  

bbox_head.head_module.reg_preds.0.2.bias - torch.Size([64]): 
Initialized by user-defined `init_weights` in YOLOv8HeadModule  

bbox_head.head_module.reg_preds.1.0.conv.weight - torch.Size([64, 128, 3, 3]): 
The value is the same before and after calling `init_weights` of YOLODetector  

bbox_head.head_module.reg_preds.1.0.bn.weight - torch.Size([64]): 
The value is the same before and after calling `init_weights` of YOLODetector  

bbox_head.head_module.reg_preds.1.0.bn.bias - torch.Size([64]): 
The value is the same before and after calling `init_weights` of YOLODetector  

bbox_head.head_module.reg_preds.1.1.conv.weight - torch.Size([64, 64, 3, 3]): 
The value is the same before and after calling `init_weights` of YOLODetector  

bbox_head.head_module.reg_preds.1.1.bn.weight - torch.Size([64]): 
The value is the same before and after calling `init_weights` of YOLODetector  

bbox_head.head_module.reg_preds.1.1.bn.bias - torch.Size([64]): 
The value is the same before and after calling `init_weights` of YOLODetector  

bbox_head.head_module.reg_preds.1.2.weight - torch.Size([64, 64, 1, 1]): 
The value is the same before and after calling `init_weights` of YOLODetector  

bbox_head.head_module.reg_preds.1.2.bias - torch.Size([64]): 
Initialized by user-defined `init_weights` in YOLOv8HeadModule  

bbox_head.head_module.reg_preds.2.0.conv.weight - torch.Size([64, 256, 3, 3]): 
The value is the same before and after calling `init_weights` of YOLODetector  

bbox_head.head_module.reg_preds.2.0.bn.weight - torch.Size([64]): 
The value is the same before and after calling `init_weights` of YOLODetector  

bbox_head.head_module.reg_preds.2.0.bn.bias - torch.Size([64]): 
The value is the same before and after calling `init_weights` of YOLODetector  

bbox_head.head_module.reg_preds.2.1.conv.weight - torch.Size([64, 64, 3, 3]): 
The value is the same before and after calling `init_weights` of YOLODetector  

bbox_head.head_module.reg_preds.2.1.bn.weight - torch.Size([64]): 
The value is the same before and after calling `init_weights` of YOLODetector  

bbox_head.head_module.reg_preds.2.1.bn.bias - torch.Size([64]): 
The value is the same before and after calling `init_weights` of YOLODetector  

bbox_head.head_module.reg_preds.2.2.weight - torch.Size([64, 64, 1, 1]): 
The value is the same before and after calling `init_weights` of YOLODetector  

bbox_head.head_module.reg_preds.2.2.bias - torch.Size([64]): 
Initialized by user-defined `init_weights` in YOLOv8HeadModule  
2024/07/24 13:30:40 - mmengine - WARNING - "FileClient" will be deprecated in future. Please use io functions in https://mmengine.readthedocs.io/en/latest/api/fileio.html#file-io
2024/07/24 13:30:40 - mmengine - WARNING - "HardDiskBackend" is the alias of "LocalBackend" and the former will be deprecated in future.
2024/07/24 13:30:40 - mmengine - INFO - Checkpoints will be saved to /mnt/exam_log/0722_remdet/overall_design_0723/step11.
2024/07/24 13:30:58 - mmengine - INFO - Epoch(train)   [1][50/51]  base_lr: 8.0000e-02 lr: 3.9200e-03  eta: 1:30:34  time: 0.3563  data_time: 0.0308  memory: 12977  grad_norm: 5535.7864  loss: 1944.7105  loss_cls: 758.0876  loss_bbox: 687.1091  loss_dfl: 499.5138
2024/07/24 13:31:01 - mmengine - INFO - Exp name: step11_add_channelc2f_overall_design-300e_coco_20240724_133030
2024/07/24 13:31:13 - mmengine - INFO - Epoch(train)   [2][50/51]  base_lr: 8.0000e-02 lr: 7.9736e-03  eta: 1:21:21  time: 0.2227  data_time: 0.0231  memory: 13044  grad_norm: 397.5863  loss: 1199.2131  loss_cls: 431.0939  loss_bbox: 499.3856  loss_dfl: 268.7337
2024/07/24 13:31:13 - mmengine - INFO - Exp name: step11_add_channelc2f_overall_design-300e_coco_20240724_133030
2024/07/24 13:31:23 - mmengine - INFO - Epoch(train)   [3][50/51]  base_lr: 8.0000e-02 lr: 1.2000e-02  eta: 1:11:37  time: 0.2112  data_time: 0.0193  memory: 11884  grad_norm: 505.3863  loss: 971.9868  loss_cls: 358.8864  loss_bbox: 403.0156  loss_dfl: 210.0849
2024/07/24 13:31:23 - mmengine - INFO - Exp name: step11_add_channelc2f_overall_design-300e_coco_20240724_133030
2024/07/24 13:31:35 - mmengine - INFO - Epoch(train)   [4][50/51]  base_lr: 8.0000e-02 lr: 1.6000e-02  eta: 1:07:24  time: 0.2227  data_time: 0.0225  memory: 12844  grad_norm: 542.5532  loss: 879.0109  loss_cls: 323.7194  loss_bbox: 361.0553  loss_dfl: 194.2362
2024/07/24 13:31:35 - mmengine - INFO - Exp name: step11_add_channelc2f_overall_design-300e_coco_20240724_133030
2024/07/24 13:31:46 - mmengine - INFO - Epoch(train)   [5][50/51]  base_lr: 8.0000e-02 lr: 1.9973e-02  eta: 1:04:28  time: 0.2157  data_time: 0.0192  memory: 12098  grad_norm: 514.3739  loss: 818.7601  loss_cls: 299.3233  loss_bbox: 335.2433  loss_dfl: 184.1935
2024/07/24 13:31:46 - mmengine - INFO - Exp name: step11_add_channelc2f_overall_design-300e_coco_20240724_133030
2024/07/24 13:31:56 - mmengine - INFO - Epoch(train)   [6][50/51]  base_lr: 8.0000e-02 lr: 2.3919e-02  eta: 1:02:14  time: 0.2102  data_time: 0.0208  memory: 13084  grad_norm: 477.4950  loss: 780.2807  loss_cls: 282.2171  loss_bbox: 319.8708  loss_dfl: 178.1928
2024/07/24 13:31:56 - mmengine - INFO - Exp name: step11_add_channelc2f_overall_design-300e_coco_20240724_133030
2024/07/24 13:32:07 - mmengine - INFO - Epoch(train)   [7][50/51]  base_lr: 8.0000e-02 lr: 2.7838e-02  eta: 1:00:32  time: 0.2084  data_time: 0.0198  memory: 13751  grad_norm: 423.0663  loss: 743.5468  loss_cls: 267.3197  loss_bbox: 304.7676  loss_dfl: 171.4595
2024/07/24 13:32:07 - mmengine - INFO - Exp name: step11_add_channelc2f_overall_design-300e_coco_20240724_133030
2024/07/24 13:32:17 - mmengine - INFO - Epoch(train)   [8][50/51]  base_lr: 8.0000e-02 lr: 3.1730e-02  eta: 0:59:10  time: 0.2077  data_time: 0.0199  memory: 12071  grad_norm: 371.1643  loss: 724.2554  loss_cls: 257.4533  loss_bbox: 299.4495  loss_dfl: 167.3527
2024/07/24 13:32:17 - mmengine - INFO - Exp name: step11_add_channelc2f_overall_design-300e_coco_20240724_133030
2024/07/24 13:32:28 - mmengine - INFO - Epoch(train)   [9][50/51]  base_lr: 8.0000e-02 lr: 3.5595e-02  eta: 0:58:16  time: 0.2146  data_time: 0.0185  memory: 12751  grad_norm: 328.8910  loss: 696.7417  loss_cls: 247.2265  loss_bbox: 284.9977  loss_dfl: 164.5175
2024/07/24 13:32:28 - mmengine - INFO - Exp name: step11_add_channelc2f_overall_design-300e_coco_20240724_133030
2024/07/24 13:32:39 - mmengine - INFO - Epoch(train)  [10][50/51]  base_lr: 8.0000e-02 lr: 3.9433e-02  eta: 0:57:25  time: 0.2112  data_time: 0.0174  memory: 12711  grad_norm: 298.4585  loss: 676.3809  loss_cls: 238.0308  loss_bbox: 277.3390  loss_dfl: 161.0111
2024/07/24 13:32:39 - mmengine - INFO - Exp name: step11_add_channelc2f_overall_design-300e_coco_20240724_133030
2024/07/24 13:32:39 - mmengine - INFO - Saving checkpoint at 10 epochs
2024/07/24 13:32:40 - mmengine - WARNING - `save_param_scheduler` is True but `self.param_schedulers` is None, so skip saving parameter schedulers
2024/07/24 13:32:46 - mmengine - INFO - Evaluating bbox...
2024/07/24 13:33:08 - mmengine - INFO - bbox_mAP_copypaste: 0.025 0.053 0.023 0.010 0.044 0.069
2024/07/24 13:33:08 - mmengine - INFO - Epoch(val) [10][9/9]    coco/bbox_mAP: 0.0250  coco/bbox_mAP_50: 0.0530  coco/bbox_mAP_75: 0.0230  coco/bbox_mAP_s: 0.0100  coco/bbox_mAP_m: 0.0440  coco/bbox_mAP_l: 0.0690  data_time: 0.0525  time: 0.4302
2024/07/24 13:33:09 - mmengine - INFO - The best checkpoint with 0.0250 coco/bbox_mAP at 10 epoch is saved to best_coco_bbox_mAP_epoch_10.pth.
2024/07/24 13:33:21 - mmengine - INFO - Epoch(train)  [11][50/51]  base_lr: 8.0000e-02 lr: 4.3244e-02  eta: 0:56:56  time: 0.2216  data_time: 0.0242  memory: 13226  grad_norm: 265.0939  loss: 655.6156  loss_cls: 228.8179  loss_bbox: 269.5022  loss_dfl: 157.2955
2024/07/24 13:33:21 - mmengine - INFO - Exp name: step11_add_channelc2f_overall_design-300e_coco_20240724_133030
2024/07/24 13:33:31 - mmengine - INFO - Epoch(train)  [12][50/51]  base_lr: 8.0000e-02 lr: 4.7029e-02  eta: 0:56:18  time: 0.2122  data_time: 0.0209  memory: 13186  grad_norm: 236.9276  loss: 628.3346  loss_cls: 216.6600  loss_bbox: 259.2098  loss_dfl: 152.4648
2024/07/24 13:33:31 - mmengine - INFO - Exp name: step11_add_channelc2f_overall_design-300e_coco_20240724_133030
2024/07/24 13:33:43 - mmengine - INFO - Epoch(train)  [13][50/51]  base_lr: 8.0000e-02 lr: 5.0786e-02  eta: 0:55:53  time: 0.2205  data_time: 0.0185  memory: 12199  grad_norm: 210.2325  loss: 614.6385  loss_cls: 209.0510  loss_bbox: 254.1699  loss_dfl: 151.4176
2024/07/24 13:33:43 - mmengine - INFO - Exp name: step11_add_channelc2f_overall_design-300e_coco_20240724_133030
2024/07/24 13:33:53 - mmengine - INFO - Epoch(train)  [14][50/51]  base_lr: 8.0000e-02 lr: 5.4516e-02  eta: 0:55:17  time: 0.2072  data_time: 0.0204  memory: 11959  grad_norm: 188.1344  loss: 608.6800  loss_cls: 207.3735  loss_bbox: 252.0650  loss_dfl: 149.2415
2024/07/24 13:33:53 - mmengine - INFO - Exp name: step11_add_channelc2f_overall_design-300e_coco_20240724_133030
2024/07/24 13:34:04 - mmengine - INFO - Epoch(train)  [15][50/51]  base_lr: 8.0000e-02 lr: 5.8220e-02  eta: 0:54:45  time: 0.2082  data_time: 0.0172  memory: 13065  grad_norm: 168.8885  loss: 591.5096  loss_cls: 200.2099  loss_bbox: 243.6214  loss_dfl: 147.6782
2024/07/24 13:34:04 - mmengine - INFO - Exp name: step11_add_channelc2f_overall_design-300e_coco_20240724_133030
2024/07/24 13:34:15 - mmengine - INFO - Epoch(train)  [16][50/51]  base_lr: 8.0000e-02 lr: 6.1897e-02  eta: 0:54:26  time: 0.2189  data_time: 0.0272  memory: 12985  grad_norm: 156.4407  loss: 577.1380  loss_cls: 193.4147  loss_bbox: 238.0348  loss_dfl: 145.6884
2024/07/24 13:34:15 - mmengine - INFO - Exp name: step11_add_channelc2f_overall_design-300e_coco_20240724_133030
2024/07/24 13:34:25 - mmengine - INFO - Epoch(train)  [17][50/51]  base_lr: 8.0000e-02 lr: 6.5546e-02  eta: 0:54:01  time: 0.2114  data_time: 0.0173  memory: 12639  grad_norm: 139.6517  loss: 571.1289  loss_cls: 190.4893  loss_bbox: 237.5305  loss_dfl: 143.1090
2024/07/24 13:34:25 - mmengine - INFO - Exp name: step11_add_channelc2f_overall_design-300e_coco_20240724_133030
2024/07/24 13:34:36 - mmengine - INFO - Epoch(train)  [18][50/51]  base_lr: 8.0000e-02 lr: 6.9169e-02  eta: 0:53:33  time: 0.2053  data_time: 0.0175  memory: 12025  grad_norm: 129.5357  loss: 555.7739  loss_cls: 183.9383  loss_bbox: 229.3219  loss_dfl: 142.5137
2024/07/24 13:34:36 - mmengine - INFO - Exp name: step11_add_channelc2f_overall_design-300e_coco_20240724_133030
2024/07/24 13:34:46 - mmengine - INFO - Epoch(train)  [19][50/51]  base_lr: 8.0000e-02 lr: 7.2765e-02  eta: 0:53:09  time: 0.2078  data_time: 0.0194  memory: 11945  grad_norm: 118.4207  loss: 555.9348  loss_cls: 184.5136  loss_bbox: 229.2471  loss_dfl: 142.1741
2024/07/24 13:34:46 - mmengine - INFO - Exp name: step11_add_channelc2f_overall_design-300e_coco_20240724_133030
2024/07/24 13:34:54 - mmengine - INFO - Exp name: step11_add_channelc2f_overall_design-300e_coco_20240724_133030
2024/07/24 13:34:57 - mmengine - INFO - Epoch(train)  [20][50/51]  base_lr: 8.0000e-02 lr: 7.4984e-02  eta: 0:52:48  time: 0.2108  data_time: 0.0193  memory: 11985  grad_norm: 110.6914  loss: 551.3577  loss_cls: 180.4754  loss_bbox: 231.4024  loss_dfl: 139.4799
2024/07/24 13:34:57 - mmengine - INFO - Exp name: step11_add_channelc2f_overall_design-300e_coco_20240724_133030
2024/07/24 13:34:57 - mmengine - INFO - Saving checkpoint at 20 epochs
2024/07/24 13:35:00 - mmengine - INFO - Evaluating bbox...
2024/07/24 13:35:26 - mmengine - INFO - bbox_mAP_copypaste: 0.070 0.133 0.070 0.028 0.122 0.176
2024/07/24 13:35:26 - mmengine - INFO - Epoch(val) [20][9/9]    coco/bbox_mAP: 0.0700  coco/bbox_mAP_50: 0.1330  coco/bbox_mAP_75: 0.0700  coco/bbox_mAP_s: 0.0280  coco/bbox_mAP_m: 0.1220  coco/bbox_mAP_l: 0.1760  data_time: 0.0207  time: 0.1266
2024/07/24 13:35:26 - mmengine - INFO - The previous best checkpoint /mnt/exam_log/0722_remdet/overall_design_0723/step11/best_coco_bbox_mAP_epoch_10.pth is removed
2024/07/24 13:35:26 - mmengine - INFO - The best checkpoint with 0.0700 coco/bbox_mAP at 20 epoch is saved to best_coco_bbox_mAP_epoch_20.pth.
2024/07/24 13:35:38 - mmengine - INFO - Epoch(train)  [21][50/51]  base_lr: 8.0000e-02 lr: 7.4984e-02  eta: 0:52:31  time: 0.2145  data_time: 0.0225  memory: 12985  grad_norm: 101.0056  loss: 542.3673  loss_cls: 177.5484  loss_bbox: 227.7944  loss_dfl: 137.0246
2024/07/24 13:35:38 - mmengine - INFO - Exp name: step11_add_channelc2f_overall_design-300e_coco_20240724_133030
2024/07/24 13:35:48 - mmengine - INFO - Epoch(train)  [22][50/51]  base_lr: 8.0000e-02 lr: 7.4720e-02  eta: 0:52:11  time: 0.2104  data_time: 0.0186  memory: 12212  grad_norm: 92.8255  loss: 537.3724  loss_cls: 175.4178  loss_bbox: 224.5242  loss_dfl: 137.4304
2024/07/24 13:35:49 - mmengine - INFO - Exp name: step11_add_channelc2f_overall_design-300e_coco_20240724_133030
2024/07/24 13:35:59 - mmengine - INFO - Epoch(train)  [23][50/51]  base_lr: 8.0000e-02 lr: 7.4456e-02  eta: 0:51:52  time: 0.2092  data_time: 0.0173  memory: 13999  grad_norm: 88.7206  loss: 529.6615  loss_cls: 172.4393  loss_bbox: 222.6371  loss_dfl: 134.5850
2024/07/24 13:35:59 - mmengine - INFO - Exp name: step11_add_channelc2f_overall_design-300e_coco_20240724_133030
2024/07/24 13:36:10 - mmengine - INFO - Epoch(train)  [24][50/51]  base_lr: 8.0000e-02 lr: 7.4192e-02  eta: 0:51:32  time: 0.2073  data_time: 0.0188  memory: 11532  grad_norm: 86.9630  loss: 520.6626  loss_cls: 168.9087  loss_bbox: 218.1651  loss_dfl: 133.5888
2024/07/24 13:36:10 - mmengine - INFO - Exp name: step11_add_channelc2f_overall_design-300e_coco_20240724_133030
2024/07/24 13:36:21 - mmengine - INFO - Epoch(train)  [25][50/51]  base_lr: 8.0000e-02 lr: 7.3928e-02  eta: 0:51:21  time: 0.2212  data_time: 0.0202  memory: 11892  grad_norm: 84.7705  loss: 514.9544  loss_cls: 165.9880  loss_bbox: 215.3742  loss_dfl: 133.5922
2024/07/24 13:36:21 - mmengine - INFO - Exp name: step11_add_channelc2f_overall_design-300e_coco_20240724_133030
2024/07/24 13:36:31 - mmengine - INFO - Epoch(train)  [26][50/51]  base_lr: 8.0000e-02 lr: 7.3664e-02  eta: 0:51:03  time: 0.2097  data_time: 0.0209  memory: 12359  grad_norm: 82.9755  loss: 509.6701  loss_cls: 163.9517  loss_bbox: 213.4339  loss_dfl: 132.2844
2024/07/24 13:36:32 - mmengine - INFO - Exp name: step11_add_channelc2f_overall_design-300e_coco_20240724_133030
2024/07/24 13:36:42 - mmengine - INFO - Epoch(train)  [27][50/51]  base_lr: 8.0000e-02 lr: 7.3400e-02  eta: 0:50:48  time: 0.2116  data_time: 0.0181  memory: 12065  grad_norm: 80.7490  loss: 504.3189  loss_cls: 162.2139  loss_bbox: 210.9524  loss_dfl: 131.1526
2024/07/24 13:36:42 - mmengine - INFO - Exp name: step11_add_channelc2f_overall_design-300e_coco_20240724_133030
2024/07/24 13:36:53 - mmengine - INFO - Epoch(train)  [28][50/51]  base_lr: 8.0000e-02 lr: 7.3136e-02  eta: 0:50:33  time: 0.2144  data_time: 0.0174  memory: 13319  grad_norm: 79.5768  loss: 498.6740  loss_cls: 159.3935  loss_bbox: 207.9550  loss_dfl: 131.3255
2024/07/24 13:36:53 - mmengine - INFO - Exp name: step11_add_channelc2f_overall_design-300e_coco_20240724_133030
2024/07/24 13:37:04 - mmengine - INFO - Epoch(train)  [29][50/51]  base_lr: 8.0000e-02 lr: 7.2872e-02  eta: 0:50:17  time: 0.2099  data_time: 0.0180  memory: 11959  grad_norm: 79.3781  loss: 497.2221  loss_cls: 159.2819  loss_bbox: 206.8178  loss_dfl: 131.1224
2024/07/24 13:37:04 - mmengine - INFO - Exp name: step11_add_channelc2f_overall_design-300e_coco_20240724_133030
2024/07/24 13:37:14 - mmengine - INFO - Epoch(train)  [30][50/51]  base_lr: 8.0000e-02 lr: 7.2608e-02  eta: 0:50:01  time: 0.2089  data_time: 0.0173  memory: 12172  grad_norm: 78.5132  loss: 497.8158  loss_cls: 158.7967  loss_bbox: 208.2969  loss_dfl: 130.7222
2024/07/24 13:37:14 - mmengine - INFO - Exp name: step11_add_channelc2f_overall_design-300e_coco_20240724_133030
2024/07/24 13:37:14 - mmengine - INFO - Saving checkpoint at 30 epochs
2024/07/24 13:37:18 - mmengine - INFO - Evaluating bbox...
2024/07/24 13:37:43 - mmengine - INFO - bbox_mAP_copypaste: 0.128 0.231 0.126 0.059 0.203 0.279
2024/07/24 13:37:43 - mmengine - INFO - Epoch(val) [30][9/9]    coco/bbox_mAP: 0.1280  coco/bbox_mAP_50: 0.2310  coco/bbox_mAP_75: 0.1260  coco/bbox_mAP_s: 0.0590  coco/bbox_mAP_m: 0.2030  coco/bbox_mAP_l: 0.2790  data_time: 0.0210  time: 0.0498
2024/07/24 13:37:43 - mmengine - INFO - The previous best checkpoint /mnt/exam_log/0722_remdet/overall_design_0723/step11/best_coco_bbox_mAP_epoch_20.pth is removed
2024/07/24 13:37:43 - mmengine - INFO - The best checkpoint with 0.1280 coco/bbox_mAP at 30 epoch is saved to best_coco_bbox_mAP_epoch_30.pth.
2024/07/24 13:37:54 - mmengine - INFO - Epoch(train)  [31][50/51]  base_lr: 8.0000e-02 lr: 7.2344e-02  eta: 0:49:46  time: 0.2115  data_time: 0.0223  memory: 12679  grad_norm: 76.9782  loss: 494.4356  loss_cls: 157.5071  loss_bbox: 207.4393  loss_dfl: 129.4892
2024/07/24 13:37:55 - mmengine - INFO - Exp name: step11_add_channelc2f_overall_design-300e_coco_20240724_133030
2024/07/24 13:38:05 - mmengine - INFO - Epoch(train)  [32][50/51]  base_lr: 8.0000e-02 lr: 7.2080e-02  eta: 0:49:34  time: 0.2165  data_time: 0.0185  memory: 13332  grad_norm: 76.3359  loss: 493.7523  loss_cls: 156.5466  loss_bbox: 208.3987  loss_dfl: 128.8071
2024/07/24 13:38:06 - mmengine - INFO - Exp name: step11_add_channelc2f_overall_design-300e_coco_20240724_133030
2024/07/24 13:38:18 - mmengine - INFO - Epoch(train)  [33][50/51]  base_lr: 8.0000e-02 lr: 7.1816e-02  eta: 0:49:34  time: 0.2459  data_time: 0.0236  memory: 12145  grad_norm: 75.9606  loss: 490.1757  loss_cls: 155.1712  loss_bbox: 206.1212  loss_dfl: 128.8833
2024/07/24 13:38:18 - mmengine - INFO - Exp name: step11_add_channelc2f_overall_design-300e_coco_20240724_133030
2024/07/24 13:38:29 - mmengine - INFO - Epoch(train)  [34][50/51]  base_lr: 8.0000e-02 lr: 7.1552e-02  eta: 0:49:20  time: 0.2132  data_time: 0.0200  memory: 13492  grad_norm: 75.8798  loss: 484.2939  loss_cls: 153.8192  loss_bbox: 202.9284  loss_dfl: 127.5462
2024/07/24 13:38:29 - mmengine - INFO - Exp name: step11_add_channelc2f_overall_design-300e_coco_20240724_133030
2024/07/24 13:38:40 - mmengine - INFO - Epoch(train)  [35][50/51]  base_lr: 8.0000e-02 lr: 7.1288e-02  eta: 0:49:09  time: 0.2199  data_time: 0.0183  memory: 16945  grad_norm: 74.6943  loss: 490.8296  loss_cls: 155.6608  loss_bbox: 206.3777  loss_dfl: 128.7911
2024/07/24 13:38:40 - mmengine - INFO - Exp name: step11_add_channelc2f_overall_design-300e_coco_20240724_133030
2024/07/24 13:38:50 - mmengine - INFO - Epoch(train)  [36][50/51]  base_lr: 8.0000e-02 lr: 7.1024e-02  eta: 0:48:53  time: 0.2082  data_time: 0.0197  memory: 11865  grad_norm: 74.7210  loss: 482.0424  loss_cls: 151.5407  loss_bbox: 202.2923  loss_dfl: 128.2094
2024/07/24 13:38:50 - mmengine - INFO - Exp name: step11_add_channelc2f_overall_design-300e_coco_20240724_133030
2024/07/24 13:39:01 - mmengine - INFO - Epoch(train)  [37][50/51]  base_lr: 8.0000e-02 lr: 7.0760e-02  eta: 0:48:40  time: 0.2123  data_time: 0.0202  memory: 11932  grad_norm: 74.6962  loss: 483.7742  loss_cls: 152.6025  loss_bbox: 203.0961  loss_dfl: 128.0756
2024/07/24 13:39:01 - mmengine - INFO - Exp name: step11_add_channelc2f_overall_design-300e_coco_20240724_133030
2024/07/24 13:39:12 - mmengine - INFO - Epoch(train)  [38][50/51]  base_lr: 8.0000e-02 lr: 7.0496e-02  eta: 0:48:27  time: 0.2148  data_time: 0.0182  memory: 13452  grad_norm: 75.4166  loss: 482.5253  loss_cls: 151.7476  loss_bbox: 202.5563  loss_dfl: 128.2214
2024/07/24 13:39:12 - mmengine - INFO - Exp name: step11_add_channelc2f_overall_design-300e_coco_20240724_133030
2024/07/24 13:39:23 - mmengine - INFO - Epoch(train)  [39][50/51]  base_lr: 8.0000e-02 lr: 7.0232e-02  eta: 0:48:12  time: 0.2088  data_time: 0.0183  memory: 14172  grad_norm: 74.5905  loss: 480.3381  loss_cls: 150.7538  loss_bbox: 202.3034  loss_dfl: 127.2809
2024/07/24 13:39:23 - mmengine - INFO - Exp name: step11_add_channelc2f_overall_design-300e_coco_20240724_133030
2024/07/24 13:39:26 - mmengine - INFO - Exp name: step11_add_channelc2f_overall_design-300e_coco_20240724_133030
2024/07/24 13:39:33 - mmengine - INFO - Epoch(train)  [40][50/51]  base_lr: 8.0000e-02 lr: 6.9968e-02  eta: 0:47:59  time: 0.2120  data_time: 0.0187  memory: 14732  grad_norm: 73.2763  loss: 477.8403  loss_cls: 149.4433  loss_bbox: 201.4954  loss_dfl: 126.9016
2024/07/24 13:39:33 - mmengine - INFO - Exp name: step11_add_channelc2f_overall_design-300e_coco_20240724_133030
2024/07/24 13:39:33 - mmengine - INFO - Saving checkpoint at 40 epochs
2024/07/24 13:39:37 - mmengine - INFO - Evaluating bbox...
2024/07/24 13:40:02 - mmengine - INFO - bbox_mAP_copypaste: 0.144 0.260 0.138 0.070 0.224 0.283
2024/07/24 13:40:02 - mmengine - INFO - Epoch(val) [40][9/9]    coco/bbox_mAP: 0.1440  coco/bbox_mAP_50: 0.2600  coco/bbox_mAP_75: 0.1380  coco/bbox_mAP_s: 0.0700  coco/bbox_mAP_m: 0.2240  coco/bbox_mAP_l: 0.2830  data_time: 0.0227  time: 0.0501
2024/07/24 13:40:02 - mmengine - INFO - The previous best checkpoint /mnt/exam_log/0722_remdet/overall_design_0723/step11/best_coco_bbox_mAP_epoch_30.pth is removed
2024/07/24 13:40:03 - mmengine - INFO - The best checkpoint with 0.1440 coco/bbox_mAP at 40 epoch is saved to best_coco_bbox_mAP_epoch_40.pth.
2024/07/24 13:40:15 - mmengine - INFO - Epoch(train)  [41][50/51]  base_lr: 8.0000e-02 lr: 6.9704e-02  eta: 0:47:50  time: 0.2241  data_time: 0.0289  memory: 13439  grad_norm: 73.2045  loss: 475.7909  loss_cls: 149.2315  loss_bbox: 199.9903  loss_dfl: 126.5691
2024/07/24 13:40:15 - mmengine - INFO - Exp name: step11_add_channelc2f_overall_design-300e_coco_20240724_133030
2024/07/24 13:40:25 - mmengine - INFO - Epoch(train)  [42][50/51]  base_lr: 8.0000e-02 lr: 6.9440e-02  eta: 0:47:36  time: 0.2096  data_time: 0.0184  memory: 11759  grad_norm: 74.6660  loss: 479.5997  loss_cls: 151.2815  loss_bbox: 201.1853  loss_dfl: 127.1329
2024/07/24 13:40:25 - mmengine - INFO - Exp name: step11_add_channelc2f_overall_design-300e_coco_20240724_133030
2024/07/24 13:40:36 - mmengine - INFO - Epoch(train)  [43][50/51]  base_lr: 8.0000e-02 lr: 6.9176e-02  eta: 0:47:22  time: 0.2094  data_time: 0.0203  memory: 12745  grad_norm: 71.8802  loss: 471.4277  loss_cls: 147.3959  loss_bbox: 197.0157  loss_dfl: 127.0160
2024/07/24 13:40:36 - mmengine - INFO - Exp name: step11_add_channelc2f_overall_design-300e_coco_20240724_133030
2024/07/24 13:40:47 - mmengine - INFO - Epoch(train)  [44][50/51]  base_lr: 8.0000e-02 lr: 6.8912e-02  eta: 0:47:11  time: 0.2199  data_time: 0.0197  memory: 12972  grad_norm: 73.1410  loss: 469.4521  loss_cls: 146.9053  loss_bbox: 196.0546  loss_dfl: 126.4923
2024/07/24 13:40:47 - mmengine - INFO - Exp name: step11_add_channelc2f_overall_design-300e_coco_20240724_133030
2024/07/24 13:40:58 - mmengine - INFO - Epoch(train)  [45][50/51]  base_lr: 8.0000e-02 lr: 6.8648e-02  eta: 0:46:58  time: 0.2116  data_time: 0.0203  memory: 16612  grad_norm: 72.6492  loss: 469.1036  loss_cls: 146.6281  loss_bbox: 196.5182  loss_dfl: 125.9573
2024/07/24 13:40:58 - mmengine - INFO - Exp name: step11_add_channelc2f_overall_design-300e_coco_20240724_133030
2024/07/24 13:41:09 - mmengine - INFO - Epoch(train)  [46][50/51]  base_lr: 8.0000e-02 lr: 6.8384e-02  eta: 0:46:45  time: 0.2122  data_time: 0.0171  memory: 12159  grad_norm: 72.7890  loss: 463.9235  loss_cls: 144.0358  loss_bbox: 194.2433  loss_dfl: 125.6444
2024/07/24 13:41:09 - mmengine - INFO - Exp name: step11_add_channelc2f_overall_design-300e_coco_20240724_133030
2024/07/24 13:41:19 - mmengine - INFO - Epoch(train)  [47][50/51]  base_lr: 8.0000e-02 lr: 6.8120e-02  eta: 0:46:32  time: 0.2109  data_time: 0.0184  memory: 11812  grad_norm: 73.5594  loss: 463.2728  loss_cls: 143.2247  loss_bbox: 194.4108  loss_dfl: 125.6373
2024/07/24 13:41:19 - mmengine - INFO - Exp name: step11_add_channelc2f_overall_design-300e_coco_20240724_133030
2024/07/24 13:41:30 - mmengine - INFO - Epoch(train)  [48][50/51]  base_lr: 8.0000e-02 lr: 6.7856e-02  eta: 0:46:20  time: 0.2145  data_time: 0.0212  memory: 12199  grad_norm: 72.4443  loss: 465.2512  loss_cls: 143.9225  loss_bbox: 194.6184  loss_dfl: 126.7103
2024/07/24 13:41:30 - mmengine - INFO - Exp name: step11_add_channelc2f_overall_design-300e_coco_20240724_133030
2024/07/24 13:41:41 - mmengine - INFO - Epoch(train)  [49][50/51]  base_lr: 8.0000e-02 lr: 6.7592e-02  eta: 0:46:08  time: 0.2138  data_time: 0.0187  memory: 12039  grad_norm: 73.5256  loss: 468.3641  loss_cls: 144.7541  loss_bbox: 197.8779  loss_dfl: 125.7321
2024/07/24 13:41:41 - mmengine - INFO - Exp name: step11_add_channelc2f_overall_design-300e_coco_20240724_133030
2024/07/24 13:41:51 - mmengine - INFO - Epoch(train)  [50][50/51]  base_lr: 8.0000e-02 lr: 6.7328e-02  eta: 0:45:55  time: 0.2087  data_time: 0.0192  memory: 14305  grad_norm: 71.6748  loss: 464.1142  loss_cls: 143.4469  loss_bbox: 196.5485  loss_dfl: 124.1187
2024/07/24 13:41:52 - mmengine - INFO - Exp name: step11_add_channelc2f_overall_design-300e_coco_20240724_133030
2024/07/24 13:41:52 - mmengine - INFO - Saving checkpoint at 50 epochs
2024/07/24 13:41:55 - mmengine - INFO - Evaluating bbox...
2024/07/24 13:42:20 - mmengine - INFO - bbox_mAP_copypaste: 0.156 0.276 0.153 0.078 0.246 0.331
2024/07/24 13:42:20 - mmengine - INFO - Epoch(val) [50][9/9]    coco/bbox_mAP: 0.1560  coco/bbox_mAP_50: 0.2760  coco/bbox_mAP_75: 0.1530  coco/bbox_mAP_s: 0.0780  coco/bbox_mAP_m: 0.2460  coco/bbox_mAP_l: 0.3310  data_time: 0.0208  time: 0.0481
2024/07/24 13:42:20 - mmengine - INFO - The previous best checkpoint /mnt/exam_log/0722_remdet/overall_design_0723/step11/best_coco_bbox_mAP_epoch_40.pth is removed
2024/07/24 13:42:20 - mmengine - INFO - The best checkpoint with 0.1560 coco/bbox_mAP at 50 epoch is saved to best_coco_bbox_mAP_epoch_50.pth.
2024/07/24 13:42:32 - mmengine - INFO - Epoch(train)  [51][50/51]  base_lr: 8.0000e-02 lr: 6.7064e-02  eta: 0:45:44  time: 0.2186  data_time: 0.0237  memory: 13105  grad_norm: 71.6959  loss: 463.9309  loss_cls: 144.0482  loss_bbox: 195.2376  loss_dfl: 124.6451
2024/07/24 13:42:32 - mmengine - INFO - Exp name: step11_add_channelc2f_overall_design-300e_coco_20240724_133030
2024/07/24 13:42:43 - mmengine - INFO - Epoch(train)  [52][50/51]  base_lr: 8.0000e-02 lr: 6.6800e-02  eta: 0:45:33  time: 0.2174  data_time: 0.0187  memory: 13239  grad_norm: 73.3089  loss: 465.3057  loss_cls: 143.5619  loss_bbox: 196.2169  loss_dfl: 125.5269
2024/07/24 13:42:43 - mmengine - INFO - Exp name: step11_add_channelc2f_overall_design-300e_coco_20240724_133030
2024/07/24 13:42:53 - mmengine - INFO - Epoch(train)  [53][50/51]  base_lr: 8.0000e-02 lr: 6.6536e-02  eta: 0:45:19  time: 0.2075  data_time: 0.0188  memory: 12092  grad_norm: 71.6079  loss: 458.4499  loss_cls: 141.2787  loss_bbox: 192.7262  loss_dfl: 124.4450
2024/07/24 13:42:53 - mmengine - INFO - Exp name: step11_add_channelc2f_overall_design-300e_coco_20240724_133030
2024/07/24 13:43:04 - mmengine - INFO - Epoch(train)  [54][50/51]  base_lr: 8.0000e-02 lr: 6.6272e-02  eta: 0:45:07  time: 0.2121  data_time: 0.0190  memory: 11572  grad_norm: 71.2343  loss: 458.6487  loss_cls: 142.2015  loss_bbox: 192.4322  loss_dfl: 124.0151
2024/07/24 13:43:04 - mmengine - INFO - Exp name: step11_add_channelc2f_overall_design-300e_coco_20240724_133030
2024/07/24 13:43:15 - mmengine - INFO - Epoch(train)  [55][50/51]  base_lr: 8.0000e-02 lr: 6.6008e-02  eta: 0:44:56  time: 0.2160  data_time: 0.0214  memory: 14439  grad_norm: 72.3600  loss: 461.4561  loss_cls: 142.6501  loss_bbox: 194.3761  loss_dfl: 124.4299
2024/07/24 13:43:15 - mmengine - INFO - Exp name: step11_add_channelc2f_overall_design-300e_coco_20240724_133030
2024/07/24 13:43:26 - mmengine - INFO - Epoch(train)  [56][50/51]  base_lr: 8.0000e-02 lr: 6.5744e-02  eta: 0:44:43  time: 0.2100  data_time: 0.0214  memory: 11759  grad_norm: 70.9796  loss: 463.2806  loss_cls: 143.4839  loss_bbox: 194.9162  loss_dfl: 124.8805
2024/07/24 13:43:26 - mmengine - INFO - Exp name: step11_add_channelc2f_overall_design-300e_coco_20240724_133030
2024/07/24 13:43:36 - mmengine - INFO - Epoch(train)  [57][50/51]  base_lr: 8.0000e-02 lr: 6.5480e-02  eta: 0:44:30  time: 0.2096  data_time: 0.0178  memory: 13065  grad_norm: 71.3494  loss: 455.4139  loss_cls: 141.3015  loss_bbox: 189.8889  loss_dfl: 124.2235
2024/07/24 13:43:36 - mmengine - INFO - Exp name: step11_add_channelc2f_overall_design-300e_coco_20240724_133030
2024/07/24 13:43:47 - mmengine - INFO - Epoch(train)  [58][50/51]  base_lr: 8.0000e-02 lr: 6.5216e-02  eta: 0:44:19  time: 0.2123  data_time: 0.0177  memory: 12692  grad_norm: 70.2279  loss: 457.2096  loss_cls: 140.5633  loss_bbox: 193.1918  loss_dfl: 123.4545
2024/07/24 13:43:47 - mmengine - INFO - Exp name: step11_add_channelc2f_overall_design-300e_coco_20240724_133030
2024/07/24 13:43:56 - mmengine - INFO - Exp name: step11_add_channelc2f_overall_design-300e_coco_20240724_133030
2024/07/24 13:43:57 - mmengine - INFO - Epoch(train)  [59][50/51]  base_lr: 8.0000e-02 lr: 6.4952e-02  eta: 0:44:06  time: 0.2082  data_time: 0.0180  memory: 12812  grad_norm: 70.2941  loss: 454.7802  loss_cls: 139.7057  loss_bbox: 191.6278  loss_dfl: 123.4467
2024/07/24 13:43:58 - mmengine - INFO - Exp name: step11_add_channelc2f_overall_design-300e_coco_20240724_133030
2024/07/24 13:44:08 - mmengine - INFO - Epoch(train)  [60][50/51]  base_lr: 8.0000e-02 lr: 6.4688e-02  eta: 0:43:53  time: 0.2093  data_time: 0.0178  memory: 12639  grad_norm: 71.2211  loss: 456.2012  loss_cls: 139.8162  loss_bbox: 192.7071  loss_dfl: 123.6779
2024/07/24 13:44:08 - mmengine - INFO - Exp name: step11_add_channelc2f_overall_design-300e_coco_20240724_133030
2024/07/24 13:44:08 - mmengine - INFO - Saving checkpoint at 60 epochs
2024/07/24 13:44:11 - mmengine - INFO - Evaluating bbox...
2024/07/24 13:44:36 - mmengine - INFO - bbox_mAP_copypaste: 0.159 0.285 0.155 0.079 0.248 0.320
2024/07/24 13:44:37 - mmengine - INFO - Epoch(val) [60][9/9]    coco/bbox_mAP: 0.1590  coco/bbox_mAP_50: 0.2850  coco/bbox_mAP_75: 0.1550  coco/bbox_mAP_s: 0.0790  coco/bbox_mAP_m: 0.2480  coco/bbox_mAP_l: 0.3200  data_time: 0.0242  time: 0.0499
2024/07/24 13:44:37 - mmengine - INFO - The previous best checkpoint /mnt/exam_log/0722_remdet/overall_design_0723/step11/best_coco_bbox_mAP_epoch_50.pth is removed
2024/07/24 13:44:37 - mmengine - INFO - The best checkpoint with 0.1590 coco/bbox_mAP at 60 epoch is saved to best_coco_bbox_mAP_epoch_60.pth.
2024/07/24 13:44:49 - mmengine - INFO - Epoch(train)  [61][50/51]  base_lr: 8.0000e-02 lr: 6.4424e-02  eta: 0:43:43  time: 0.2199  data_time: 0.0267  memory: 11852  grad_norm: 72.0606  loss: 453.6015  loss_cls: 139.7099  loss_bbox: 189.6168  loss_dfl: 124.2748
2024/07/24 13:44:49 - mmengine - INFO - Exp name: step11_add_channelc2f_overall_design-300e_coco_20240724_133030
2024/07/24 13:44:59 - mmengine - INFO - Epoch(train)  [62][50/51]  base_lr: 8.0000e-02 lr: 6.4160e-02  eta: 0:43:31  time: 0.2128  data_time: 0.0181  memory: 11692  grad_norm: 71.2725  loss: 450.6586  loss_cls: 138.5862  loss_bbox: 188.9021  loss_dfl: 123.1703
2024/07/24 13:44:59 - mmengine - INFO - Exp name: step11_add_channelc2f_overall_design-300e_coco_20240724_133030
2024/07/24 13:45:10 - mmengine - INFO - Epoch(train)  [63][50/51]  base_lr: 8.0000e-02 lr: 6.3896e-02  eta: 0:43:19  time: 0.2127  data_time: 0.0252  memory: 13945  grad_norm: 71.2608  loss: 455.2416  loss_cls: 140.0949  loss_bbox: 190.9688  loss_dfl: 124.1780
2024/07/24 13:45:10 - mmengine - INFO - Exp name: step11_add_channelc2f_overall_design-300e_coco_20240724_133030
2024/07/24 13:45:21 - mmengine - INFO - Epoch(train)  [64][50/51]  base_lr: 8.0000e-02 lr: 6.3632e-02  eta: 0:43:06  time: 0.2070  data_time: 0.0181  memory: 13599  grad_norm: 70.4937  loss: 451.7502  loss_cls: 139.1892  loss_bbox: 189.4071  loss_dfl: 123.1539
2024/07/24 13:45:21 - mmengine - INFO - Exp name: step11_add_channelc2f_overall_design-300e_coco_20240724_133030
2024/07/24 13:45:31 - mmengine - INFO - Epoch(train)  [65][50/51]  base_lr: 8.0000e-02 lr: 6.3368e-02  eta: 0:42:55  time: 0.2146  data_time: 0.0187  memory: 13252  grad_norm: 71.7621  loss: 454.9623  loss_cls: 139.9767  loss_bbox: 191.0332  loss_dfl: 123.9523
2024/07/24 13:45:32 - mmengine - INFO - Exp name: step11_add_channelc2f_overall_design-300e_coco_20240724_133030
2024/07/24 13:45:42 - mmengine - INFO - Epoch(train)  [66][50/51]  base_lr: 8.0000e-02 lr: 6.3104e-02  eta: 0:42:44  time: 0.2165  data_time: 0.0224  memory: 12159  grad_norm: 71.5838  loss: 450.3737  loss_cls: 138.1363  loss_bbox: 188.9558  loss_dfl: 123.2816
2024/07/24 13:45:43 - mmengine - INFO - Exp name: step11_add_channelc2f_overall_design-300e_coco_20240724_133030
2024/07/24 13:45:53 - mmengine - INFO - Epoch(train)  [67][50/51]  base_lr: 8.0000e-02 lr: 6.2840e-02  eta: 0:42:33  time: 0.2151  data_time: 0.0169  memory: 11305  grad_norm: 70.9481  loss: 450.8993  loss_cls: 138.3350  loss_bbox: 189.5567  loss_dfl: 123.0076
2024/07/24 13:45:53 - mmengine - INFO - Exp name: step11_add_channelc2f_overall_design-300e_coco_20240724_133030
2024/07/24 13:46:04 - mmengine - INFO - Epoch(train)  [68][50/51]  base_lr: 8.0000e-02 lr: 6.2576e-02  eta: 0:42:21  time: 0.2110  data_time: 0.0184  memory: 16225  grad_norm: 71.8368  loss: 450.7528  loss_cls: 137.9991  loss_bbox: 189.3564  loss_dfl: 123.3973
2024/07/24 13:46:04 - mmengine - INFO - Exp name: step11_add_channelc2f_overall_design-300e_coco_20240724_133030
2024/07/24 13:46:15 - mmengine - INFO - Epoch(train)  [69][50/51]  base_lr: 8.0000e-02 lr: 6.2312e-02  eta: 0:42:09  time: 0.2077  data_time: 0.0222  memory: 13105  grad_norm: 70.3867  loss: 450.0161  loss_cls: 137.3590  loss_bbox: 189.7827  loss_dfl: 122.8744
2024/07/24 13:46:15 - mmengine - INFO - Exp name: step11_add_channelc2f_overall_design-300e_coco_20240724_133030
2024/07/24 13:46:25 - mmengine - INFO - Epoch(train)  [70][50/51]  base_lr: 8.0000e-02 lr: 6.2048e-02  eta: 0:41:56  time: 0.2076  data_time: 0.0190  memory: 12025  grad_norm: 70.4439  loss: 451.9932  loss_cls: 138.1525  loss_bbox: 191.8359  loss_dfl: 122.0048
2024/07/24 13:46:25 - mmengine - INFO - Exp name: step11_add_channelc2f_overall_design-300e_coco_20240724_133030
2024/07/24 13:46:25 - mmengine - INFO - Saving checkpoint at 70 epochs
2024/07/24 13:46:28 - mmengine - INFO - Evaluating bbox...
2024/07/24 13:46:53 - mmengine - INFO - bbox_mAP_copypaste: 0.168 0.292 0.169 0.085 0.263 0.361
2024/07/24 13:46:53 - mmengine - INFO - Epoch(val) [70][9/9]    coco/bbox_mAP: 0.1680  coco/bbox_mAP_50: 0.2920  coco/bbox_mAP_75: 0.1690  coco/bbox_mAP_s: 0.0850  coco/bbox_mAP_m: 0.2630  coco/bbox_mAP_l: 0.3610  data_time: 0.0240  time: 0.0536
2024/07/24 13:46:53 - mmengine - INFO - The previous best checkpoint /mnt/exam_log/0722_remdet/overall_design_0723/step11/best_coco_bbox_mAP_epoch_60.pth is removed
2024/07/24 13:46:54 - mmengine - INFO - The best checkpoint with 0.1680 coco/bbox_mAP at 70 epoch is saved to best_coco_bbox_mAP_epoch_70.pth.
2024/07/24 13:47:05 - mmengine - INFO - Epoch(train)  [71][50/51]  base_lr: 8.0000e-02 lr: 6.1784e-02  eta: 0:41:45  time: 0.2144  data_time: 0.0262  memory: 12239  grad_norm: 71.5024  loss: 447.8855  loss_cls: 136.7878  loss_bbox: 188.4049  loss_dfl: 122.6928
2024/07/24 13:47:05 - mmengine - INFO - Exp name: step11_add_channelc2f_overall_design-300e_coco_20240724_133030
2024/07/24 13:47:16 - mmengine - INFO - Epoch(train)  [72][50/51]  base_lr: 8.0000e-02 lr: 6.1520e-02  eta: 0:41:33  time: 0.2112  data_time: 0.0211  memory: 12239  grad_norm: 70.7637  loss: 445.9429  loss_cls: 135.5955  loss_bbox: 187.5207  loss_dfl: 122.8266
2024/07/24 13:47:16 - mmengine - INFO - Exp name: step11_add_channelc2f_overall_design-300e_coco_20240724_133030
2024/07/24 13:47:27 - mmengine - INFO - Epoch(train)  [73][50/51]  base_lr: 8.0000e-02 lr: 6.1256e-02  eta: 0:41:22  time: 0.2155  data_time: 0.0167  memory: 12679  grad_norm: 70.6882  loss: 448.0141  loss_cls: 135.7890  loss_bbox: 189.0547  loss_dfl: 123.1704
2024/07/24 13:47:27 - mmengine - INFO - Exp name: step11_add_channelc2f_overall_design-300e_coco_20240724_133030
2024/07/24 13:47:37 - mmengine - INFO - Epoch(train)  [74][50/51]  base_lr: 8.0000e-02 lr: 6.0992e-02  eta: 0:41:10  time: 0.2078  data_time: 0.0178  memory: 16212  grad_norm: 71.1586  loss: 449.5090  loss_cls: 136.5757  loss_bbox: 191.1069  loss_dfl: 121.8264
2024/07/24 13:47:38 - mmengine - INFO - Exp name: step11_add_channelc2f_overall_design-300e_coco_20240724_133030
2024/07/24 13:47:48 - mmengine - INFO - Epoch(train)  [75][50/51]  base_lr: 8.0000e-02 lr: 6.0728e-02  eta: 0:40:59  time: 0.2117  data_time: 0.0182  memory: 12825  grad_norm: 70.9201  loss: 443.1429  loss_cls: 135.1704  loss_bbox: 185.5132  loss_dfl: 122.4594
2024/07/24 13:47:48 - mmengine - INFO - Exp name: step11_add_channelc2f_overall_design-300e_coco_20240724_133030
2024/07/24 13:47:59 - mmengine - INFO - Epoch(train)  [76][50/51]  base_lr: 8.0000e-02 lr: 6.0464e-02  eta: 0:40:47  time: 0.2123  data_time: 0.0176  memory: 20745  grad_norm: 71.3073  loss: 447.5434  loss_cls: 136.1318  loss_bbox: 189.0005  loss_dfl: 122.4111
2024/07/24 13:47:59 - mmengine - INFO - Exp name: step11_add_channelc2f_overall_design-300e_coco_20240724_133030
2024/07/24 13:48:09 - mmengine - INFO - Epoch(train)  [77][50/51]  base_lr: 8.0000e-02 lr: 6.0200e-02  eta: 0:40:35  time: 0.2094  data_time: 0.0180  memory: 12159  grad_norm: 71.0166  loss: 444.9659  loss_cls: 135.3481  loss_bbox: 187.4346  loss_dfl: 122.1832
2024/07/24 13:48:10 - mmengine - INFO - Exp name: step11_add_channelc2f_overall_design-300e_coco_20240724_133030
2024/07/24 13:48:20 - mmengine - INFO - Epoch(train)  [78][50/51]  base_lr: 8.0000e-02 lr: 5.9936e-02  eta: 0:40:23  time: 0.2049  data_time: 0.0178  memory: 11719  grad_norm: 70.6446  loss: 446.1329  loss_cls: 135.7884  loss_bbox: 188.2758  loss_dfl: 122.0687
2024/07/24 13:48:20 - mmengine - INFO - Exp name: step11_add_channelc2f_overall_design-300e_coco_20240724_133030
2024/07/24 13:48:25 - mmengine - INFO - Exp name: step11_add_channelc2f_overall_design-300e_coco_20240724_133030
2024/07/24 13:48:30 - mmengine - INFO - Epoch(train)  [79][50/51]  base_lr: 8.0000e-02 lr: 5.9672e-02  eta: 0:40:11  time: 0.2096  data_time: 0.0197  memory: 12039  grad_norm: 69.8795  loss: 442.3004  loss_cls: 134.2418  loss_bbox: 185.9452  loss_dfl: 122.1134
2024/07/24 13:48:31 - mmengine - INFO - Exp name: step11_add_channelc2f_overall_design-300e_coco_20240724_133030
2024/07/24 13:48:41 - mmengine - INFO - Epoch(train)  [80][50/51]  base_lr: 8.0000e-02 lr: 5.9408e-02  eta: 0:39:59  time: 0.2079  data_time: 0.0191  memory: 12492  grad_norm: 71.5969  loss: 440.0963  loss_cls: 133.6651  loss_bbox: 185.0468  loss_dfl: 121.3843
2024/07/24 13:48:41 - mmengine - INFO - Exp name: step11_add_channelc2f_overall_design-300e_coco_20240724_133030
2024/07/24 13:48:41 - mmengine - INFO - Saving checkpoint at 80 epochs
2024/07/24 13:48:44 - mmengine - INFO - Evaluating bbox...
2024/07/24 13:49:10 - mmengine - INFO - bbox_mAP_copypaste: 0.170 0.300 0.167 0.088 0.267 0.353
2024/07/24 13:49:10 - mmengine - INFO - Epoch(val) [80][9/9]    coco/bbox_mAP: 0.1700  coco/bbox_mAP_50: 0.3000  coco/bbox_mAP_75: 0.1670  coco/bbox_mAP_s: 0.0880  coco/bbox_mAP_m: 0.2670  coco/bbox_mAP_l: 0.3530  data_time: 0.0282  time: 0.0543
2024/07/24 13:49:10 - mmengine - INFO - The previous best checkpoint /mnt/exam_log/0722_remdet/overall_design_0723/step11/best_coco_bbox_mAP_epoch_70.pth is removed
2024/07/24 13:49:10 - mmengine - INFO - The best checkpoint with 0.1700 coco/bbox_mAP at 80 epoch is saved to best_coco_bbox_mAP_epoch_80.pth.
2024/07/24 13:49:22 - mmengine - INFO - Epoch(train)  [81][50/51]  base_lr: 8.0000e-02 lr: 5.9144e-02  eta: 0:39:47  time: 0.2083  data_time: 0.0220  memory: 15772  grad_norm: 71.5732  loss: 441.7403  loss_cls: 134.2133  loss_bbox: 186.1686  loss_dfl: 121.3584
2024/07/24 13:49:22 - mmengine - INFO - Exp name: step11_add_channelc2f_overall_design-300e_coco_20240724_133030
2024/07/24 13:49:33 - mmengine - INFO - Epoch(train)  [82][50/51]  base_lr: 8.0000e-02 lr: 5.8880e-02  eta: 0:39:36  time: 0.2152  data_time: 0.0162  memory: 11172  grad_norm: 70.8640  loss: 444.4250  loss_cls: 135.0362  loss_bbox: 187.4633  loss_dfl: 121.9254
2024/07/24 13:49:33 - mmengine - INFO - Exp name: step11_add_channelc2f_overall_design-300e_coco_20240724_133030
2024/07/24 13:49:43 - mmengine - INFO - Epoch(train)  [83][50/51]  base_lr: 8.0000e-02 lr: 5.8616e-02  eta: 0:39:25  time: 0.2138  data_time: 0.0191  memory: 13745  grad_norm: 71.9526  loss: 441.6800  loss_cls: 133.7425  loss_bbox: 186.0571  loss_dfl: 121.8804
2024/07/24 13:49:44 - mmengine - INFO - Exp name: step11_add_channelc2f_overall_design-300e_coco_20240724_133030
2024/07/24 13:49:54 - mmengine - INFO - Epoch(train)  [84][50/51]  base_lr: 8.0000e-02 lr: 5.8352e-02  eta: 0:39:13  time: 0.2043  data_time: 0.0175  memory: 12639  grad_norm: 70.2673  loss: 445.2341  loss_cls: 135.3026  loss_bbox: 188.0760  loss_dfl: 121.8554
2024/07/24 13:49:54 - mmengine - INFO - Exp name: step11_add_channelc2f_overall_design-300e_coco_20240724_133030
2024/07/24 13:50:04 - mmengine - INFO - Epoch(train)  [85][50/51]  base_lr: 8.0000e-02 lr: 5.8088e-02  eta: 0:39:01  time: 0.2067  data_time: 0.0183  memory: 12199  grad_norm: 72.2435  loss: 439.4841  loss_cls: 132.5825  loss_bbox: 185.2297  loss_dfl: 121.6719
2024/07/24 13:50:04 - mmengine - INFO - Exp name: step11_add_channelc2f_overall_design-300e_coco_20240724_133030
2024/07/24 13:50:15 - mmengine - INFO - Epoch(train)  [86][50/51]  base_lr: 8.0000e-02 lr: 5.7824e-02  eta: 0:38:49  time: 0.2093  data_time: 0.0177  memory: 12465  grad_norm: 71.0542  loss: 436.6745  loss_cls: 132.3480  loss_bbox: 183.3022  loss_dfl: 121.0243
2024/07/24 13:50:15 - mmengine - INFO - Exp name: step11_add_channelc2f_overall_design-300e_coco_20240724_133030
2024/07/24 13:50:25 - mmengine - INFO - Epoch(train)  [87][50/51]  base_lr: 8.0000e-02 lr: 5.7560e-02  eta: 0:38:37  time: 0.2078  data_time: 0.0196  memory: 12119  grad_norm: 71.5709  loss: 443.8218  loss_cls: 135.1814  loss_bbox: 186.9242  loss_dfl: 121.7162
2024/07/24 13:50:25 - mmengine - INFO - Exp name: step11_add_channelc2f_overall_design-300e_coco_20240724_133030
2024/07/24 13:50:36 - mmengine - INFO - Epoch(train)  [88][50/51]  base_lr: 8.0000e-02 lr: 5.7296e-02  eta: 0:38:26  time: 0.2114  data_time: 0.0195  memory: 12652  grad_norm: 70.7087  loss: 443.0598  loss_cls: 134.5613  loss_bbox: 187.1057  loss_dfl: 121.3929
2024/07/24 13:50:36 - mmengine - INFO - Exp name: step11_add_channelc2f_overall_design-300e_coco_20240724_133030
2024/07/24 13:50:47 - mmengine - INFO - Epoch(train)  [89][50/51]  base_lr: 8.0000e-02 lr: 5.7032e-02  eta: 0:38:15  time: 0.2097  data_time: 0.0189  memory: 16412  grad_norm: 70.4514  loss: 442.1124  loss_cls: 133.9572  loss_bbox: 186.8588  loss_dfl: 121.2965
2024/07/24 13:50:47 - mmengine - INFO - Exp name: step11_add_channelc2f_overall_design-300e_coco_20240724_133030
2024/07/24 13:50:57 - mmengine - INFO - Epoch(train)  [90][50/51]  base_lr: 8.0000e-02 lr: 5.6768e-02  eta: 0:38:03  time: 0.2121  data_time: 0.0226  memory: 12945  grad_norm: 71.4271  loss: 437.4660  loss_cls: 132.5078  loss_bbox: 183.8723  loss_dfl: 121.0859
2024/07/24 13:50:58 - mmengine - INFO - Exp name: step11_add_channelc2f_overall_design-300e_coco_20240724_133030
2024/07/24 13:50:58 - mmengine - INFO - Saving checkpoint at 90 epochs
2024/07/24 13:51:01 - mmengine - INFO - Evaluating bbox...
2024/07/24 13:51:27 - mmengine - INFO - bbox_mAP_copypaste: 0.175 0.306 0.171 0.090 0.269 0.358
2024/07/24 13:51:27 - mmengine - INFO - Epoch(val) [90][9/9]    coco/bbox_mAP: 0.1750  coco/bbox_mAP_50: 0.3060  coco/bbox_mAP_75: 0.1710  coco/bbox_mAP_s: 0.0900  coco/bbox_mAP_m: 0.2690  coco/bbox_mAP_l: 0.3580  data_time: 0.0216  time: 0.0509
2024/07/24 13:51:27 - mmengine - INFO - The previous best checkpoint /mnt/exam_log/0722_remdet/overall_design_0723/step11/best_coco_bbox_mAP_epoch_80.pth is removed
2024/07/24 13:51:27 - mmengine - INFO - The best checkpoint with 0.1750 coco/bbox_mAP at 90 epoch is saved to best_coco_bbox_mAP_epoch_90.pth.
2024/07/24 13:51:38 - mmengine - INFO - Epoch(train)  [91][50/51]  base_lr: 8.0000e-02 lr: 5.6504e-02  eta: 0:37:51  time: 0.2041  data_time: 0.0203  memory: 12199  grad_norm: 71.3278  loss: 433.7990  loss_cls: 130.9322  loss_bbox: 182.2105  loss_dfl: 120.6563
2024/07/24 13:51:39 - mmengine - INFO - Exp name: step11_add_channelc2f_overall_design-300e_coco_20240724_133030
2024/07/24 13:51:49 - mmengine - INFO - Epoch(train)  [92][50/51]  base_lr: 8.0000e-02 lr: 5.6240e-02  eta: 0:37:39  time: 0.2068  data_time: 0.0181  memory: 14292  grad_norm: 69.1231  loss: 432.4708  loss_cls: 129.1886  loss_bbox: 182.6673  loss_dfl: 120.6149
2024/07/24 13:51:49 - mmengine - INFO - Exp name: step11_add_channelc2f_overall_design-300e_coco_20240724_133030
2024/07/24 13:52:00 - mmengine - INFO - Epoch(train)  [93][50/51]  base_lr: 8.0000e-02 lr: 5.5976e-02  eta: 0:37:28  time: 0.2109  data_time: 0.0182  memory: 12199  grad_norm: 71.2722  loss: 438.1930  loss_cls: 131.6866  loss_bbox: 185.8640  loss_dfl: 120.6423
2024/07/24 13:52:00 - mmengine - INFO - Exp name: step11_add_channelc2f_overall_design-300e_coco_20240724_133030
2024/07/24 13:52:10 - mmengine - INFO - Epoch(train)  [94][50/51]  base_lr: 8.0000e-02 lr: 5.5712e-02  eta: 0:37:16  time: 0.2048  data_time: 0.0182  memory: 14159  grad_norm: 70.5653  loss: 436.0357  loss_cls: 131.7396  loss_bbox: 184.3432  loss_dfl: 119.9529
2024/07/24 13:52:10 - mmengine - INFO - Exp name: step11_add_channelc2f_overall_design-300e_coco_20240724_133030
2024/07/24 13:52:21 - mmengine - INFO - Epoch(train)  [95][50/51]  base_lr: 8.0000e-02 lr: 5.5448e-02  eta: 0:37:05  time: 0.2081  data_time: 0.0194  memory: 13545  grad_norm: 71.6813  loss: 441.7474  loss_cls: 133.3557  loss_bbox: 187.4477  loss_dfl: 120.9440
2024/07/24 13:52:21 - mmengine - INFO - Exp name: step11_add_channelc2f_overall_design-300e_coco_20240724_133030
2024/07/24 13:52:31 - mmengine - INFO - Epoch(train)  [96][50/51]  base_lr: 8.0000e-02 lr: 5.5184e-02  eta: 0:36:53  time: 0.2064  data_time: 0.0177  memory: 13879  grad_norm: 69.6834  loss: 433.6963  loss_cls: 129.6389  loss_bbox: 183.1956  loss_dfl: 120.8617
2024/07/24 13:52:31 - mmengine - INFO - Exp name: step11_add_channelc2f_overall_design-300e_coco_20240724_133030
2024/07/24 13:52:42 - mmengine - INFO - Epoch(train)  [97][50/51]  base_lr: 8.0000e-02 lr: 5.4920e-02  eta: 0:36:41  time: 0.2079  data_time: 0.0198  memory: 13052  grad_norm: 69.8162  loss: 437.1047  loss_cls: 132.2898  loss_bbox: 183.5974  loss_dfl: 121.2175
2024/07/24 13:52:42 - mmengine - INFO - Exp name: step11_add_channelc2f_overall_design-300e_coco_20240724_133030
2024/07/24 13:52:52 - mmengine - INFO - Epoch(train)  [98][50/51]  base_lr: 8.0000e-02 lr: 5.4656e-02  eta: 0:36:30  time: 0.2059  data_time: 0.0175  memory: 12279  grad_norm: 71.0951  loss: 432.3329  loss_cls: 130.2359  loss_bbox: 181.8777  loss_dfl: 120.2193
2024/07/24 13:52:52 - mmengine - INFO - Exp name: step11_add_channelc2f_overall_design-300e_coco_20240724_133030
2024/07/24 13:52:53 - mmengine - INFO - Exp name: step11_add_channelc2f_overall_design-300e_coco_20240724_133030
2024/07/24 13:53:03 - mmengine - INFO - Epoch(train)  [99][50/51]  base_lr: 8.0000e-02 lr: 5.4392e-02  eta: 0:36:18  time: 0.2102  data_time: 0.0207  memory: 13919  grad_norm: 70.7144  loss: 433.5699  loss_cls: 129.7339  loss_bbox: 183.2188  loss_dfl: 120.6172
2024/07/24 13:53:03 - mmengine - INFO - Exp name: step11_add_channelc2f_overall_design-300e_coco_20240724_133030
2024/07/24 13:53:13 - mmengine - INFO - Epoch(train) [100][50/51]  base_lr: 8.0000e-02 lr: 5.4128e-02  eta: 0:36:08  time: 0.2137  data_time: 0.0221  memory: 12265  grad_norm: 71.9162  loss: 431.1423  loss_cls: 129.5897  loss_bbox: 181.1106  loss_dfl: 120.4421
2024/07/24 13:53:14 - mmengine - INFO - Exp name: step11_add_channelc2f_overall_design-300e_coco_20240724_133030
2024/07/24 13:53:14 - mmengine - INFO - Saving checkpoint at 100 epochs
2024/07/24 13:53:16 - mmengine - INFO - Evaluating bbox...
2024/07/24 13:53:42 - mmengine - INFO - bbox_mAP_copypaste: 0.183 0.316 0.184 0.097 0.285 0.371
2024/07/24 13:53:42 - mmengine - INFO - Epoch(val) [100][9/9]    coco/bbox_mAP: 0.1830  coco/bbox_mAP_50: 0.3160  coco/bbox_mAP_75: 0.1840  coco/bbox_mAP_s: 0.0970  coco/bbox_mAP_m: 0.2850  coco/bbox_mAP_l: 0.3710  data_time: 0.0197  time: 0.0410
2024/07/24 13:53:42 - mmengine - INFO - The previous best checkpoint /mnt/exam_log/0722_remdet/overall_design_0723/step11/best_coco_bbox_mAP_epoch_90.pth is removed
2024/07/24 13:53:43 - mmengine - INFO - The best checkpoint with 0.1830 coco/bbox_mAP at 100 epoch is saved to best_coco_bbox_mAP_epoch_100.pth.
2024/07/24 13:53:55 - mmengine - INFO - Epoch(train) [101][50/51]  base_lr: 8.0000e-02 lr: 5.3864e-02  eta: 0:35:58  time: 0.2228  data_time: 0.0232  memory: 12412  grad_norm: 70.1663  loss: 437.1887  loss_cls: 131.8831  loss_bbox: 184.6037  loss_dfl: 120.7019
2024/07/24 13:53:55 - mmengine - INFO - Exp name: step11_add_channelc2f_overall_design-300e_coco_20240724_133030
2024/07/24 13:54:06 - mmengine - INFO - Epoch(train) [102][50/51]  base_lr: 8.0000e-02 lr: 5.3600e-02  eta: 0:35:48  time: 0.2271  data_time: 0.0182  memory: 12812  grad_norm: 70.8142  loss: 431.7674  loss_cls: 129.1287  loss_bbox: 182.8105  loss_dfl: 119.8282
2024/07/24 13:54:07 - mmengine - INFO - Exp name: step11_add_channelc2f_overall_design-300e_coco_20240724_133030
2024/07/24 13:54:17 - mmengine - INFO - Epoch(train) [103][50/51]  base_lr: 8.0000e-02 lr: 5.3336e-02  eta: 0:35:37  time: 0.2080  data_time: 0.0184  memory: 11305  grad_norm: 70.7672  loss: 433.8810  loss_cls: 130.6009  loss_bbox: 182.7765  loss_dfl: 120.5037
2024/07/24 13:54:17 - mmengine - INFO - Exp name: step11_add_channelc2f_overall_design-300e_coco_20240724_133030
2024/07/24 13:54:28 - mmengine - INFO - Epoch(train) [104][50/51]  base_lr: 8.0000e-02 lr: 5.3072e-02  eta: 0:35:26  time: 0.2077  data_time: 0.0208  memory: 11305  grad_norm: 71.3719  loss: 434.4723  loss_cls: 130.3619  loss_bbox: 183.2668  loss_dfl: 120.8436
2024/07/24 13:54:28 - mmengine - INFO - Exp name: step11_add_channelc2f_overall_design-300e_coco_20240724_133030
2024/07/24 13:54:38 - mmengine - INFO - Epoch(train) [105][50/51]  base_lr: 8.0000e-02 lr: 5.2808e-02  eta: 0:35:14  time: 0.2075  data_time: 0.0192  memory: 19398  grad_norm: 70.3959  loss: 429.9526  loss_cls: 130.1418  loss_bbox: 179.9240  loss_dfl: 119.8869
2024/07/24 13:54:38 - mmengine - INFO - Exp name: step11_add_channelc2f_overall_design-300e_coco_20240724_133030
2024/07/24 13:54:48 - mmengine - INFO - Epoch(train) [106][50/51]  base_lr: 8.0000e-02 lr: 5.2544e-02  eta: 0:35:02  time: 0.2042  data_time: 0.0178  memory: 12039  grad_norm: 70.6194  loss: 434.4483  loss_cls: 130.7377  loss_bbox: 182.9013  loss_dfl: 120.8092
2024/07/24 13:54:49 - mmengine - INFO - Exp name: step11_add_channelc2f_overall_design-300e_coco_20240724_133030
2024/07/24 13:54:59 - mmengine - INFO - Epoch(train) [107][50/51]  base_lr: 8.0000e-02 lr: 5.2280e-02  eta: 0:34:51  time: 0.2126  data_time: 0.0183  memory: 12412  grad_norm: 70.8329  loss: 431.5333  loss_cls: 130.7243  loss_bbox: 180.8750  loss_dfl: 119.9341
2024/07/24 13:54:59 - mmengine - INFO - Exp name: step11_add_channelc2f_overall_design-300e_coco_20240724_133030
2024/07/24 13:55:10 - mmengine - INFO - Epoch(train) [108][50/51]  base_lr: 8.0000e-02 lr: 5.2016e-02  eta: 0:34:40  time: 0.2082  data_time: 0.0168  memory: 12119  grad_norm: 71.5948  loss: 435.1518  loss_cls: 131.1607  loss_bbox: 183.7119  loss_dfl: 120.2791
2024/07/24 13:55:10 - mmengine - INFO - Exp name: step11_add_channelc2f_overall_design-300e_coco_20240724_133030
2024/07/24 13:55:21 - mmengine - INFO - Epoch(train) [109][50/51]  base_lr: 8.0000e-02 lr: 5.1752e-02  eta: 0:34:29  time: 0.2157  data_time: 0.0195  memory: 12932  grad_norm: 71.6118  loss: 431.2459  loss_cls: 128.5530  loss_bbox: 182.2147  loss_dfl: 120.4782
2024/07/24 13:55:21 - mmengine - INFO - Exp name: step11_add_channelc2f_overall_design-300e_coco_20240724_133030
2024/07/24 13:55:31 - mmengine - INFO - Epoch(train) [110][50/51]  base_lr: 8.0000e-02 lr: 5.1488e-02  eta: 0:34:18  time: 0.2092  data_time: 0.0187  memory: 11905  grad_norm: 71.8224  loss: 429.0841  loss_cls: 128.6122  loss_bbox: 181.1434  loss_dfl: 119.3285
2024/07/24 13:55:31 - mmengine - INFO - Exp name: step11_add_channelc2f_overall_design-300e_coco_20240724_133030
2024/07/24 13:55:31 - mmengine - INFO - Saving checkpoint at 110 epochs
2024/07/24 13:55:34 - mmengine - INFO - Evaluating bbox...
2024/07/24 13:56:00 - mmengine - INFO - bbox_mAP_copypaste: 0.189 0.325 0.189 0.100 0.292 0.396
2024/07/24 13:56:00 - mmengine - INFO - Epoch(val) [110][9/9]    coco/bbox_mAP: 0.1890  coco/bbox_mAP_50: 0.3250  coco/bbox_mAP_75: 0.1890  coco/bbox_mAP_s: 0.1000  coco/bbox_mAP_m: 0.2920  coco/bbox_mAP_l: 0.3960  data_time: 0.0233  time: 0.0455
2024/07/24 13:56:00 - mmengine - INFO - The previous best checkpoint /mnt/exam_log/0722_remdet/overall_design_0723/step11/best_coco_bbox_mAP_epoch_100.pth is removed
2024/07/24 13:56:00 - mmengine - INFO - The best checkpoint with 0.1890 coco/bbox_mAP at 110 epoch is saved to best_coco_bbox_mAP_epoch_110.pth.
2024/07/24 13:56:11 - mmengine - INFO - Epoch(train) [111][50/51]  base_lr: 8.0000e-02 lr: 5.1224e-02  eta: 0:34:07  time: 0.2071  data_time: 0.0203  memory: 14065  grad_norm: 71.1706  loss: 427.6960  loss_cls: 128.1238  loss_bbox: 179.9602  loss_dfl: 119.6120
2024/07/24 13:56:11 - mmengine - INFO - Exp name: step11_add_channelc2f_overall_design-300e_coco_20240724_133030
2024/07/24 13:56:22 - mmengine - INFO - Epoch(train) [112][50/51]  base_lr: 8.0000e-02 lr: 5.0960e-02  eta: 0:33:55  time: 0.2101  data_time: 0.0185  memory: 13385  grad_norm: 70.1325  loss: 427.6942  loss_cls: 127.3579  loss_bbox: 180.8934  loss_dfl: 119.4428
2024/07/24 13:56:22 - mmengine - INFO - Exp name: step11_add_channelc2f_overall_design-300e_coco_20240724_133030
2024/07/24 13:56:33 - mmengine - INFO - Epoch(train) [113][50/51]  base_lr: 8.0000e-02 lr: 5.0696e-02  eta: 0:33:44  time: 0.2091  data_time: 0.0172  memory: 11492  grad_norm: 71.2670  loss: 429.4614  loss_cls: 128.2381  loss_bbox: 181.1363  loss_dfl: 120.0869
2024/07/24 13:56:33 - mmengine - INFO - Exp name: step11_add_channelc2f_overall_design-300e_coco_20240724_133030
2024/07/24 13:56:43 - mmengine - INFO - Epoch(train) [114][50/51]  base_lr: 8.0000e-02 lr: 5.0432e-02  eta: 0:33:33  time: 0.2084  data_time: 0.0180  memory: 12012  grad_norm: 72.0434  loss: 426.3315  loss_cls: 127.1918  loss_bbox: 179.6419  loss_dfl: 119.4978
2024/07/24 13:56:43 - mmengine - INFO - Exp name: step11_add_channelc2f_overall_design-300e_coco_20240724_133030
2024/07/24 13:56:54 - mmengine - INFO - Epoch(train) [115][50/51]  base_lr: 8.0000e-02 lr: 5.0168e-02  eta: 0:33:22  time: 0.2077  data_time: 0.0179  memory: 13145  grad_norm: 72.6108  loss: 427.9744  loss_cls: 128.1872  loss_bbox: 180.9658  loss_dfl: 118.8214
2024/07/24 13:56:54 - mmengine - INFO - Exp name: step11_add_channelc2f_overall_design-300e_coco_20240724_133030
2024/07/24 13:57:04 - mmengine - INFO - Epoch(train) [116][50/51]  base_lr: 8.0000e-02 lr: 4.9904e-02  eta: 0:33:11  time: 0.2126  data_time: 0.0218  memory: 13452  grad_norm: 70.6755  loss: 426.3161  loss_cls: 127.6355  loss_bbox: 179.6277  loss_dfl: 119.0529
2024/07/24 13:57:05 - mmengine - INFO - Exp name: step11_add_channelc2f_overall_design-300e_coco_20240724_133030
2024/07/24 13:57:15 - mmengine - INFO - Epoch(train) [117][50/51]  base_lr: 8.0000e-02 lr: 4.9640e-02  eta: 0:33:00  time: 0.2147  data_time: 0.0191  memory: 12332  grad_norm: 72.3677  loss: 422.9440  loss_cls: 126.4242  loss_bbox: 177.0993  loss_dfl: 119.4205
2024/07/24 13:57:15 - mmengine - INFO - Exp name: step11_add_channelc2f_overall_design-300e_coco_20240724_133030
2024/07/24 13:57:23 - mmengine - INFO - Exp name: step11_add_channelc2f_overall_design-300e_coco_20240724_133030
2024/07/24 13:57:26 - mmengine - INFO - Epoch(train) [118][50/51]  base_lr: 8.0000e-02 lr: 4.9376e-02  eta: 0:32:49  time: 0.2069  data_time: 0.0170  memory: 11945  grad_norm: 72.1485  loss: 430.0149  loss_cls: 128.0134  loss_bbox: 182.9751  loss_dfl: 119.0264
2024/07/24 13:57:26 - mmengine - INFO - Exp name: step11_add_channelc2f_overall_design-300e_coco_20240724_133030
2024/07/24 13:57:36 - mmengine - INFO - Epoch(train) [119][50/51]  base_lr: 8.0000e-02 lr: 4.9112e-02  eta: 0:32:37  time: 0.2018  data_time: 0.0172  memory: 12252  grad_norm: 69.3275  loss: 427.0391  loss_cls: 128.4436  loss_bbox: 178.9226  loss_dfl: 119.6729
2024/07/24 13:57:36 - mmengine - INFO - Exp name: step11_add_channelc2f_overall_design-300e_coco_20240724_133030
2024/07/24 13:57:46 - mmengine - INFO - Epoch(train) [120][50/51]  base_lr: 8.0000e-02 lr: 4.8848e-02  eta: 0:32:25  time: 0.2057  data_time: 0.0198  memory: 12559  grad_norm: 71.4849  loss: 422.9809  loss_cls: 124.9759  loss_bbox: 178.6824  loss_dfl: 119.3227
2024/07/24 13:57:47 - mmengine - INFO - Exp name: step11_add_channelc2f_overall_design-300e_coco_20240724_133030
2024/07/24 13:57:47 - mmengine - INFO - Saving checkpoint at 120 epochs
2024/07/24 13:57:49 - mmengine - INFO - Evaluating bbox...
2024/07/24 13:58:15 - mmengine - INFO - bbox_mAP_copypaste: 0.191 0.329 0.188 0.101 0.295 0.419
2024/07/24 13:58:15 - mmengine - INFO - Epoch(val) [120][9/9]    coco/bbox_mAP: 0.1910  coco/bbox_mAP_50: 0.3290  coco/bbox_mAP_75: 0.1880  coco/bbox_mAP_s: 0.1010  coco/bbox_mAP_m: 0.2950  coco/bbox_mAP_l: 0.4190  data_time: 0.0186  time: 0.0408
2024/07/24 13:58:15 - mmengine - INFO - The previous best checkpoint /mnt/exam_log/0722_remdet/overall_design_0723/step11/best_coco_bbox_mAP_epoch_110.pth is removed
2024/07/24 13:58:15 - mmengine - INFO - The best checkpoint with 0.1910 coco/bbox_mAP at 120 epoch is saved to best_coco_bbox_mAP_epoch_120.pth.
2024/07/24 13:58:27 - mmengine - INFO - Epoch(train) [121][50/51]  base_lr: 8.0000e-02 lr: 4.8584e-02  eta: 0:32:15  time: 0.2145  data_time: 0.0224  memory: 12545  grad_norm: 71.0302  loss: 425.9417  loss_cls: 127.3300  loss_bbox: 179.6759  loss_dfl: 118.9358
2024/07/24 13:58:27 - mmengine - INFO - Exp name: step11_add_channelc2f_overall_design-300e_coco_20240724_133030
2024/07/24 13:58:38 - mmengine - INFO - Epoch(train) [122][50/51]  base_lr: 8.0000e-02 lr: 4.8320e-02  eta: 0:32:03  time: 0.2080  data_time: 0.0212  memory: 15132  grad_norm: 70.3596  loss: 429.0034  loss_cls: 127.3289  loss_bbox: 181.9459  loss_dfl: 119.7285
2024/07/24 13:58:38 - mmengine - INFO - Exp name: step11_add_channelc2f_overall_design-300e_coco_20240724_133030
2024/07/24 13:58:48 - mmengine - INFO - Epoch(train) [123][50/51]  base_lr: 8.0000e-02 lr: 4.8056e-02  eta: 0:31:52  time: 0.2038  data_time: 0.0176  memory: 12412  grad_norm: 72.3038  loss: 423.7821  loss_cls: 125.9170  loss_bbox: 178.9497  loss_dfl: 118.9155
2024/07/24 13:58:48 - mmengine - INFO - Exp name: step11_add_channelc2f_overall_design-300e_coco_20240724_133030
2024/07/24 13:58:58 - mmengine - INFO - Epoch(train) [124][50/51]  base_lr: 8.0000e-02 lr: 4.7792e-02  eta: 0:31:41  time: 0.2067  data_time: 0.0187  memory: 12905  grad_norm: 71.7890  loss: 422.1483  loss_cls: 125.2969  loss_bbox: 177.6643  loss_dfl: 119.1871
2024/07/24 13:58:58 - mmengine - INFO - Exp name: step11_add_channelc2f_overall_design-300e_coco_20240724_133030
2024/07/24 13:59:09 - mmengine - INFO - Epoch(train) [125][50/51]  base_lr: 8.0000e-02 lr: 4.7528e-02  eta: 0:31:29  time: 0.2044  data_time: 0.0183  memory: 12479  grad_norm: 71.4689  loss: 422.8360  loss_cls: 125.1784  loss_bbox: 178.4922  loss_dfl: 119.1653
2024/07/24 13:59:09 - mmengine - INFO - Exp name: step11_add_channelc2f_overall_design-300e_coco_20240724_133030
2024/07/24 13:59:20 - mmengine - INFO - Epoch(train) [126][50/51]  base_lr: 8.0000e-02 lr: 4.7264e-02  eta: 0:31:19  time: 0.2207  data_time: 0.0262  memory: 18345  grad_norm: 71.4932  loss: 426.5999  loss_cls: 127.1147  loss_bbox: 180.1085  loss_dfl: 119.3767
2024/07/24 13:59:20 - mmengine - INFO - Exp name: step11_add_channelc2f_overall_design-300e_coco_20240724_133030
2024/07/24 13:59:30 - mmengine - INFO - Epoch(train) [127][50/51]  base_lr: 8.0000e-02 lr: 4.7000e-02  eta: 0:31:08  time: 0.2090  data_time: 0.0180  memory: 12092  grad_norm: 70.8617  loss: 416.9960  loss_cls: 123.2116  loss_bbox: 175.3148  loss_dfl: 118.4696
2024/07/24 13:59:31 - mmengine - INFO - Exp name: step11_add_channelc2f_overall_design-300e_coco_20240724_133030
2024/07/24 13:59:41 - mmengine - INFO - Epoch(train) [128][50/51]  base_lr: 8.0000e-02 lr: 4.6736e-02  eta: 0:30:57  time: 0.2073  data_time: 0.0169  memory: 14532  grad_norm: 71.9092  loss: 418.4453  loss_cls: 123.2792  loss_bbox: 176.3194  loss_dfl: 118.8468
2024/07/24 13:59:41 - mmengine - INFO - Exp name: step11_add_channelc2f_overall_design-300e_coco_20240724_133030
2024/07/24 13:59:52 - mmengine - INFO - Epoch(train) [129][50/51]  base_lr: 8.0000e-02 lr: 4.6472e-02  eta: 0:30:45  time: 0.2083  data_time: 0.0184  memory: 12559  grad_norm: 73.4913  loss: 429.9218  loss_cls: 128.2672  loss_bbox: 182.1615  loss_dfl: 119.4931
2024/07/24 13:59:52 - mmengine - INFO - Exp name: step11_add_channelc2f_overall_design-300e_coco_20240724_133030
2024/07/24 14:00:02 - mmengine - INFO - Epoch(train) [130][50/51]  base_lr: 8.0000e-02 lr: 4.6208e-02  eta: 0:30:34  time: 0.2065  data_time: 0.0202  memory: 11652  grad_norm: 72.4636  loss: 422.3624  loss_cls: 126.0769  loss_bbox: 177.0892  loss_dfl: 119.1963
2024/07/24 14:00:02 - mmengine - INFO - Exp name: step11_add_channelc2f_overall_design-300e_coco_20240724_133030
2024/07/24 14:00:02 - mmengine - INFO - Saving checkpoint at 130 epochs
2024/07/24 14:00:05 - mmengine - INFO - Evaluating bbox...
2024/07/24 14:00:31 - mmengine - INFO - bbox_mAP_copypaste: 0.196 0.338 0.195 0.106 0.300 0.416
2024/07/24 14:00:31 - mmengine - INFO - Epoch(val) [130][9/9]    coco/bbox_mAP: 0.1960  coco/bbox_mAP_50: 0.3380  coco/bbox_mAP_75: 0.1950  coco/bbox_mAP_s: 0.1060  coco/bbox_mAP_m: 0.3000  coco/bbox_mAP_l: 0.4160  data_time: 0.0293  time: 0.0548
2024/07/24 14:00:31 - mmengine - INFO - The previous best checkpoint /mnt/exam_log/0722_remdet/overall_design_0723/step11/best_coco_bbox_mAP_epoch_120.pth is removed
2024/07/24 14:00:31 - mmengine - INFO - The best checkpoint with 0.1960 coco/bbox_mAP at 130 epoch is saved to best_coco_bbox_mAP_epoch_130.pth.
2024/07/24 14:00:43 - mmengine - INFO - Epoch(train) [131][50/51]  base_lr: 8.0000e-02 lr: 4.5944e-02  eta: 0:30:24  time: 0.2189  data_time: 0.0283  memory: 12132  grad_norm: 71.7458  loss: 418.7881  loss_cls: 124.2563  loss_bbox: 175.7572  loss_dfl: 118.7746
2024/07/24 14:00:43 - mmengine - INFO - Exp name: step11_add_channelc2f_overall_design-300e_coco_20240724_133030
2024/07/24 14:00:53 - mmengine - INFO - Epoch(train) [132][50/51]  base_lr: 8.0000e-02 lr: 4.5680e-02  eta: 0:30:13  time: 0.2107  data_time: 0.0233  memory: 12719  grad_norm: 70.3547  loss: 422.2319  loss_cls: 126.3426  loss_bbox: 176.9549  loss_dfl: 118.9343
2024/07/24 14:00:54 - mmengine - INFO - Exp name: step11_add_channelc2f_overall_design-300e_coco_20240724_133030
2024/07/24 14:01:04 - mmengine - INFO - Epoch(train) [133][50/51]  base_lr: 8.0000e-02 lr: 4.5416e-02  eta: 0:30:02  time: 0.2081  data_time: 0.0252  memory: 13039  grad_norm: 72.5358  loss: 418.9694  loss_cls: 124.1189  loss_bbox: 176.0573  loss_dfl: 118.7932
2024/07/24 14:01:04 - mmengine - INFO - Exp name: step11_add_channelc2f_overall_design-300e_coco_20240724_133030
2024/07/24 14:01:15 - mmengine - INFO - Epoch(train) [134][50/51]  base_lr: 8.0000e-02 lr: 4.5152e-02  eta: 0:29:51  time: 0.2094  data_time: 0.0218  memory: 12439  grad_norm: 72.2357  loss: 423.4634  loss_cls: 125.6224  loss_bbox: 179.2356  loss_dfl: 118.6053
2024/07/24 14:01:15 - mmengine - INFO - Exp name: step11_add_channelc2f_overall_design-300e_coco_20240724_133030
2024/07/24 14:01:26 - mmengine - INFO - Epoch(train) [135][50/51]  base_lr: 8.0000e-02 lr: 4.4888e-02  eta: 0:29:40  time: 0.2182  data_time: 0.0193  memory: 12852  grad_norm: 71.9815  loss: 422.0687  loss_cls: 124.3953  loss_bbox: 178.5499  loss_dfl: 119.1235
2024/07/24 14:01:26 - mmengine - INFO - Exp name: step11_add_channelc2f_overall_design-300e_coco_20240724_133030
2024/07/24 14:01:36 - mmengine - INFO - Epoch(train) [136][50/51]  base_lr: 8.0000e-02 lr: 4.4624e-02  eta: 0:29:29  time: 0.2129  data_time: 0.0201  memory: 13732  grad_norm: 71.8273  loss: 422.3327  loss_cls: 124.9132  loss_bbox: 178.3859  loss_dfl: 119.0336
2024/07/24 14:01:37 - mmengine - INFO - Exp name: step11_add_channelc2f_overall_design-300e_coco_20240724_133030
2024/07/24 14:01:47 - mmengine - INFO - Epoch(train) [137][50/51]  base_lr: 8.0000e-02 lr: 4.4360e-02  eta: 0:29:18  time: 0.2075  data_time: 0.0210  memory: 17598  grad_norm: 72.5210  loss: 426.3992  loss_cls: 126.5593  loss_bbox: 180.8714  loss_dfl: 118.9685
2024/07/24 14:01:47 - mmengine - INFO - Exp name: step11_add_channelc2f_overall_design-300e_coco_20240724_133030
2024/07/24 14:01:51 - mmengine - INFO - Exp name: step11_add_channelc2f_overall_design-300e_coco_20240724_133030
2024/07/24 14:01:58 - mmengine - INFO - Epoch(train) [138][50/51]  base_lr: 8.0000e-02 lr: 4.4096e-02  eta: 0:29:08  time: 0.2134  data_time: 0.0187  memory: 13532  grad_norm: 73.1803  loss: 421.9231  loss_cls: 125.3167  loss_bbox: 178.2433  loss_dfl: 118.3632
2024/07/24 14:01:58 - mmengine - INFO - Exp name: step11_add_channelc2f_overall_design-300e_coco_20240724_133030
2024/07/24 14:02:08 - mmengine - INFO - Epoch(train) [139][50/51]  base_lr: 8.0000e-02 lr: 4.3832e-02  eta: 0:28:56  time: 0.2036  data_time: 0.0178  memory: 11359  grad_norm: 71.5251  loss: 419.3531  loss_cls: 124.5554  loss_bbox: 176.3832  loss_dfl: 118.4145
2024/07/24 14:02:08 - mmengine - INFO - Exp name: step11_add_channelc2f_overall_design-300e_coco_20240724_133030
2024/07/24 14:02:19 - mmengine - INFO - Epoch(train) [140][50/51]  base_lr: 8.0000e-02 lr: 4.3568e-02  eta: 0:28:46  time: 0.2165  data_time: 0.0189  memory: 12265  grad_norm: 72.7539  loss: 419.5512  loss_cls: 124.2438  loss_bbox: 176.4828  loss_dfl: 118.8246
2024/07/24 14:02:19 - mmengine - INFO - Exp name: step11_add_channelc2f_overall_design-300e_coco_20240724_133030
2024/07/24 14:02:19 - mmengine - INFO - Saving checkpoint at 140 epochs
2024/07/24 14:02:23 - mmengine - INFO - Evaluating bbox...
2024/07/24 14:02:48 - mmengine - INFO - bbox_mAP_copypaste: 0.201 0.344 0.200 0.109 0.309 0.411
2024/07/24 14:02:49 - mmengine - INFO - Epoch(val) [140][9/9]    coco/bbox_mAP: 0.2010  coco/bbox_mAP_50: 0.3440  coco/bbox_mAP_75: 0.2000  coco/bbox_mAP_s: 0.1090  coco/bbox_mAP_m: 0.3090  coco/bbox_mAP_l: 0.4110  data_time: 0.0206  time: 0.0474
2024/07/24 14:02:49 - mmengine - INFO - The previous best checkpoint /mnt/exam_log/0722_remdet/overall_design_0723/step11/best_coco_bbox_mAP_epoch_130.pth is removed
2024/07/24 14:02:49 - mmengine - INFO - The best checkpoint with 0.2010 coco/bbox_mAP at 140 epoch is saved to best_coco_bbox_mAP_epoch_140.pth.
2024/07/24 14:03:00 - mmengine - INFO - Epoch(train) [141][50/51]  base_lr: 8.0000e-02 lr: 4.3304e-02  eta: 0:28:35  time: 0.2068  data_time: 0.0265  memory: 13012  grad_norm: 73.0587  loss: 419.3223  loss_cls: 124.0715  loss_bbox: 176.5339  loss_dfl: 118.7169
2024/07/24 14:03:00 - mmengine - INFO - Exp name: step11_add_channelc2f_overall_design-300e_coco_20240724_133030
2024/07/24 14:03:10 - mmengine - INFO - Epoch(train) [142][50/51]  base_lr: 8.0000e-02 lr: 4.3040e-02  eta: 0:28:24  time: 0.2105  data_time: 0.0186  memory: 12959  grad_norm: 72.7389  loss: 422.4690  loss_cls: 124.6936  loss_bbox: 178.8691  loss_dfl: 118.9064
2024/07/24 14:03:11 - mmengine - INFO - Exp name: step11_add_channelc2f_overall_design-300e_coco_20240724_133030
2024/07/24 14:03:21 - mmengine - INFO - Epoch(train) [143][50/51]  base_lr: 8.0000e-02 lr: 4.2776e-02  eta: 0:28:13  time: 0.2138  data_time: 0.0184  memory: 15972  grad_norm: 72.1364  loss: 416.2890  loss_cls: 122.4282  loss_bbox: 175.4622  loss_dfl: 118.3986
2024/07/24 14:03:21 - mmengine - INFO - Exp name: step11_add_channelc2f_overall_design-300e_coco_20240724_133030
2024/07/24 14:03:32 - mmengine - INFO - Epoch(train) [144][50/51]  base_lr: 8.0000e-02 lr: 4.2512e-02  eta: 0:28:02  time: 0.2088  data_time: 0.0199  memory: 12679  grad_norm: 72.3500  loss: 414.9344  loss_cls: 122.5113  loss_bbox: 174.2262  loss_dfl: 118.1969
2024/07/24 14:03:32 - mmengine - INFO - Exp name: step11_add_channelc2f_overall_design-300e_coco_20240724_133030
2024/07/24 14:03:42 - mmengine - INFO - Epoch(train) [145][50/51]  base_lr: 8.0000e-02 lr: 4.2248e-02  eta: 0:27:51  time: 0.2086  data_time: 0.0177  memory: 12385  grad_norm: 72.9482  loss: 418.4512  loss_cls: 123.5125  loss_bbox: 176.5054  loss_dfl: 118.4332
2024/07/24 14:03:43 - mmengine - INFO - Exp name: step11_add_channelc2f_overall_design-300e_coco_20240724_133030
2024/07/24 14:03:53 - mmengine - INFO - Epoch(train) [146][50/51]  base_lr: 8.0000e-02 lr: 4.1984e-02  eta: 0:27:40  time: 0.2068  data_time: 0.0166  memory: 14252  grad_norm: 71.9726  loss: 416.8121  loss_cls: 123.3365  loss_bbox: 175.4952  loss_dfl: 117.9805
2024/07/24 14:03:53 - mmengine - INFO - Exp name: step11_add_channelc2f_overall_design-300e_coco_20240724_133030
2024/07/24 14:04:03 - mmengine - INFO - Epoch(train) [147][50/51]  base_lr: 8.0000e-02 lr: 4.1720e-02  eta: 0:27:29  time: 0.2070  data_time: 0.0180  memory: 14372  grad_norm: 71.3385  loss: 419.6793  loss_cls: 125.8825  loss_bbox: 175.6461  loss_dfl: 118.1507
2024/07/24 14:04:04 - mmengine - INFO - Exp name: step11_add_channelc2f_overall_design-300e_coco_20240724_133030
2024/07/24 14:04:14 - mmengine - INFO - Epoch(train) [148][50/51]  base_lr: 8.0000e-02 lr: 4.1456e-02  eta: 0:27:18  time: 0.2068  data_time: 0.0204  memory: 12972  grad_norm: 71.4841  loss: 410.9618  loss_cls: 120.8891  loss_bbox: 171.9083  loss_dfl: 118.1645
2024/07/24 14:04:14 - mmengine - INFO - Exp name: step11_add_channelc2f_overall_design-300e_coco_20240724_133030
2024/07/24 14:04:24 - mmengine - INFO - Epoch(train) [149][50/51]  base_lr: 8.0000e-02 lr: 4.1192e-02  eta: 0:27:06  time: 0.2060  data_time: 0.0197  memory: 13892  grad_norm: 72.7916  loss: 418.1677  loss_cls: 124.2811  loss_bbox: 176.3050  loss_dfl: 117.5816
2024/07/24 14:04:24 - mmengine - INFO - Exp name: step11_add_channelc2f_overall_design-300e_coco_20240724_133030
2024/07/24 14:04:35 - mmengine - INFO - Epoch(train) [150][50/51]  base_lr: 8.0000e-02 lr: 4.0928e-02  eta: 0:26:55  time: 0.2088  data_time: 0.0178  memory: 12639  grad_norm: 71.5236  loss: 413.8043  loss_cls: 122.5349  loss_bbox: 173.1895  loss_dfl: 118.0798
2024/07/24 14:04:35 - mmengine - INFO - Exp name: step11_add_channelc2f_overall_design-300e_coco_20240724_133030
2024/07/24 14:04:35 - mmengine - INFO - Saving checkpoint at 150 epochs
2024/07/24 14:04:38 - mmengine - INFO - Evaluating bbox...
2024/07/24 14:05:04 - mmengine - INFO - bbox_mAP_copypaste: 0.200 0.345 0.199 0.108 0.307 0.422
2024/07/24 14:05:04 - mmengine - INFO - Epoch(val) [150][9/9]    coco/bbox_mAP: 0.2000  coco/bbox_mAP_50: 0.3450  coco/bbox_mAP_75: 0.1990  coco/bbox_mAP_s: 0.1080  coco/bbox_mAP_m: 0.3070  coco/bbox_mAP_l: 0.4220  data_time: 0.0245  time: 0.0534
2024/07/24 14:05:14 - mmengine - INFO - Epoch(train) [151][50/51]  base_lr: 8.0000e-02 lr: 4.0664e-02  eta: 0:26:44  time: 0.2050  data_time: 0.0216  memory: 12412  grad_norm: 71.6288  loss: 413.8771  loss_cls: 121.3234  loss_bbox: 174.1533  loss_dfl: 118.4005
2024/07/24 14:05:14 - mmengine - INFO - Exp name: step11_add_channelc2f_overall_design-300e_coco_20240724_133030
2024/07/24 14:05:25 - mmengine - INFO - Epoch(train) [152][50/51]  base_lr: 8.0000e-02 lr: 4.0400e-02  eta: 0:26:33  time: 0.2098  data_time: 0.0194  memory: 12065  grad_norm: 71.6179  loss: 412.5405  loss_cls: 122.0574  loss_bbox: 172.6112  loss_dfl: 117.8720
2024/07/24 14:05:25 - mmengine - INFO - Exp name: step11_add_channelc2f_overall_design-300e_coco_20240724_133030
2024/07/24 14:05:35 - mmengine - INFO - Epoch(train) [153][50/51]  base_lr: 8.0000e-02 lr: 4.0136e-02  eta: 0:26:22  time: 0.2085  data_time: 0.0181  memory: 11812  grad_norm: 71.6186  loss: 411.3708  loss_cls: 120.9834  loss_bbox: 172.4326  loss_dfl: 117.9548
2024/07/24 14:05:35 - mmengine - INFO - Exp name: step11_add_channelc2f_overall_design-300e_coco_20240724_133030
2024/07/24 14:05:46 - mmengine - INFO - Epoch(train) [154][50/51]  base_lr: 8.0000e-02 lr: 3.9872e-02  eta: 0:26:12  time: 0.2154  data_time: 0.0209  memory: 13185  grad_norm: 72.5983  loss: 413.2487  loss_cls: 121.2576  loss_bbox: 173.7370  loss_dfl: 118.2541
2024/07/24 14:05:46 - mmengine - INFO - Exp name: step11_add_channelc2f_overall_design-300e_coco_20240724_133030
2024/07/24 14:05:57 - mmengine - INFO - Epoch(train) [155][50/51]  base_lr: 8.0000e-02 lr: 3.9608e-02  eta: 0:26:01  time: 0.2094  data_time: 0.0172  memory: 12692  grad_norm: 70.9633  loss: 413.2728  loss_cls: 120.9012  loss_bbox: 173.9502  loss_dfl: 118.4214
2024/07/24 14:05:57 - mmengine - INFO - Exp name: step11_add_channelc2f_overall_design-300e_coco_20240724_133030
2024/07/24 14:06:07 - mmengine - INFO - Epoch(train) [156][50/51]  base_lr: 8.0000e-02 lr: 3.9344e-02  eta: 0:25:50  time: 0.2067  data_time: 0.0214  memory: 12105  grad_norm: 72.1891  loss: 414.3218  loss_cls: 121.4638  loss_bbox: 173.7836  loss_dfl: 119.0745
2024/07/24 14:06:07 - mmengine - INFO - Exp name: step11_add_channelc2f_overall_design-300e_coco_20240724_133030
2024/07/24 14:06:17 - mmengine - INFO - Exp name: step11_add_channelc2f_overall_design-300e_coco_20240724_133030
2024/07/24 14:06:18 - mmengine - INFO - Epoch(train) [157][50/51]  base_lr: 8.0000e-02 lr: 3.9080e-02  eta: 0:25:39  time: 0.2090  data_time: 0.0195  memory: 11625  grad_norm: 73.2114  loss: 417.1389  loss_cls: 123.6176  loss_bbox: 175.2770  loss_dfl: 118.2443
2024/07/24 14:06:18 - mmengine - INFO - Exp name: step11_add_channelc2f_overall_design-300e_coco_20240724_133030
2024/07/24 14:06:29 - mmengine - INFO - Epoch(train) [158][50/51]  base_lr: 8.0000e-02 lr: 3.8816e-02  eta: 0:25:28  time: 0.2125  data_time: 0.0174  memory: 11999  grad_norm: 72.6476  loss: 413.7546  loss_cls: 120.9452  loss_bbox: 174.1559  loss_dfl: 118.6535
2024/07/24 14:06:29 - mmengine - INFO - Exp name: step11_add_channelc2f_overall_design-300e_coco_20240724_133030
2024/07/24 14:06:39 - mmengine - INFO - Epoch(train) [159][50/51]  base_lr: 8.0000e-02 lr: 3.8552e-02  eta: 0:25:17  time: 0.2066  data_time: 0.0174  memory: 12732  grad_norm: 72.7754  loss: 420.0589  loss_cls: 123.4152  loss_bbox: 178.3146  loss_dfl: 118.3291
2024/07/24 14:06:39 - mmengine - INFO - Exp name: step11_add_channelc2f_overall_design-300e_coco_20240724_133030
2024/07/24 14:06:50 - mmengine - INFO - Epoch(train) [160][50/51]  base_lr: 8.0000e-02 lr: 3.8288e-02  eta: 0:25:06  time: 0.2064  data_time: 0.0185  memory: 11599  grad_norm: 73.8763  loss: 415.0061  loss_cls: 122.3291  loss_bbox: 175.2896  loss_dfl: 117.3874
2024/07/24 14:06:50 - mmengine - INFO - Exp name: step11_add_channelc2f_overall_design-300e_coco_20240724_133030
2024/07/24 14:06:50 - mmengine - INFO - Saving checkpoint at 160 epochs
2024/07/24 14:06:52 - mmengine - INFO - Evaluating bbox...
2024/07/24 14:07:18 - mmengine - INFO - bbox_mAP_copypaste: 0.204 0.351 0.203 0.111 0.312 0.439
2024/07/24 14:07:18 - mmengine - INFO - Epoch(val) [160][9/9]    coco/bbox_mAP: 0.2040  coco/bbox_mAP_50: 0.3510  coco/bbox_mAP_75: 0.2030  coco/bbox_mAP_s: 0.1110  coco/bbox_mAP_m: 0.3120  coco/bbox_mAP_l: 0.4390  data_time: 0.0256  time: 0.0517
2024/07/24 14:07:18 - mmengine - INFO - The previous best checkpoint /mnt/exam_log/0722_remdet/overall_design_0723/step11/best_coco_bbox_mAP_epoch_140.pth is removed
2024/07/24 14:07:19 - mmengine - INFO - The best checkpoint with 0.2040 coco/bbox_mAP at 160 epoch is saved to best_coco_bbox_mAP_epoch_160.pth.
2024/07/24 14:07:29 - mmengine - INFO - Epoch(train) [161][50/51]  base_lr: 8.0000e-02 lr: 3.8024e-02  eta: 0:24:55  time: 0.2033  data_time: 0.0206  memory: 13159  grad_norm: 72.2960  loss: 410.7731  loss_cls: 120.8053  loss_bbox: 171.9966  loss_dfl: 117.9712
2024/07/24 14:07:29 - mmengine - INFO - Exp name: step11_add_channelc2f_overall_design-300e_coco_20240724_133030
2024/07/24 14:07:40 - mmengine - INFO - Epoch(train) [162][50/51]  base_lr: 8.0000e-02 lr: 3.7760e-02  eta: 0:24:44  time: 0.2117  data_time: 0.0161  memory: 11732  grad_norm: 72.5161  loss: 406.5869  loss_cls: 118.6099  loss_bbox: 170.7630  loss_dfl: 117.2140
2024/07/24 14:07:40 - mmengine - INFO - Exp name: step11_add_channelc2f_overall_design-300e_coco_20240724_133030
2024/07/24 14:07:50 - mmengine - INFO - Epoch(train) [163][50/51]  base_lr: 8.0000e-02 lr: 3.7496e-02  eta: 0:24:33  time: 0.2052  data_time: 0.0190  memory: 11785  grad_norm: 73.1843  loss: 411.1907  loss_cls: 119.8726  loss_bbox: 173.7366  loss_dfl: 117.5816
2024/07/24 14:07:50 - mmengine - INFO - Exp name: step11_add_channelc2f_overall_design-300e_coco_20240724_133030
2024/07/24 14:08:01 - mmengine - INFO - Epoch(train) [164][50/51]  base_lr: 8.0000e-02 lr: 3.7232e-02  eta: 0:24:22  time: 0.2139  data_time: 0.0186  memory: 11505  grad_norm: 72.6426  loss: 410.0905  loss_cls: 120.7679  loss_bbox: 172.1445  loss_dfl: 117.1780
2024/07/24 14:08:01 - mmengine - INFO - Exp name: step11_add_channelc2f_overall_design-300e_coco_20240724_133030
2024/07/24 14:08:12 - mmengine - INFO - Epoch(train) [165][50/51]  base_lr: 8.0000e-02 lr: 3.6968e-02  eta: 0:24:12  time: 0.2115  data_time: 0.0222  memory: 14172  grad_norm: 73.5253  loss: 409.5040  loss_cls: 120.3367  loss_bbox: 171.4287  loss_dfl: 117.7386
2024/07/24 14:08:12 - mmengine - INFO - Exp name: step11_add_channelc2f_overall_design-300e_coco_20240724_133030
2024/07/24 14:08:22 - mmengine - INFO - Epoch(train) [166][50/51]  base_lr: 8.0000e-02 lr: 3.6704e-02  eta: 0:24:01  time: 0.2075  data_time: 0.0216  memory: 12985  grad_norm: 72.8111  loss: 411.8909  loss_cls: 121.5149  loss_bbox: 172.9324  loss_dfl: 117.4436
2024/07/24 14:08:23 - mmengine - INFO - Exp name: step11_add_channelc2f_overall_design-300e_coco_20240724_133030
2024/07/24 14:08:33 - mmengine - INFO - Epoch(train) [167][50/51]  base_lr: 8.0000e-02 lr: 3.6440e-02  eta: 0:23:50  time: 0.2150  data_time: 0.0237  memory: 12972  grad_norm: 73.8931  loss: 410.5632  loss_cls: 119.9021  loss_bbox: 172.9830  loss_dfl: 117.6781
2024/07/24 14:08:33 - mmengine - INFO - Exp name: step11_add_channelc2f_overall_design-300e_coco_20240724_133030
2024/07/24 14:08:44 - mmengine - INFO - Epoch(train) [168][50/51]  base_lr: 8.0000e-02 lr: 3.6176e-02  eta: 0:23:40  time: 0.2206  data_time: 0.0184  memory: 13412  grad_norm: 73.9387  loss: 412.6770  loss_cls: 120.2763  loss_bbox: 174.6891  loss_dfl: 117.7116
2024/07/24 14:08:45 - mmengine - INFO - Exp name: step11_add_channelc2f_overall_design-300e_coco_20240724_133030
2024/07/24 14:08:55 - mmengine - INFO - Epoch(train) [169][50/51]  base_lr: 8.0000e-02 lr: 3.5912e-02  eta: 0:23:29  time: 0.2071  data_time: 0.0175  memory: 12039  grad_norm: 74.3260  loss: 406.6365  loss_cls: 118.2120  loss_bbox: 171.4812  loss_dfl: 116.9432
2024/07/24 14:08:55 - mmengine - INFO - Exp name: step11_add_channelc2f_overall_design-300e_coco_20240724_133030
2024/07/24 14:09:07 - mmengine - INFO - Epoch(train) [170][50/51]  base_lr: 8.0000e-02 lr: 3.5648e-02  eta: 0:23:19  time: 0.2342  data_time: 0.0164  memory: 12865  grad_norm: 72.4612  loss: 413.4593  loss_cls: 120.7956  loss_bbox: 174.8678  loss_dfl: 117.7959
2024/07/24 14:09:07 - mmengine - INFO - Exp name: step11_add_channelc2f_overall_design-300e_coco_20240724_133030
2024/07/24 14:09:07 - mmengine - INFO - Saving checkpoint at 170 epochs
2024/07/24 14:09:10 - mmengine - INFO - Evaluating bbox...
2024/07/24 14:09:35 - mmengine - INFO - bbox_mAP_copypaste: 0.210 0.357 0.208 0.115 0.323 0.425
2024/07/24 14:09:36 - mmengine - INFO - Epoch(val) [170][9/9]    coco/bbox_mAP: 0.2100  coco/bbox_mAP_50: 0.3570  coco/bbox_mAP_75: 0.2080  coco/bbox_mAP_s: 0.1150  coco/bbox_mAP_m: 0.3230  coco/bbox_mAP_l: 0.4250  data_time: 0.0195  time: 0.0468
2024/07/24 14:09:36 - mmengine - INFO - The previous best checkpoint /mnt/exam_log/0722_remdet/overall_design_0723/step11/best_coco_bbox_mAP_epoch_160.pth is removed
2024/07/24 14:09:36 - mmengine - INFO - The best checkpoint with 0.2100 coco/bbox_mAP at 170 epoch is saved to best_coco_bbox_mAP_epoch_170.pth.
2024/07/24 14:09:47 - mmengine - INFO - Epoch(train) [171][50/51]  base_lr: 8.0000e-02 lr: 3.5384e-02  eta: 0:23:08  time: 0.2054  data_time: 0.0201  memory: 12839  grad_norm: 74.6642  loss: 409.6111  loss_cls: 119.6899  loss_bbox: 171.9100  loss_dfl: 118.0112
2024/07/24 14:09:48 - mmengine - INFO - Exp name: step11_add_channelc2f_overall_design-300e_coco_20240724_133030
2024/07/24 14:09:58 - mmengine - INFO - Epoch(train) [172][50/51]  base_lr: 8.0000e-02 lr: 3.5120e-02  eta: 0:22:57  time: 0.2066  data_time: 0.0169  memory: 12972  grad_norm: 74.3183  loss: 411.3780  loss_cls: 120.1620  loss_bbox: 173.4856  loss_dfl: 117.7303
2024/07/24 14:09:58 - mmengine - INFO - Exp name: step11_add_channelc2f_overall_design-300e_coco_20240724_133030
2024/07/24 14:10:08 - mmengine - INFO - Epoch(train) [173][50/51]  base_lr: 8.0000e-02 lr: 3.4856e-02  eta: 0:22:46  time: 0.2067  data_time: 0.0193  memory: 13212  grad_norm: 73.6526  loss: 405.2127  loss_cls: 117.8647  loss_bbox: 169.6410  loss_dfl: 117.7070
2024/07/24 14:10:08 - mmengine - INFO - Exp name: step11_add_channelc2f_overall_design-300e_coco_20240724_133030
2024/07/24 14:10:19 - mmengine - INFO - Epoch(train) [174][50/51]  base_lr: 8.0000e-02 lr: 3.4592e-02  eta: 0:22:35  time: 0.2052  data_time: 0.0180  memory: 13279  grad_norm: 74.4317  loss: 408.8556  loss_cls: 119.5846  loss_bbox: 172.0654  loss_dfl: 117.2056
2024/07/24 14:10:19 - mmengine - INFO - Exp name: step11_add_channelc2f_overall_design-300e_coco_20240724_133030
2024/07/24 14:10:29 - mmengine - INFO - Epoch(train) [175][50/51]  base_lr: 8.0000e-02 lr: 3.4328e-02  eta: 0:22:24  time: 0.2054  data_time: 0.0213  memory: 11999  grad_norm: 73.1611  loss: 405.0453  loss_cls: 117.8751  loss_bbox: 170.1233  loss_dfl: 117.0469
2024/07/24 14:10:29 - mmengine - INFO - Exp name: step11_add_channelc2f_overall_design-300e_coco_20240724_133030
2024/07/24 14:10:40 - mmengine - INFO - Epoch(train) [176][50/51]  base_lr: 8.0000e-02 lr: 3.4064e-02  eta: 0:22:13  time: 0.2083  data_time: 0.0179  memory: 17558  grad_norm: 75.1586  loss: 409.2385  loss_cls: 119.1531  loss_bbox: 172.6549  loss_dfl: 117.4306
2024/07/24 14:10:40 - mmengine - INFO - Exp name: step11_add_channelc2f_overall_design-300e_coco_20240724_133030
2024/07/24 14:10:46 - mmengine - INFO - Exp name: step11_add_channelc2f_overall_design-300e_coco_20240724_133030
2024/07/24 14:10:50 - mmengine - INFO - Epoch(train) [177][50/51]  base_lr: 8.0000e-02 lr: 3.3800e-02  eta: 0:22:02  time: 0.2101  data_time: 0.0171  memory: 15812  grad_norm: 74.9307  loss: 408.1910  loss_cls: 119.3274  loss_bbox: 171.8114  loss_dfl: 117.0522
2024/07/24 14:10:50 - mmengine - INFO - Exp name: step11_add_channelc2f_overall_design-300e_coco_20240724_133030
2024/07/24 14:11:01 - mmengine - INFO - Epoch(train) [178][50/51]  base_lr: 8.0000e-02 lr: 3.3536e-02  eta: 0:21:51  time: 0.2099  data_time: 0.0224  memory: 12679  grad_norm: 73.2807  loss: 410.6104  loss_cls: 120.2217  loss_bbox: 172.6525  loss_dfl: 117.7363
2024/07/24 14:11:01 - mmengine - INFO - Exp name: step11_add_channelc2f_overall_design-300e_coco_20240724_133030
2024/07/24 14:11:12 - mmengine - INFO - Epoch(train) [179][50/51]  base_lr: 8.0000e-02 lr: 3.3272e-02  eta: 0:21:40  time: 0.2085  data_time: 0.0189  memory: 14652  grad_norm: 74.0362  loss: 401.9740  loss_cls: 115.6613  loss_bbox: 169.8318  loss_dfl: 116.4808
2024/07/24 14:11:12 - mmengine - INFO - Exp name: step11_add_channelc2f_overall_design-300e_coco_20240724_133030
2024/07/24 14:11:22 - mmengine - INFO - Epoch(train) [180][50/51]  base_lr: 8.0000e-02 lr: 3.3008e-02  eta: 0:21:29  time: 0.2051  data_time: 0.0186  memory: 13772  grad_norm: 76.4179  loss: 406.6354  loss_cls: 118.0484  loss_bbox: 171.3514  loss_dfl: 117.2356
2024/07/24 14:11:22 - mmengine - INFO - Exp name: step11_add_channelc2f_overall_design-300e_coco_20240724_133030
2024/07/24 14:11:22 - mmengine - INFO - Saving checkpoint at 180 epochs
2024/07/24 14:11:25 - mmengine - INFO - Evaluating bbox...
2024/07/24 14:11:51 - mmengine - INFO - bbox_mAP_copypaste: 0.207 0.354 0.206 0.114 0.316 0.425
2024/07/24 14:11:51 - mmengine - INFO - Epoch(val) [180][9/9]    coco/bbox_mAP: 0.2070  coco/bbox_mAP_50: 0.3540  coco/bbox_mAP_75: 0.2060  coco/bbox_mAP_s: 0.1140  coco/bbox_mAP_m: 0.3160  coco/bbox_mAP_l: 0.4250  data_time: 0.0248  time: 0.0480
2024/07/24 14:12:01 - mmengine - INFO - Epoch(train) [181][50/51]  base_lr: 8.0000e-02 lr: 3.2744e-02  eta: 0:21:18  time: 0.2109  data_time: 0.0209  memory: 12772  grad_norm: 74.5677  loss: 403.0077  loss_cls: 117.5637  loss_bbox: 168.9602  loss_dfl: 116.4839
2024/07/24 14:12:01 - mmengine - INFO - Exp name: step11_add_channelc2f_overall_design-300e_coco_20240724_133030
2024/07/24 14:12:12 - mmengine - INFO - Epoch(train) [182][50/51]  base_lr: 8.0000e-02 lr: 3.2480e-02  eta: 0:21:08  time: 0.2107  data_time: 0.0259  memory: 12985  grad_norm: 74.2433  loss: 404.5728  loss_cls: 116.9362  loss_bbox: 170.9095  loss_dfl: 116.7271
2024/07/24 14:12:12 - mmengine - INFO - Exp name: step11_add_channelc2f_overall_design-300e_coco_20240724_133030
2024/07/24 14:12:22 - mmengine - INFO - Epoch(train) [183][50/51]  base_lr: 8.0000e-02 lr: 3.2216e-02  eta: 0:20:57  time: 0.2059  data_time: 0.0181  memory: 15278  grad_norm: 72.7736  loss: 403.8213  loss_cls: 117.2907  loss_bbox: 169.4322  loss_dfl: 117.0984
2024/07/24 14:12:22 - mmengine - INFO - Exp name: step11_add_channelc2f_overall_design-300e_coco_20240724_133030
2024/07/24 14:12:33 - mmengine - INFO - Epoch(train) [184][50/51]  base_lr: 8.0000e-02 lr: 3.1952e-02  eta: 0:20:46  time: 0.2052  data_time: 0.0181  memory: 11785  grad_norm: 75.1078  loss: 404.6223  loss_cls: 117.1593  loss_bbox: 170.4916  loss_dfl: 116.9714
2024/07/24 14:12:33 - mmengine - INFO - Exp name: step11_add_channelc2f_overall_design-300e_coco_20240724_133030
2024/07/24 14:12:43 - mmengine - INFO - Epoch(train) [185][50/51]  base_lr: 8.0000e-02 lr: 3.1688e-02  eta: 0:20:35  time: 0.2087  data_time: 0.0217  memory: 13892  grad_norm: 77.9606  loss: 404.8595  loss_cls: 117.1125  loss_bbox: 170.6275  loss_dfl: 117.1195
2024/07/24 14:12:43 - mmengine - INFO - Exp name: step11_add_channelc2f_overall_design-300e_coco_20240724_133030
2024/07/24 14:12:54 - mmengine - INFO - Epoch(train) [186][50/51]  base_lr: 8.0000e-02 lr: 3.1424e-02  eta: 0:20:24  time: 0.2059  data_time: 0.0226  memory: 11705  grad_norm: 74.0056  loss: 407.6429  loss_cls: 119.0366  loss_bbox: 171.1231  loss_dfl: 117.4832
2024/07/24 14:12:54 - mmengine - INFO - Exp name: step11_add_channelc2f_overall_design-300e_coco_20240724_133030
2024/07/24 14:13:04 - mmengine - INFO - Epoch(train) [187][50/51]  base_lr: 8.0000e-02 lr: 3.1160e-02  eta: 0:20:13  time: 0.2082  data_time: 0.0196  memory: 14958  grad_norm: 76.0379  loss: 404.6802  loss_cls: 117.6158  loss_bbox: 169.9096  loss_dfl: 117.1548
2024/07/24 14:13:04 - mmengine - INFO - Exp name: step11_add_channelc2f_overall_design-300e_coco_20240724_133030
2024/07/24 14:13:15 - mmengine - INFO - Epoch(train) [188][50/51]  base_lr: 8.0000e-02 lr: 3.0896e-02  eta: 0:20:02  time: 0.2038  data_time: 0.0185  memory: 13239  grad_norm: 75.2527  loss: 403.3620  loss_cls: 116.4725  loss_bbox: 169.4752  loss_dfl: 117.4143
2024/07/24 14:13:15 - mmengine - INFO - Exp name: step11_add_channelc2f_overall_design-300e_coco_20240724_133030
2024/07/24 14:13:25 - mmengine - INFO - Epoch(train) [189][50/51]  base_lr: 8.0000e-02 lr: 3.0632e-02  eta: 0:19:51  time: 0.2079  data_time: 0.0200  memory: 11932  grad_norm: 73.7927  loss: 408.4476  loss_cls: 118.4817  loss_bbox: 172.3048  loss_dfl: 117.6611
2024/07/24 14:13:25 - mmengine - INFO - Exp name: step11_add_channelc2f_overall_design-300e_coco_20240724_133030
2024/07/24 14:13:36 - mmengine - INFO - Epoch(train) [190][50/51]  base_lr: 8.0000e-02 lr: 3.0368e-02  eta: 0:19:40  time: 0.2047  data_time: 0.0184  memory: 11625  grad_norm: 76.3750  loss: 402.1233  loss_cls: 116.4863  loss_bbox: 168.4270  loss_dfl: 117.2101
2024/07/24 14:13:36 - mmengine - INFO - Exp name: step11_add_channelc2f_overall_design-300e_coco_20240724_133030
2024/07/24 14:13:36 - mmengine - INFO - Saving checkpoint at 190 epochs
2024/07/24 14:13:38 - mmengine - INFO - Evaluating bbox...
2024/07/24 14:14:04 - mmengine - INFO - bbox_mAP_copypaste: 0.212 0.360 0.212 0.116 0.324 0.437
2024/07/24 14:14:04 - mmengine - INFO - Epoch(val) [190][9/9]    coco/bbox_mAP: 0.2120  coco/bbox_mAP_50: 0.3600  coco/bbox_mAP_75: 0.2120  coco/bbox_mAP_s: 0.1160  coco/bbox_mAP_m: 0.3240  coco/bbox_mAP_l: 0.4370  data_time: 0.0162  time: 0.0434
2024/07/24 14:14:04 - mmengine - INFO - The previous best checkpoint /mnt/exam_log/0722_remdet/overall_design_0723/step11/best_coco_bbox_mAP_epoch_170.pth is removed
2024/07/24 14:14:04 - mmengine - INFO - The best checkpoint with 0.2120 coco/bbox_mAP at 190 epoch is saved to best_coco_bbox_mAP_epoch_190.pth.
2024/07/24 14:14:16 - mmengine - INFO - Epoch(train) [191][50/51]  base_lr: 8.0000e-02 lr: 3.0104e-02  eta: 0:19:29  time: 0.2056  data_time: 0.0211  memory: 11879  grad_norm: 75.0067  loss: 402.1314  loss_cls: 115.7431  loss_bbox: 169.8296  loss_dfl: 116.5587
2024/07/24 14:14:16 - mmengine - INFO - Exp name: step11_add_channelc2f_overall_design-300e_coco_20240724_133030
2024/07/24 14:14:26 - mmengine - INFO - Epoch(train) [192][50/51]  base_lr: 8.0000e-02 lr: 2.9840e-02  eta: 0:19:18  time: 0.2062  data_time: 0.0175  memory: 11159  grad_norm: 76.2586  loss: 403.0831  loss_cls: 116.9622  loss_bbox: 169.2647  loss_dfl: 116.8562
2024/07/24 14:14:26 - mmengine - INFO - Exp name: step11_add_channelc2f_overall_design-300e_coco_20240724_133030
2024/07/24 14:14:36 - mmengine - INFO - Epoch(train) [193][50/51]  base_lr: 8.0000e-02 lr: 2.9576e-02  eta: 0:19:08  time: 0.2049  data_time: 0.0197  memory: 13239  grad_norm: 75.6989  loss: 401.5292  loss_cls: 115.8921  loss_bbox: 169.0749  loss_dfl: 116.5622
2024/07/24 14:14:36 - mmengine - INFO - Exp name: step11_add_channelc2f_overall_design-300e_coco_20240724_133030
2024/07/24 14:14:47 - mmengine - INFO - Epoch(train) [194][50/51]  base_lr: 8.0000e-02 lr: 2.9312e-02  eta: 0:18:57  time: 0.2136  data_time: 0.0197  memory: 12132  grad_norm: 74.1105  loss: 399.0493  loss_cls: 115.5568  loss_bbox: 166.7409  loss_dfl: 116.7516
2024/07/24 14:14:47 - mmengine - INFO - Exp name: step11_add_channelc2f_overall_design-300e_coco_20240724_133030
2024/07/24 14:14:58 - mmengine - INFO - Epoch(train) [195][50/51]  base_lr: 8.0000e-02 lr: 2.9048e-02  eta: 0:18:46  time: 0.2083  data_time: 0.0176  memory: 12652  grad_norm: 75.2807  loss: 399.1413  loss_cls: 115.0957  loss_bbox: 167.3586  loss_dfl: 116.6869
2024/07/24 14:14:58 - mmengine - INFO - Exp name: step11_add_channelc2f_overall_design-300e_coco_20240724_133030
2024/07/24 14:15:08 - mmengine - INFO - Epoch(train) [196][50/51]  base_lr: 8.0000e-02 lr: 2.8784e-02  eta: 0:18:35  time: 0.2082  data_time: 0.0167  memory: 12345  grad_norm: 74.9055  loss: 398.0876  loss_cls: 114.7780  loss_bbox: 167.2095  loss_dfl: 116.1001
2024/07/24 14:15:08 - mmengine - INFO - Exp name: step11_add_channelc2f_overall_design-300e_coco_20240724_133030
2024/07/24 14:15:10 - mmengine - INFO - Exp name: step11_add_channelc2f_overall_design-300e_coco_20240724_133030
2024/07/24 14:15:19 - mmengine - INFO - Epoch(train) [197][50/51]  base_lr: 8.0000e-02 lr: 2.8520e-02  eta: 0:18:24  time: 0.2070  data_time: 0.0170  memory: 11292  grad_norm: 76.7127  loss: 398.4415  loss_cls: 115.1147  loss_bbox: 166.8043  loss_dfl: 116.5225
2024/07/24 14:15:19 - mmengine - INFO - Exp name: step11_add_channelc2f_overall_design-300e_coco_20240724_133030
2024/07/24 14:15:29 - mmengine - INFO - Epoch(train) [198][50/51]  base_lr: 8.0000e-02 lr: 2.8256e-02  eta: 0:18:13  time: 0.2075  data_time: 0.0219  memory: 14985  grad_norm: 76.5158  loss: 399.6381  loss_cls: 115.1396  loss_bbox: 168.0177  loss_dfl: 116.4808
2024/07/24 14:15:29 - mmengine - INFO - Exp name: step11_add_channelc2f_overall_design-300e_coco_20240724_133030
2024/07/24 14:15:40 - mmengine - INFO - Epoch(train) [199][50/51]  base_lr: 8.0000e-02 lr: 2.7992e-02  eta: 0:18:03  time: 0.2107  data_time: 0.0198  memory: 13105  grad_norm: 76.3507  loss: 401.1387  loss_cls: 115.0209  loss_bbox: 169.4381  loss_dfl: 116.6797
2024/07/24 14:15:40 - mmengine - INFO - Exp name: step11_add_channelc2f_overall_design-300e_coco_20240724_133030
2024/07/24 14:15:51 - mmengine - INFO - Epoch(train) [200][50/51]  base_lr: 8.0000e-02 lr: 2.7728e-02  eta: 0:17:52  time: 0.2109  data_time: 0.0221  memory: 11932  grad_norm: 75.9209  loss: 397.9932  loss_cls: 114.0335  loss_bbox: 166.9265  loss_dfl: 117.0332
2024/07/24 14:15:51 - mmengine - INFO - Exp name: step11_add_channelc2f_overall_design-300e_coco_20240724_133030
2024/07/24 14:15:51 - mmengine - INFO - Saving checkpoint at 200 epochs
2024/07/24 14:15:54 - mmengine - INFO - Evaluating bbox...
2024/07/24 14:16:19 - mmengine - INFO - bbox_mAP_copypaste: 0.211 0.359 0.210 0.119 0.323 0.443
2024/07/24 14:16:19 - mmengine - INFO - Epoch(val) [200][9/9]    coco/bbox_mAP: 0.2110  coco/bbox_mAP_50: 0.3590  coco/bbox_mAP_75: 0.2100  coco/bbox_mAP_s: 0.1190  coco/bbox_mAP_m: 0.3230  coco/bbox_mAP_l: 0.4430  data_time: 0.0245  time: 0.0519
2024/07/24 14:16:30 - mmengine - INFO - Epoch(train) [201][50/51]  base_lr: 8.0000e-02 lr: 2.7464e-02  eta: 0:17:41  time: 0.2091  data_time: 0.0217  memory: 11945  grad_norm: 75.4413  loss: 403.5663  loss_cls: 117.2910  loss_bbox: 169.3358  loss_dfl: 116.9395
2024/07/24 14:16:30 - mmengine - INFO - Exp name: step11_add_channelc2f_overall_design-300e_coco_20240724_133030
2024/07/24 14:16:41 - mmengine - INFO - Epoch(train) [202][50/51]  base_lr: 8.0000e-02 lr: 2.7200e-02  eta: 0:17:31  time: 0.2132  data_time: 0.0199  memory: 17825  grad_norm: 74.5888  loss: 401.4492  loss_cls: 116.0766  loss_bbox: 168.8178  loss_dfl: 116.5548
2024/07/24 14:16:41 - mmengine - INFO - Exp name: step11_add_channelc2f_overall_design-300e_coco_20240724_133030
2024/07/24 14:16:51 - mmengine - INFO - Epoch(train) [203][50/51]  base_lr: 8.0000e-02 lr: 2.6936e-02  eta: 0:17:20  time: 0.2082  data_time: 0.0168  memory: 12999  grad_norm: 76.1787  loss: 399.1394  loss_cls: 114.3889  loss_bbox: 168.0696  loss_dfl: 116.6809
2024/07/24 14:16:51 - mmengine - INFO - Exp name: step11_add_channelc2f_overall_design-300e_coco_20240724_133030
2024/07/24 14:17:02 - mmengine - INFO - Epoch(train) [204][50/51]  base_lr: 8.0000e-02 lr: 2.6672e-02  eta: 0:17:09  time: 0.2101  data_time: 0.0171  memory: 13439  grad_norm: 75.0298  loss: 399.7415  loss_cls: 115.3435  loss_bbox: 168.1220  loss_dfl: 116.2760
2024/07/24 14:17:02 - mmengine - INFO - Exp name: step11_add_channelc2f_overall_design-300e_coco_20240724_133030
2024/07/24 14:17:12 - mmengine - INFO - Epoch(train) [205][50/51]  base_lr: 8.0000e-02 lr: 2.6408e-02  eta: 0:16:58  time: 0.2065  data_time: 0.0170  memory: 17412  grad_norm: 79.2023  loss: 401.5067  loss_cls: 115.4909  loss_bbox: 169.9294  loss_dfl: 116.0863
2024/07/24 14:17:12 - mmengine - INFO - Exp name: step11_add_channelc2f_overall_design-300e_coco_20240724_133030
2024/07/24 14:17:23 - mmengine - INFO - Epoch(train) [206][50/51]  base_lr: 8.0000e-02 lr: 2.6144e-02  eta: 0:16:47  time: 0.2081  data_time: 0.0183  memory: 12785  grad_norm: 77.8026  loss: 398.3866  loss_cls: 114.6694  loss_bbox: 167.1932  loss_dfl: 116.5240
2024/07/24 14:17:23 - mmengine - INFO - Exp name: step11_add_channelc2f_overall_design-300e_coco_20240724_133030
2024/07/24 14:17:33 - mmengine - INFO - Epoch(train) [207][50/51]  base_lr: 8.0000e-02 lr: 2.5880e-02  eta: 0:16:37  time: 0.2097  data_time: 0.0184  memory: 12239  grad_norm: 77.9083  loss: 398.7205  loss_cls: 114.5252  loss_bbox: 167.6218  loss_dfl: 116.5735
2024/07/24 14:17:34 - mmengine - INFO - Exp name: step11_add_channelc2f_overall_design-300e_coco_20240724_133030
2024/07/24 14:17:44 - mmengine - INFO - Epoch(train) [208][50/51]  base_lr: 8.0000e-02 lr: 2.5616e-02  eta: 0:16:26  time: 0.2112  data_time: 0.0213  memory: 11812  grad_norm: 78.1513  loss: 394.5935  loss_cls: 112.8509  loss_bbox: 165.6392  loss_dfl: 116.1033
2024/07/24 14:17:44 - mmengine - INFO - Exp name: step11_add_channelc2f_overall_design-300e_coco_20240724_133030
2024/07/24 14:17:55 - mmengine - INFO - Epoch(train) [209][50/51]  base_lr: 8.0000e-02 lr: 2.5352e-02  eta: 0:16:15  time: 0.2065  data_time: 0.0190  memory: 16478  grad_norm: 77.1671  loss: 403.5752  loss_cls: 116.3910  loss_bbox: 170.5348  loss_dfl: 116.6494
2024/07/24 14:17:55 - mmengine - INFO - Exp name: step11_add_channelc2f_overall_design-300e_coco_20240724_133030
2024/07/24 14:18:05 - mmengine - INFO - Epoch(train) [210][50/51]  base_lr: 8.0000e-02 lr: 2.5088e-02  eta: 0:16:04  time: 0.2058  data_time: 0.0178  memory: 12132  grad_norm: 77.6826  loss: 396.5935  loss_cls: 113.4192  loss_bbox: 166.6431  loss_dfl: 116.5312
2024/07/24 14:18:05 - mmengine - INFO - Exp name: step11_add_channelc2f_overall_design-300e_coco_20240724_133030
2024/07/24 14:18:05 - mmengine - INFO - Saving checkpoint at 210 epochs
2024/07/24 14:18:08 - mmengine - INFO - Evaluating bbox...
2024/07/24 14:18:33 - mmengine - INFO - bbox_mAP_copypaste: 0.215 0.365 0.216 0.122 0.327 0.441
2024/07/24 14:18:34 - mmengine - INFO - Epoch(val) [210][9/9]    coco/bbox_mAP: 0.2150  coco/bbox_mAP_50: 0.3650  coco/bbox_mAP_75: 0.2160  coco/bbox_mAP_s: 0.1220  coco/bbox_mAP_m: 0.3270  coco/bbox_mAP_l: 0.4410  data_time: 0.0209  time: 0.0476
2024/07/24 14:18:34 - mmengine - INFO - The previous best checkpoint /mnt/exam_log/0722_remdet/overall_design_0723/step11/best_coco_bbox_mAP_epoch_190.pth is removed
2024/07/24 14:18:34 - mmengine - INFO - The best checkpoint with 0.2150 coco/bbox_mAP at 210 epoch is saved to best_coco_bbox_mAP_epoch_210.pth.
2024/07/24 14:18:46 - mmengine - INFO - Epoch(train) [211][50/51]  base_lr: 8.0000e-02 lr: 2.4824e-02  eta: 0:15:54  time: 0.2165  data_time: 0.0249  memory: 12519  grad_norm: 77.0131  loss: 393.8946  loss_cls: 112.4739  loss_bbox: 165.4293  loss_dfl: 115.9914
2024/07/24 14:18:46 - mmengine - INFO - Exp name: step11_add_channelc2f_overall_design-300e_coco_20240724_133030
2024/07/24 14:18:56 - mmengine - INFO - Epoch(train) [212][50/51]  base_lr: 8.0000e-02 lr: 2.4560e-02  eta: 0:15:43  time: 0.2076  data_time: 0.0211  memory: 11359  grad_norm: 77.4441  loss: 397.0055  loss_cls: 113.5849  loss_bbox: 167.2097  loss_dfl: 116.2109
2024/07/24 14:18:56 - mmengine - INFO - Exp name: step11_add_channelc2f_overall_design-300e_coco_20240724_133030
2024/07/24 14:19:07 - mmengine - INFO - Epoch(train) [213][50/51]  base_lr: 8.0000e-02 lr: 2.4296e-02  eta: 0:15:32  time: 0.2068  data_time: 0.0198  memory: 11385  grad_norm: 76.9408  loss: 399.1889  loss_cls: 114.7488  loss_bbox: 167.9907  loss_dfl: 116.4495
2024/07/24 14:19:07 - mmengine - INFO - Exp name: step11_add_channelc2f_overall_design-300e_coco_20240724_133030
2024/07/24 14:19:17 - mmengine - INFO - Epoch(train) [214][50/51]  base_lr: 8.0000e-02 lr: 2.4032e-02  eta: 0:15:21  time: 0.2079  data_time: 0.0178  memory: 11785  grad_norm: 77.2981  loss: 392.5394  loss_cls: 111.8303  loss_bbox: 164.6246  loss_dfl: 116.0846
2024/07/24 14:19:17 - mmengine - INFO - Exp name: step11_add_channelc2f_overall_design-300e_coco_20240724_133030
2024/07/24 14:19:28 - mmengine - INFO - Epoch(train) [215][50/51]  base_lr: 8.0000e-02 lr: 2.3768e-02  eta: 0:15:10  time: 0.2098  data_time: 0.0173  memory: 11545  grad_norm: 77.0174  loss: 393.3518  loss_cls: 112.2316  loss_bbox: 165.0103  loss_dfl: 116.1099
2024/07/24 14:19:28 - mmengine - INFO - Exp name: step11_add_channelc2f_overall_design-300e_coco_20240724_133030
2024/07/24 14:19:36 - mmengine - INFO - Exp name: step11_add_channelc2f_overall_design-300e_coco_20240724_133030
2024/07/24 14:19:39 - mmengine - INFO - Epoch(train) [216][50/51]  base_lr: 8.0000e-02 lr: 2.3504e-02  eta: 0:15:00  time: 0.2102  data_time: 0.0175  memory: 12319  grad_norm: 77.3658  loss: 392.2117  loss_cls: 111.8037  loss_bbox: 164.7328  loss_dfl: 115.6751
2024/07/24 14:19:39 - mmengine - INFO - Exp name: step11_add_channelc2f_overall_design-300e_coco_20240724_133030
2024/07/24 14:19:49 - mmengine - INFO - Epoch(train) [217][50/51]  base_lr: 8.0000e-02 lr: 2.3240e-02  eta: 0:14:49  time: 0.2046  data_time: 0.0170  memory: 12052  grad_norm: 78.4341  loss: 397.8798  loss_cls: 114.1684  loss_bbox: 167.4222  loss_dfl: 116.2892
2024/07/24 14:19:49 - mmengine - INFO - Exp name: step11_add_channelc2f_overall_design-300e_coco_20240724_133030
2024/07/24 14:19:59 - mmengine - INFO - Epoch(train) [218][50/51]  base_lr: 8.0000e-02 lr: 2.2976e-02  eta: 0:14:38  time: 0.2070  data_time: 0.0210  memory: 11959  grad_norm: 77.3798  loss: 394.0093  loss_cls: 112.5651  loss_bbox: 165.9561  loss_dfl: 115.4880
2024/07/24 14:20:00 - mmengine - INFO - Exp name: step11_add_channelc2f_overall_design-300e_coco_20240724_133030
2024/07/24 14:20:10 - mmengine - INFO - Epoch(train) [219][50/51]  base_lr: 8.0000e-02 lr: 2.2712e-02  eta: 0:14:27  time: 0.2067  data_time: 0.0204  memory: 12692  grad_norm: 78.2100  loss: 392.6650  loss_cls: 111.1660  loss_bbox: 165.3689  loss_dfl: 116.1301
2024/07/24 14:20:10 - mmengine - INFO - Exp name: step11_add_channelc2f_overall_design-300e_coco_20240724_133030
2024/07/24 14:20:20 - mmengine - INFO - Epoch(train) [220][50/51]  base_lr: 8.0000e-02 lr: 2.2448e-02  eta: 0:14:16  time: 0.2085  data_time: 0.0175  memory: 16625  grad_norm: 77.6974  loss: 391.8061  loss_cls: 111.5908  loss_bbox: 164.9763  loss_dfl: 115.2390
2024/07/24 14:20:21 - mmengine - INFO - Exp name: step11_add_channelc2f_overall_design-300e_coco_20240724_133030
2024/07/24 14:20:21 - mmengine - INFO - Saving checkpoint at 220 epochs
2024/07/24 14:20:23 - mmengine - INFO - Evaluating bbox...
2024/07/24 14:20:49 - mmengine - INFO - bbox_mAP_copypaste: 0.217 0.367 0.217 0.122 0.330 0.444
2024/07/24 14:20:49 - mmengine - INFO - Epoch(val) [220][9/9]    coco/bbox_mAP: 0.2170  coco/bbox_mAP_50: 0.3670  coco/bbox_mAP_75: 0.2170  coco/bbox_mAP_s: 0.1220  coco/bbox_mAP_m: 0.3300  coco/bbox_mAP_l: 0.4440  data_time: 0.0149  time: 0.0395
2024/07/24 14:20:49 - mmengine - INFO - The previous best checkpoint /mnt/exam_log/0722_remdet/overall_design_0723/step11/best_coco_bbox_mAP_epoch_210.pth is removed
2024/07/24 14:20:49 - mmengine - INFO - The best checkpoint with 0.2170 coco/bbox_mAP at 220 epoch is saved to best_coco_bbox_mAP_epoch_220.pth.
2024/07/24 14:21:01 - mmengine - INFO - Epoch(train) [221][50/51]  base_lr: 8.0000e-02 lr: 2.2184e-02  eta: 0:14:06  time: 0.2101  data_time: 0.0251  memory: 12399  grad_norm: 78.5365  loss: 391.9775  loss_cls: 111.7765  loss_bbox: 164.6917  loss_dfl: 115.5093
2024/07/24 14:21:01 - mmengine - INFO - Exp name: step11_add_channelc2f_overall_design-300e_coco_20240724_133030
2024/07/24 14:21:11 - mmengine - INFO - Epoch(train) [222][50/51]  base_lr: 8.0000e-02 lr: 2.1920e-02  eta: 0:13:55  time: 0.2101  data_time: 0.0217  memory: 11919  grad_norm: 76.9690  loss: 395.0720  loss_cls: 112.4733  loss_bbox: 166.5633  loss_dfl: 116.0354
2024/07/24 14:21:12 - mmengine - INFO - Exp name: step11_add_channelc2f_overall_design-300e_coco_20240724_133030
2024/07/24 14:21:22 - mmengine - INFO - Epoch(train) [223][50/51]  base_lr: 8.0000e-02 lr: 2.1656e-02  eta: 0:13:44  time: 0.2059  data_time: 0.0239  memory: 15652  grad_norm: 79.4109  loss: 390.7223  loss_cls: 110.7659  loss_bbox: 164.3626  loss_dfl: 115.5938
2024/07/24 14:21:22 - mmengine - INFO - Exp name: step11_add_channelc2f_overall_design-300e_coco_20240724_133030
2024/07/24 14:21:32 - mmengine - INFO - Epoch(train) [224][50/51]  base_lr: 8.0000e-02 lr: 2.1392e-02  eta: 0:13:33  time: 0.2091  data_time: 0.0179  memory: 13372  grad_norm: 79.6208  loss: 394.9280  loss_cls: 112.0357  loss_bbox: 166.8458  loss_dfl: 116.0465
2024/07/24 14:21:33 - mmengine - INFO - Exp name: step11_add_channelc2f_overall_design-300e_coco_20240724_133030
2024/07/24 14:21:43 - mmengine - INFO - Epoch(train) [225][50/51]  base_lr: 8.0000e-02 lr: 2.1128e-02  eta: 0:13:23  time: 0.2116  data_time: 0.0185  memory: 12599  grad_norm: 76.8044  loss: 390.3058  loss_cls: 111.0360  loss_bbox: 163.3172  loss_dfl: 115.9526
2024/07/24 14:21:43 - mmengine - INFO - Exp name: step11_add_channelc2f_overall_design-300e_coco_20240724_133030
2024/07/24 14:21:54 - mmengine - INFO - Epoch(train) [226][50/51]  base_lr: 8.0000e-02 lr: 2.0864e-02  eta: 0:13:12  time: 0.2099  data_time: 0.0184  memory: 11972  grad_norm: 78.5330  loss: 395.2229  loss_cls: 112.4484  loss_bbox: 166.6886  loss_dfl: 116.0859
2024/07/24 14:21:54 - mmengine - INFO - Exp name: step11_add_channelc2f_overall_design-300e_coco_20240724_133030
2024/07/24 14:22:05 - mmengine - INFO - Epoch(train) [227][50/51]  base_lr: 8.0000e-02 lr: 2.0600e-02  eta: 0:13:01  time: 0.2116  data_time: 0.0249  memory: 12092  grad_norm: 79.3492  loss: 391.4777  loss_cls: 111.4094  loss_bbox: 163.7973  loss_dfl: 116.2710
2024/07/24 14:22:05 - mmengine - INFO - Exp name: step11_add_channelc2f_overall_design-300e_coco_20240724_133030
2024/07/24 14:22:15 - mmengine - INFO - Epoch(train) [228][50/51]  base_lr: 8.0000e-02 lr: 2.0336e-02  eta: 0:12:50  time: 0.2079  data_time: 0.0191  memory: 11692  grad_norm: 79.4741  loss: 390.0187  loss_cls: 110.2453  loss_bbox: 164.0242  loss_dfl: 115.7492
2024/07/24 14:22:15 - mmengine - INFO - Exp name: step11_add_channelc2f_overall_design-300e_coco_20240724_133030
2024/07/24 14:22:26 - mmengine - INFO - Epoch(train) [229][50/51]  base_lr: 8.0000e-02 lr: 2.0072e-02  eta: 0:12:40  time: 0.2115  data_time: 0.0180  memory: 14292  grad_norm: 80.4196  loss: 388.0071  loss_cls: 108.9832  loss_bbox: 164.0365  loss_dfl: 114.9874
2024/07/24 14:22:26 - mmengine - INFO - Exp name: step11_add_channelc2f_overall_design-300e_coco_20240724_133030
2024/07/24 14:22:36 - mmengine - INFO - Epoch(train) [230][50/51]  base_lr: 8.0000e-02 lr: 1.9808e-02  eta: 0:12:29  time: 0.2041  data_time: 0.0172  memory: 12972  grad_norm: 77.6438  loss: 392.4771  loss_cls: 111.3824  loss_bbox: 165.0484  loss_dfl: 116.0464
2024/07/24 14:22:36 - mmengine - INFO - Exp name: step11_add_channelc2f_overall_design-300e_coco_20240724_133030
2024/07/24 14:22:36 - mmengine - INFO - Saving checkpoint at 230 epochs
2024/07/24 14:22:39 - mmengine - INFO - Evaluating bbox...
2024/07/24 14:23:04 - mmengine - INFO - bbox_mAP_copypaste: 0.217 0.368 0.217 0.123 0.331 0.458
2024/07/24 14:23:05 - mmengine - INFO - Epoch(val) [230][9/9]    coco/bbox_mAP: 0.2170  coco/bbox_mAP_50: 0.3680  coco/bbox_mAP_75: 0.2170  coco/bbox_mAP_s: 0.1230  coco/bbox_mAP_m: 0.3310  coco/bbox_mAP_l: 0.4580  data_time: 0.0246  time: 0.0452
2024/07/24 14:23:15 - mmengine - INFO - Epoch(train) [231][50/51]  base_lr: 8.0000e-02 lr: 1.9544e-02  eta: 0:12:18  time: 0.2162  data_time: 0.0213  memory: 14052  grad_norm: 81.6068  loss: 391.6593  loss_cls: 110.6625  loss_bbox: 165.4614  loss_dfl: 115.5354
2024/07/24 14:23:15 - mmengine - INFO - Exp name: step11_add_channelc2f_overall_design-300e_coco_20240724_133030
2024/07/24 14:23:26 - mmengine - INFO - Epoch(train) [232][50/51]  base_lr: 8.0000e-02 lr: 1.9280e-02  eta: 0:12:08  time: 0.2066  data_time: 0.0176  memory: 12425  grad_norm: 80.0806  loss: 390.8587  loss_cls: 111.2072  loss_bbox: 164.2344  loss_dfl: 115.4171
2024/07/24 14:23:26 - mmengine - INFO - Exp name: step11_add_channelc2f_overall_design-300e_coco_20240724_133030
2024/07/24 14:23:37 - mmengine - INFO - Epoch(train) [233][50/51]  base_lr: 8.0000e-02 lr: 1.9016e-02  eta: 0:11:57  time: 0.2122  data_time: 0.0181  memory: 11572  grad_norm: 80.8158  loss: 387.6470  loss_cls: 109.1125  loss_bbox: 162.6467  loss_dfl: 115.8878
2024/07/24 14:23:37 - mmengine - INFO - Exp name: step11_add_channelc2f_overall_design-300e_coco_20240724_133030
2024/07/24 14:23:47 - mmengine - INFO - Epoch(train) [234][50/51]  base_lr: 8.0000e-02 lr: 1.8752e-02  eta: 0:11:46  time: 0.2014  data_time: 0.0180  memory: 11879  grad_norm: 80.7163  loss: 387.0378  loss_cls: 109.2149  loss_bbox: 162.6014  loss_dfl: 115.2215
2024/07/24 14:23:47 - mmengine - INFO - Exp name: step11_add_channelc2f_overall_design-300e_coco_20240724_133030
2024/07/24 14:23:57 - mmengine - INFO - Epoch(train) [235][50/51]  base_lr: 8.0000e-02 lr: 1.8488e-02  eta: 0:11:35  time: 0.2078  data_time: 0.0186  memory: 15425  grad_norm: 79.9046  loss: 390.5097  loss_cls: 109.6489  loss_bbox: 164.8645  loss_dfl: 115.9963
2024/07/24 14:23:57 - mmengine - INFO - Exp name: step11_add_channelc2f_overall_design-300e_coco_20240724_133030
2024/07/24 14:24:01 - mmengine - INFO - Exp name: step11_add_channelc2f_overall_design-300e_coco_20240724_133030
2024/07/24 14:24:08 - mmengine - INFO - Epoch(train) [236][50/51]  base_lr: 8.0000e-02 lr: 1.8224e-02  eta: 0:11:24  time: 0.2054  data_time: 0.0187  memory: 12385  grad_norm: 80.3726  loss: 385.8501  loss_cls: 108.5592  loss_bbox: 162.0631  loss_dfl: 115.2278
2024/07/24 14:24:08 - mmengine - INFO - Exp name: step11_add_channelc2f_overall_design-300e_coco_20240724_133030
2024/07/24 14:24:19 - mmengine - INFO - Epoch(train) [237][50/51]  base_lr: 8.0000e-02 lr: 1.7960e-02  eta: 0:11:14  time: 0.2160  data_time: 0.0241  memory: 11625  grad_norm: 80.7950  loss: 385.3900  loss_cls: 108.6443  loss_bbox: 161.7922  loss_dfl: 114.9535
2024/07/24 14:24:19 - mmengine - INFO - Exp name: step11_add_channelc2f_overall_design-300e_coco_20240724_133030
2024/07/24 14:24:30 - mmengine - INFO - Epoch(train) [238][50/51]  base_lr: 8.0000e-02 lr: 1.7696e-02  eta: 0:11:03  time: 0.2191  data_time: 0.0186  memory: 11972  grad_norm: 81.1540  loss: 384.0292  loss_cls: 107.9781  loss_bbox: 161.1571  loss_dfl: 114.8941
2024/07/24 14:24:30 - mmengine - INFO - Exp name: step11_add_channelc2f_overall_design-300e_coco_20240724_133030
2024/07/24 14:24:40 - mmengine - INFO - Epoch(train) [239][50/51]  base_lr: 8.0000e-02 lr: 1.7432e-02  eta: 0:10:53  time: 0.2109  data_time: 0.0180  memory: 11305  grad_norm: 80.5431  loss: 385.3032  loss_cls: 108.4417  loss_bbox: 161.9074  loss_dfl: 114.9542
2024/07/24 14:24:41 - mmengine - INFO - Exp name: step11_add_channelc2f_overall_design-300e_coco_20240724_133030
2024/07/24 14:24:51 - mmengine - INFO - Epoch(train) [240][50/51]  base_lr: 8.0000e-02 lr: 1.7168e-02  eta: 0:10:42  time: 0.2145  data_time: 0.0219  memory: 11985  grad_norm: 77.6244  loss: 385.0736  loss_cls: 108.1688  loss_bbox: 161.8345  loss_dfl: 115.0703
2024/07/24 14:24:51 - mmengine - INFO - Exp name: step11_add_channelc2f_overall_design-300e_coco_20240724_133030
2024/07/24 14:24:51 - mmengine - INFO - Saving checkpoint at 240 epochs
2024/07/24 14:24:54 - mmengine - INFO - Evaluating bbox...
2024/07/24 14:25:20 - mmengine - INFO - bbox_mAP_copypaste: 0.217 0.369 0.218 0.123 0.330 0.457
2024/07/24 14:25:20 - mmengine - INFO - Epoch(val) [240][9/9]    coco/bbox_mAP: 0.2170  coco/bbox_mAP_50: 0.3690  coco/bbox_mAP_75: 0.2180  coco/bbox_mAP_s: 0.1230  coco/bbox_mAP_m: 0.3300  coco/bbox_mAP_l: 0.4570  data_time: 0.0153  time: 0.0374
2024/07/24 14:25:30 - mmengine - INFO - Epoch(train) [241][50/51]  base_lr: 8.0000e-02 lr: 1.6904e-02  eta: 0:10:31  time: 0.2114  data_time: 0.0220  memory: 13465  grad_norm: 80.6597  loss: 387.7155  loss_cls: 109.2423  loss_bbox: 163.0661  loss_dfl: 115.4070
2024/07/24 14:25:30 - mmengine - INFO - Exp name: step11_add_channelc2f_overall_design-300e_coco_20240724_133030
2024/07/24 14:25:41 - mmengine - INFO - Epoch(train) [242][50/51]  base_lr: 8.0000e-02 lr: 1.6640e-02  eta: 0:10:20  time: 0.2110  data_time: 0.0176  memory: 12665  grad_norm: 83.1808  loss: 384.4872  loss_cls: 108.3430  loss_bbox: 161.2592  loss_dfl: 114.8850
2024/07/24 14:25:41 - mmengine - INFO - Exp name: step11_add_channelc2f_overall_design-300e_coco_20240724_133030
2024/07/24 14:25:51 - mmengine - INFO - Epoch(train) [243][50/51]  base_lr: 8.0000e-02 lr: 1.6376e-02  eta: 0:10:10  time: 0.2071  data_time: 0.0189  memory: 11452  grad_norm: 80.0003  loss: 379.4262  loss_cls: 105.7783  loss_bbox: 158.8056  loss_dfl: 114.8424
2024/07/24 14:25:52 - mmengine - INFO - Exp name: step11_add_channelc2f_overall_design-300e_coco_20240724_133030
2024/07/24 14:26:02 - mmengine - INFO - Epoch(train) [244][50/51]  base_lr: 8.0000e-02 lr: 1.6112e-02  eta: 0:09:59  time: 0.2093  data_time: 0.0188  memory: 12759  grad_norm: 80.0567  loss: 382.7369  loss_cls: 106.9637  loss_bbox: 160.8439  loss_dfl: 114.9294
2024/07/24 14:26:02 - mmengine - INFO - Exp name: step11_add_channelc2f_overall_design-300e_coco_20240724_133030
2024/07/24 14:26:12 - mmengine - INFO - Epoch(train) [245][50/51]  base_lr: 8.0000e-02 lr: 1.5848e-02  eta: 0:09:48  time: 0.2045  data_time: 0.0182  memory: 13319  grad_norm: 80.5141  loss: 385.0101  loss_cls: 108.4922  loss_bbox: 161.5871  loss_dfl: 114.9308
2024/07/24 14:26:13 - mmengine - INFO - Exp name: step11_add_channelc2f_overall_design-300e_coco_20240724_133030
2024/07/24 14:26:23 - mmengine - INFO - Epoch(train) [246][50/51]  base_lr: 8.0000e-02 lr: 1.5584e-02  eta: 0:09:37  time: 0.2065  data_time: 0.0205  memory: 11999  grad_norm: 82.5024  loss: 384.3603  loss_cls: 107.6500  loss_bbox: 162.0852  loss_dfl: 114.6251
2024/07/24 14:26:23 - mmengine - INFO - Exp name: step11_add_channelc2f_overall_design-300e_coco_20240724_133030
2024/07/24 14:26:33 - mmengine - INFO - Epoch(train) [247][50/51]  base_lr: 8.0000e-02 lr: 1.5320e-02  eta: 0:09:27  time: 0.2099  data_time: 0.0180  memory: 11679  grad_norm: 81.9791  loss: 383.9652  loss_cls: 107.6262  loss_bbox: 161.3840  loss_dfl: 114.9550
2024/07/24 14:26:34 - mmengine - INFO - Exp name: step11_add_channelc2f_overall_design-300e_coco_20240724_133030
2024/07/24 14:26:44 - mmengine - INFO - Epoch(train) [248][50/51]  base_lr: 8.0000e-02 lr: 1.5056e-02  eta: 0:09:16  time: 0.2100  data_time: 0.0190  memory: 12319  grad_norm: 81.0778  loss: 379.9129  loss_cls: 105.6581  loss_bbox: 159.8582  loss_dfl: 114.3965
2024/07/24 14:26:44 - mmengine - INFO - Exp name: step11_add_channelc2f_overall_design-300e_coco_20240724_133030
2024/07/24 14:26:55 - mmengine - INFO - Epoch(train) [249][50/51]  base_lr: 8.0000e-02 lr: 1.4792e-02  eta: 0:09:05  time: 0.2108  data_time: 0.0183  memory: 17172  grad_norm: 81.1387  loss: 382.9416  loss_cls: 106.9401  loss_bbox: 161.0453  loss_dfl: 114.9562
2024/07/24 14:26:55 - mmengine - INFO - Exp name: step11_add_channelc2f_overall_design-300e_coco_20240724_133030
2024/07/24 14:27:05 - mmengine - INFO - Epoch(train) [250][50/51]  base_lr: 8.0000e-02 lr: 1.4528e-02  eta: 0:08:55  time: 0.2105  data_time: 0.0268  memory: 13479  grad_norm: 80.7076  loss: 382.9620  loss_cls: 107.1866  loss_bbox: 161.2399  loss_dfl: 114.5355
2024/07/24 14:27:06 - mmengine - INFO - Exp name: step11_add_channelc2f_overall_design-300e_coco_20240724_133030
2024/07/24 14:27:06 - mmengine - INFO - Saving checkpoint at 250 epochs
2024/07/24 14:27:09 - mmengine - INFO - Evaluating bbox...
2024/07/24 14:27:34 - mmengine - INFO - bbox_mAP_copypaste: 0.217 0.367 0.218 0.124 0.329 0.442
2024/07/24 14:27:34 - mmengine - INFO - Epoch(val) [250][9/9]    coco/bbox_mAP: 0.2170  coco/bbox_mAP_50: 0.3670  coco/bbox_mAP_75: 0.2180  coco/bbox_mAP_s: 0.1240  coco/bbox_mAP_m: 0.3290  coco/bbox_mAP_l: 0.4420  data_time: 0.0243  time: 0.0462
2024/07/24 14:27:44 - mmengine - INFO - Epoch(train) [251][50/51]  base_lr: 8.0000e-02 lr: 1.4264e-02  eta: 0:08:44  time: 0.2087  data_time: 0.0216  memory: 11705  grad_norm: 82.9730  loss: 382.6772  loss_cls: 107.1423  loss_bbox: 160.7238  loss_dfl: 114.8110
2024/07/24 14:27:44 - mmengine - INFO - Exp name: step11_add_channelc2f_overall_design-300e_coco_20240724_133030
2024/07/24 14:27:55 - mmengine - INFO - Epoch(train) [252][50/51]  base_lr: 8.0000e-02 lr: 1.4000e-02  eta: 0:08:33  time: 0.2091  data_time: 0.0182  memory: 11305  grad_norm: 84.3122  loss: 378.0548  loss_cls: 104.2219  loss_bbox: 158.7322  loss_dfl: 115.1006
2024/07/24 14:27:55 - mmengine - INFO - Exp name: step11_add_channelc2f_overall_design-300e_coco_20240724_133030
2024/07/24 14:28:05 - mmengine - INFO - Epoch(train) [253][50/51]  base_lr: 8.0000e-02 lr: 1.3736e-02  eta: 0:08:22  time: 0.2052  data_time: 0.0185  memory: 13652  grad_norm: 82.1612  loss: 377.9198  loss_cls: 104.7768  loss_bbox: 158.7632  loss_dfl: 114.3798
2024/07/24 14:28:05 - mmengine - INFO - Exp name: step11_add_channelc2f_overall_design-300e_coco_20240724_133030
2024/07/24 14:28:16 - mmengine - INFO - Epoch(train) [254][50/51]  base_lr: 8.0000e-02 lr: 1.3472e-02  eta: 0:08:12  time: 0.2126  data_time: 0.0198  memory: 13639  grad_norm: 83.5611  loss: 383.1617  loss_cls: 106.9809  loss_bbox: 161.4840  loss_dfl: 114.6968
2024/07/24 14:28:16 - mmengine - INFO - Exp name: step11_add_channelc2f_overall_design-300e_coco_20240724_133030
2024/07/24 14:28:26 - mmengine - INFO - Exp name: step11_add_channelc2f_overall_design-300e_coco_20240724_133030
2024/07/24 14:28:26 - mmengine - INFO - Epoch(train) [255][50/51]  base_lr: 8.0000e-02 lr: 1.3208e-02  eta: 0:08:01  time: 0.2033  data_time: 0.0180  memory: 12759  grad_norm: 81.0214  loss: 377.9079  loss_cls: 104.7730  loss_bbox: 158.7963  loss_dfl: 114.3386
2024/07/24 14:28:27 - mmengine - INFO - Exp name: step11_add_channelc2f_overall_design-300e_coco_20240724_133030
2024/07/24 14:28:37 - mmengine - INFO - Epoch(train) [256][50/51]  base_lr: 8.0000e-02 lr: 1.2944e-02  eta: 0:07:50  time: 0.2097  data_time: 0.0186  memory: 14452  grad_norm: 80.8119  loss: 375.1539  loss_cls: 103.9978  loss_bbox: 156.2053  loss_dfl: 114.9508
2024/07/24 14:28:37 - mmengine - INFO - Exp name: step11_add_channelc2f_overall_design-300e_coco_20240724_133030
2024/07/24 14:28:48 - mmengine - INFO - Epoch(train) [257][50/51]  base_lr: 8.0000e-02 lr: 1.2680e-02  eta: 0:07:40  time: 0.2070  data_time: 0.0173  memory: 12225  grad_norm: 82.8944  loss: 378.8538  loss_cls: 104.5899  loss_bbox: 159.8894  loss_dfl: 114.3745
2024/07/24 14:28:48 - mmengine - INFO - Exp name: step11_add_channelc2f_overall_design-300e_coco_20240724_133030
2024/07/24 14:28:58 - mmengine - INFO - Epoch(train) [258][50/51]  base_lr: 8.0000e-02 lr: 1.2416e-02  eta: 0:07:29  time: 0.2087  data_time: 0.0217  memory: 13105  grad_norm: 82.8914  loss: 381.6088  loss_cls: 107.0288  loss_bbox: 160.2762  loss_dfl: 114.3038
2024/07/24 14:28:58 - mmengine - INFO - Exp name: step11_add_channelc2f_overall_design-300e_coco_20240724_133030
2024/07/24 14:29:09 - mmengine - INFO - Epoch(train) [259][50/51]  base_lr: 8.0000e-02 lr: 1.2152e-02  eta: 0:07:18  time: 0.2089  data_time: 0.0186  memory: 11719  grad_norm: 83.0955  loss: 376.6394  loss_cls: 104.1569  loss_bbox: 157.8172  loss_dfl: 114.6653
2024/07/24 14:29:09 - mmengine - INFO - Exp name: step11_add_channelc2f_overall_design-300e_coco_20240724_133030
2024/07/24 14:29:19 - mmengine - INFO - Epoch(train) [260][50/51]  base_lr: 8.0000e-02 lr: 1.1888e-02  eta: 0:07:07  time: 0.2102  data_time: 0.0197  memory: 14145  grad_norm: 83.5897  loss: 378.0511  loss_cls: 104.2882  loss_bbox: 159.1650  loss_dfl: 114.5979
2024/07/24 14:29:19 - mmengine - INFO - Exp name: step11_add_channelc2f_overall_design-300e_coco_20240724_133030
2024/07/24 14:29:19 - mmengine - INFO - Saving checkpoint at 260 epochs
2024/07/24 14:29:22 - mmengine - INFO - Evaluating bbox...
2024/07/24 14:29:47 - mmengine - INFO - bbox_mAP_copypaste: 0.218 0.369 0.219 0.125 0.331 0.439
2024/07/24 14:29:47 - mmengine - INFO - Epoch(val) [260][9/9]    coco/bbox_mAP: 0.2180  coco/bbox_mAP_50: 0.3690  coco/bbox_mAP_75: 0.2190  coco/bbox_mAP_s: 0.1250  coco/bbox_mAP_m: 0.3310  coco/bbox_mAP_l: 0.4390  data_time: 0.0234  time: 0.0496
2024/07/24 14:29:47 - mmengine - INFO - The previous best checkpoint /mnt/exam_log/0722_remdet/overall_design_0723/step11/best_coco_bbox_mAP_epoch_220.pth is removed
2024/07/24 14:29:48 - mmengine - INFO - The best checkpoint with 0.2180 coco/bbox_mAP at 260 epoch is saved to best_coco_bbox_mAP_epoch_260.pth.
2024/07/24 14:29:59 - mmengine - INFO - Epoch(train) [261][50/51]  base_lr: 8.0000e-02 lr: 1.1624e-02  eta: 0:06:57  time: 0.2094  data_time: 0.0218  memory: 12865  grad_norm: 84.6735  loss: 375.6953  loss_cls: 104.0962  loss_bbox: 157.0084  loss_dfl: 114.5906
2024/07/24 14:30:00 - mmengine - INFO - Exp name: step11_add_channelc2f_overall_design-300e_coco_20240724_133030
2024/07/24 14:30:10 - mmengine - INFO - Epoch(train) [262][50/51]  base_lr: 8.0000e-02 lr: 1.1360e-02  eta: 0:06:46  time: 0.2070  data_time: 0.0164  memory: 13012  grad_norm: 84.0618  loss: 376.5901  loss_cls: 104.0906  loss_bbox: 157.8959  loss_dfl: 114.6036
2024/07/24 14:30:10 - mmengine - INFO - Exp name: step11_add_channelc2f_overall_design-300e_coco_20240724_133030
2024/07/24 14:30:21 - mmengine - INFO - Epoch(train) [263][50/51]  base_lr: 8.0000e-02 lr: 1.1096e-02  eta: 0:06:35  time: 0.2121  data_time: 0.0189  memory: 12465  grad_norm: 83.2014  loss: 376.7932  loss_cls: 104.2459  loss_bbox: 157.9829  loss_dfl: 114.5644
2024/07/24 14:30:21 - mmengine - INFO - Exp name: step11_add_channelc2f_overall_design-300e_coco_20240724_133030
2024/07/24 14:30:31 - mmengine - INFO - Epoch(train) [264][50/51]  base_lr: 8.0000e-02 lr: 1.0832e-02  eta: 0:06:25  time: 0.2047  data_time: 0.0168  memory: 14239  grad_norm: 83.2237  loss: 379.9053  loss_cls: 104.3394  loss_bbox: 160.8465  loss_dfl: 114.7194
2024/07/24 14:30:31 - mmengine - INFO - Exp name: step11_add_channelc2f_overall_design-300e_coco_20240724_133030
2024/07/24 14:30:42 - mmengine - INFO - Epoch(train) [265][50/51]  base_lr: 8.0000e-02 lr: 1.0568e-02  eta: 0:06:14  time: 0.2097  data_time: 0.0207  memory: 13252  grad_norm: 81.3451  loss: 373.2881  loss_cls: 102.7197  loss_bbox: 156.4659  loss_dfl: 114.1024
2024/07/24 14:30:42 - mmengine - INFO - Exp name: step11_add_channelc2f_overall_design-300e_coco_20240724_133030
2024/07/24 14:30:52 - mmengine - INFO - Epoch(train) [266][50/51]  base_lr: 8.0000e-02 lr: 1.0304e-02  eta: 0:06:03  time: 0.2031  data_time: 0.0181  memory: 12252  grad_norm: 84.4266  loss: 370.7281  loss_cls: 102.2022  loss_bbox: 155.0096  loss_dfl: 113.5164
2024/07/24 14:30:52 - mmengine - INFO - Exp name: step11_add_channelc2f_overall_design-300e_coco_20240724_133030
2024/07/24 14:31:02 - mmengine - INFO - Epoch(train) [267][50/51]  base_lr: 8.0000e-02 lr: 1.0040e-02  eta: 0:05:52  time: 0.2049  data_time: 0.0189  memory: 13852  grad_norm: 85.0686  loss: 378.3459  loss_cls: 104.4857  loss_bbox: 159.4089  loss_dfl: 114.4514
2024/07/24 14:31:02 - mmengine - INFO - Exp name: step11_add_channelc2f_overall_design-300e_coco_20240724_133030
2024/07/24 14:31:13 - mmengine - INFO - Epoch(train) [268][50/51]  base_lr: 8.0000e-02 lr: 9.7760e-03  eta: 0:05:42  time: 0.2054  data_time: 0.0180  memory: 13612  grad_norm: 84.9944  loss: 372.3190  loss_cls: 102.3519  loss_bbox: 156.1007  loss_dfl: 113.8665
2024/07/24 14:31:13 - mmengine - INFO - Exp name: step11_add_channelc2f_overall_design-300e_coco_20240724_133030
2024/07/24 14:31:23 - mmengine - INFO - Epoch(train) [269][50/51]  base_lr: 8.0000e-02 lr: 9.5120e-03  eta: 0:05:31  time: 0.2092  data_time: 0.0179  memory: 13345  grad_norm: 82.9402  loss: 375.8858  loss_cls: 102.9981  loss_bbox: 158.6630  loss_dfl: 114.2248
2024/07/24 14:31:23 - mmengine - INFO - Exp name: step11_add_channelc2f_overall_design-300e_coco_20240724_133030
2024/07/24 14:31:34 - mmengine - INFO - Epoch(train) [270][50/51]  base_lr: 8.0000e-02 lr: 9.2480e-03  eta: 0:05:20  time: 0.2092  data_time: 0.0184  memory: 12439  grad_norm: 82.4296  loss: 372.5901  loss_cls: 102.6147  loss_bbox: 156.3216  loss_dfl: 113.6538
2024/07/24 14:31:34 - mmengine - INFO - Exp name: step11_add_channelc2f_overall_design-300e_coco_20240724_133030
2024/07/24 14:31:34 - mmengine - INFO - Saving checkpoint at 270 epochs
2024/07/24 14:31:37 - mmengine - INFO - Evaluating bbox...
2024/07/24 14:32:02 - mmengine - INFO - bbox_mAP_copypaste: 0.218 0.370 0.217 0.127 0.331 0.439
2024/07/24 14:32:03 - mmengine - INFO - Epoch(val) [270][9/9]    coco/bbox_mAP: 0.2180  coco/bbox_mAP_50: 0.3700  coco/bbox_mAP_75: 0.2170  coco/bbox_mAP_s: 0.1270  coco/bbox_mAP_m: 0.3310  coco/bbox_mAP_l: 0.4390  data_time: 0.0266  time: 0.0481
2024/07/24 14:32:13 - mmengine - INFO - Epoch(train) [271][50/51]  base_lr: 8.0000e-02 lr: 8.9840e-03  eta: 0:05:10  time: 0.2095  data_time: 0.0205  memory: 11705  grad_norm: 84.5919  loss: 368.7847  loss_cls: 101.0255  loss_bbox: 154.8429  loss_dfl: 112.9163
2024/07/24 14:32:13 - mmengine - INFO - Exp name: step11_add_channelc2f_overall_design-300e_coco_20240724_133030
2024/07/24 14:32:23 - mmengine - INFO - Epoch(train) [272][50/51]  base_lr: 8.0000e-02 lr: 8.7200e-03  eta: 0:04:59  time: 0.2053  data_time: 0.0180  memory: 12252  grad_norm: 84.6439  loss: 368.9219  loss_cls: 100.1851  loss_bbox: 154.7360  loss_dfl: 114.0009
2024/07/24 14:32:24 - mmengine - INFO - Exp name: step11_add_channelc2f_overall_design-300e_coco_20240724_133030
2024/07/24 14:32:34 - mmengine - INFO - Epoch(train) [273][50/51]  base_lr: 8.0000e-02 lr: 8.4560e-03  eta: 0:04:48  time: 0.2067  data_time: 0.0181  memory: 12172  grad_norm: 83.9476  loss: 368.5750  loss_cls: 100.5205  loss_bbox: 154.4004  loss_dfl: 113.6541
2024/07/24 14:32:34 - mmengine - INFO - Exp name: step11_add_channelc2f_overall_design-300e_coco_20240724_133030
2024/07/24 14:32:44 - mmengine - INFO - Epoch(train) [274][50/51]  base_lr: 8.0000e-02 lr: 8.1920e-03  eta: 0:04:37  time: 0.2083  data_time: 0.0188  memory: 13439  grad_norm: 83.5284  loss: 369.9990  loss_cls: 100.2763  loss_bbox: 156.2749  loss_dfl: 113.4478
2024/07/24 14:32:45 - mmengine - INFO - Exp name: step11_add_channelc2f_overall_design-300e_coco_20240724_133030
2024/07/24 14:32:51 - mmengine - INFO - Exp name: step11_add_channelc2f_overall_design-300e_coco_20240724_133030
2024/07/24 14:32:55 - mmengine - INFO - Epoch(train) [275][50/51]  base_lr: 8.0000e-02 lr: 7.9280e-03  eta: 0:04:27  time: 0.2034  data_time: 0.0213  memory: 12439  grad_norm: 85.2195  loss: 369.3952  loss_cls: 100.2595  loss_bbox: 155.5127  loss_dfl: 113.6229
2024/07/24 14:32:55 - mmengine - INFO - Exp name: step11_add_channelc2f_overall_design-300e_coco_20240724_133030
2024/07/24 14:33:05 - mmengine - INFO - Epoch(train) [276][50/51]  base_lr: 8.0000e-02 lr: 7.6640e-03  eta: 0:04:16  time: 0.2055  data_time: 0.0186  memory: 11799  grad_norm: 86.6467  loss: 369.0497  loss_cls: 100.5861  loss_bbox: 155.0345  loss_dfl: 113.4291
2024/07/24 14:33:05 - mmengine - INFO - Exp name: step11_add_channelc2f_overall_design-300e_coco_20240724_133030
2024/07/24 14:33:16 - mmengine - INFO - Epoch(train) [277][50/51]  base_lr: 8.0000e-02 lr: 7.4000e-03  eta: 0:04:05  time: 0.2055  data_time: 0.0186  memory: 14105  grad_norm: 84.1548  loss: 366.5801  loss_cls: 99.2462  loss_bbox: 154.2040  loss_dfl: 113.1299
2024/07/24 14:33:16 - mmengine - INFO - Exp name: step11_add_channelc2f_overall_design-300e_coco_20240724_133030
2024/07/24 14:33:26 - mmengine - INFO - Epoch(train) [278][50/51]  base_lr: 8.0000e-02 lr: 7.1360e-03  eta: 0:03:55  time: 0.2085  data_time: 0.0186  memory: 12732  grad_norm: 85.9751  loss: 366.1498  loss_cls: 100.1081  loss_bbox: 152.6202  loss_dfl: 113.4216
2024/07/24 14:33:26 - mmengine - INFO - Exp name: step11_add_channelc2f_overall_design-300e_coco_20240724_133030
2024/07/24 14:33:37 - mmengine - INFO - Epoch(train) [279][50/51]  base_lr: 8.0000e-02 lr: 6.8720e-03  eta: 0:03:44  time: 0.2052  data_time: 0.0226  memory: 12319  grad_norm: 85.4159  loss: 365.7500  loss_cls: 98.1124  loss_bbox: 154.1718  loss_dfl: 113.4657
2024/07/24 14:33:37 - mmengine - INFO - Exp name: step11_add_channelc2f_overall_design-300e_coco_20240724_133030
2024/07/24 14:33:47 - mmengine - INFO - Epoch(train) [280][50/51]  base_lr: 8.0000e-02 lr: 6.6080e-03  eta: 0:03:33  time: 0.2025  data_time: 0.0175  memory: 12265  grad_norm: 85.7526  loss: 371.9316  loss_cls: 100.8032  loss_bbox: 157.2627  loss_dfl: 113.8657
2024/07/24 14:33:47 - mmengine - INFO - Exp name: step11_add_channelc2f_overall_design-300e_coco_20240724_133030
2024/07/24 14:33:47 - mmengine - INFO - Saving checkpoint at 280 epochs
2024/07/24 14:33:50 - mmengine - INFO - Evaluating bbox...
2024/07/24 14:34:15 - mmengine - INFO - bbox_mAP_copypaste: 0.218 0.371 0.219 0.127 0.330 0.445
2024/07/24 14:34:15 - mmengine - INFO - Epoch(val) [280][9/9]    coco/bbox_mAP: 0.2180  coco/bbox_mAP_50: 0.3710  coco/bbox_mAP_75: 0.2190  coco/bbox_mAP_s: 0.1270  coco/bbox_mAP_m: 0.3300  coco/bbox_mAP_l: 0.4450  data_time: 0.0197  time: 0.0442
2024/07/24 14:34:26 - mmengine - INFO - Epoch(train) [281][50/51]  base_lr: 8.0000e-02 lr: 6.3440e-03  eta: 0:03:23  time: 0.2147  data_time: 0.0222  memory: 12145  grad_norm: 86.0155  loss: 365.2815  loss_cls: 98.7050  loss_bbox: 153.2437  loss_dfl: 113.3329
2024/07/24 14:34:26 - mmengine - INFO - Exp name: step11_add_channelc2f_overall_design-300e_coco_20240724_133030
2024/07/24 14:34:36 - mmengine - INFO - Epoch(train) [282][50/51]  base_lr: 8.0000e-02 lr: 6.0800e-03  eta: 0:03:12  time: 0.2104  data_time: 0.0188  memory: 14665  grad_norm: 86.2781  loss: 366.1788  loss_cls: 99.0465  loss_bbox: 153.5058  loss_dfl: 113.6265
2024/07/24 14:34:36 - mmengine - INFO - Exp name: step11_add_channelc2f_overall_design-300e_coco_20240724_133030
2024/07/24 14:34:47 - mmengine - INFO - Epoch(train) [283][50/51]  base_lr: 8.0000e-02 lr: 5.8160e-03  eta: 0:03:01  time: 0.2085  data_time: 0.0194  memory: 12999  grad_norm: 84.6228  loss: 364.2009  loss_cls: 98.5940  loss_bbox: 152.9835  loss_dfl: 112.6234
2024/07/24 14:34:47 - mmengine - INFO - Exp name: step11_add_channelc2f_overall_design-300e_coco_20240724_133030
2024/07/24 14:34:57 - mmengine - INFO - Epoch(train) [284][50/51]  base_lr: 8.0000e-02 lr: 5.5520e-03  eta: 0:02:51  time: 0.2086  data_time: 0.0173  memory: 16465  grad_norm: 85.8478  loss: 366.7340  loss_cls: 99.2495  loss_bbox: 154.3078  loss_dfl: 113.1766
2024/07/24 14:34:58 - mmengine - INFO - Exp name: step11_add_channelc2f_overall_design-300e_coco_20240724_133030
2024/07/24 14:35:08 - mmengine - INFO - Epoch(train) [285][50/51]  base_lr: 8.0000e-02 lr: 5.2880e-03  eta: 0:02:40  time: 0.2108  data_time: 0.0194  memory: 14998  grad_norm: 86.3706  loss: 368.4060  loss_cls: 100.0086  loss_bbox: 155.0515  loss_dfl: 113.3459
2024/07/24 14:35:08 - mmengine - INFO - Exp name: step11_add_channelc2f_overall_design-300e_coco_20240724_133030
2024/07/24 14:35:19 - mmengine - INFO - Epoch(train) [286][50/51]  base_lr: 8.0000e-02 lr: 5.0240e-03  eta: 0:02:29  time: 0.2075  data_time: 0.0193  memory: 18825  grad_norm: 84.4098  loss: 366.0669  loss_cls: 98.3471  loss_bbox: 154.2015  loss_dfl: 113.5183
2024/07/24 14:35:19 - mmengine - INFO - Exp name: step11_add_channelc2f_overall_design-300e_coco_20240724_133030
2024/07/24 14:35:29 - mmengine - INFO - Epoch(train) [287][50/51]  base_lr: 8.0000e-02 lr: 4.7600e-03  eta: 0:02:18  time: 0.2071  data_time: 0.0176  memory: 12012  grad_norm: 85.8702  loss: 363.3433  loss_cls: 97.3012  loss_bbox: 152.4999  loss_dfl: 113.5422
2024/07/24 14:35:29 - mmengine - INFO - Exp name: step11_add_channelc2f_overall_design-300e_coco_20240724_133030
2024/07/24 14:35:40 - mmengine - INFO - Epoch(train) [288][50/51]  base_lr: 8.0000e-02 lr: 4.4960e-03  eta: 0:02:08  time: 0.2121  data_time: 0.0263  memory: 13612  grad_norm: 84.9089  loss: 364.0215  loss_cls: 97.9949  loss_bbox: 153.3473  loss_dfl: 112.6792
2024/07/24 14:35:40 - mmengine - INFO - Exp name: step11_add_channelc2f_overall_design-300e_coco_20240724_133030
2024/07/24 14:35:50 - mmengine - INFO - Epoch(train) [289][50/51]  base_lr: 8.0000e-02 lr: 4.2320e-03  eta: 0:01:57  time: 0.2073  data_time: 0.0197  memory: 12159  grad_norm: 85.2719  loss: 359.4108  loss_cls: 96.0953  loss_bbox: 150.7082  loss_dfl: 112.6072
2024/07/24 14:35:51 - mmengine - INFO - Exp name: step11_add_channelc2f_overall_design-300e_coco_20240724_133030
2024/07/24 14:36:01 - mmengine - INFO - Epoch(train) [290][50/51]  base_lr: 8.0000e-02 lr: 3.9680e-03  eta: 0:01:46  time: 0.2086  data_time: 0.0185  memory: 15132  grad_norm: 85.7323  loss: 361.0844  loss_cls: 96.2227  loss_bbox: 151.8632  loss_dfl: 112.9984
2024/07/24 14:36:01 - mmengine - INFO - Exp name: step11_add_channelc2f_overall_design-300e_coco_20240724_133030
2024/07/24 14:36:01 - mmengine - INFO - Saving checkpoint at 290 epochs
2024/07/24 14:36:04 - mmengine - INFO - Evaluating bbox...
2024/07/24 14:36:29 - mmengine - INFO - bbox_mAP_copypaste: 0.218 0.371 0.219 0.127 0.330 0.445
2024/07/24 14:36:29 - mmengine - INFO - Epoch(val) [290][9/9]    coco/bbox_mAP: 0.2180  coco/bbox_mAP_50: 0.3710  coco/bbox_mAP_75: 0.2190  coco/bbox_mAP_s: 0.1270  coco/bbox_mAP_m: 0.3300  coco/bbox_mAP_l: 0.4450  data_time: 0.0202  time: 0.0498
2024/07/24 14:36:29 - mmengine - INFO - Switch pipeline now!
2024/07/24 14:36:40 - mmengine - INFO - Epoch(train) [291][50/51]  base_lr: 8.0000e-02 lr: 3.7040e-03  eta: 0:01:36  time: 0.2056  data_time: 0.0276  memory: 11679  grad_norm: 127.7938  loss: 365.2211  loss_cls: 99.4950  loss_bbox: 152.5911  loss_dfl: 113.1350
2024/07/24 14:36:40 - mmengine - INFO - Exp name: step11_add_channelc2f_overall_design-300e_coco_20240724_133030
2024/07/24 14:36:49 - mmengine - INFO - Epoch(train) [292][50/51]  base_lr: 8.0000e-02 lr: 3.4400e-03  eta: 0:01:25  time: 0.1937  data_time: 0.0099  memory: 10319  grad_norm: 110.7511  loss: 352.8409  loss_cls: 92.6591  loss_bbox: 147.9089  loss_dfl: 112.2729
2024/07/24 14:36:49 - mmengine - INFO - Exp name: step11_add_channelc2f_overall_design-300e_coco_20240724_133030
2024/07/24 14:36:59 - mmengine - INFO - Epoch(train) [293][50/51]  base_lr: 8.0000e-02 lr: 3.1760e-03  eta: 0:01:14  time: 0.1935  data_time: 0.0108  memory: 11265  grad_norm: 112.9926  loss: 351.7851  loss_cls: 92.4130  loss_bbox: 147.2259  loss_dfl: 112.1462
2024/07/24 14:36:59 - mmengine - INFO - Exp name: step11_add_channelc2f_overall_design-300e_coco_20240724_133030
2024/07/24 14:37:09 - mmengine - INFO - Epoch(train) [294][50/51]  base_lr: 8.0000e-02 lr: 2.9120e-03  eta: 0:01:04  time: 0.1913  data_time: 0.0125  memory: 13185  grad_norm: 107.8280  loss: 351.9280  loss_cls: 91.9529  loss_bbox: 147.3148  loss_dfl: 112.6603
2024/07/24 14:37:09 - mmengine - INFO - Exp name: step11_add_channelc2f_overall_design-300e_coco_20240724_133030
2024/07/24 14:37:11 - mmengine - INFO - Exp name: step11_add_channelc2f_overall_design-300e_coco_20240724_133030
2024/07/24 14:37:19 - mmengine - INFO - Epoch(train) [295][50/51]  base_lr: 8.0000e-02 lr: 2.6480e-03  eta: 0:00:53  time: 0.1913  data_time: 0.0158  memory: 10265  grad_norm: 109.1436  loss: 350.8121  loss_cls: 91.7808  loss_bbox: 146.5569  loss_dfl: 112.4745
2024/07/24 14:37:19 - mmengine - INFO - Exp name: step11_add_channelc2f_overall_design-300e_coco_20240724_133030
2024/07/24 14:37:28 - mmengine - INFO - Epoch(train) [296][50/51]  base_lr: 8.0000e-02 lr: 2.3840e-03  eta: 0:00:42  time: 0.1834  data_time: 0.0133  memory: 10652  grad_norm: 106.0873  loss: 347.4008  loss_cls: 90.9226  loss_bbox: 144.4461  loss_dfl: 112.0321
2024/07/24 14:37:28 - mmengine - INFO - Exp name: step11_add_channelc2f_overall_design-300e_coco_20240724_133030
2024/07/24 14:37:37 - mmengine - INFO - Epoch(train) [297][50/51]  base_lr: 8.0000e-02 lr: 2.1200e-03  eta: 0:00:32  time: 0.1868  data_time: 0.0109  memory: 11305  grad_norm: 108.2180  loss: 344.4373  loss_cls: 89.3200  loss_bbox: 143.0886  loss_dfl: 112.0286
2024/07/24 14:37:37 - mmengine - INFO - Exp name: step11_add_channelc2f_overall_design-300e_coco_20240724_133030
2024/07/24 14:37:47 - mmengine - INFO - Epoch(train) [298][50/51]  base_lr: 8.0000e-02 lr: 1.8560e-03  eta: 0:00:21  time: 0.1860  data_time: 0.0105  memory: 10812  grad_norm: 104.1616  loss: 345.4293  loss_cls: 89.4301  loss_bbox: 144.1122  loss_dfl: 111.8870
2024/07/24 14:37:47 - mmengine - INFO - Exp name: step11_add_channelc2f_overall_design-300e_coco_20240724_133030
2024/07/24 14:37:56 - mmengine - INFO - Epoch(train) [299][50/51]  base_lr: 8.0000e-02 lr: 1.5920e-03  eta: 0:00:10  time: 0.1853  data_time: 0.0102  memory: 12572  grad_norm: 105.5108  loss: 349.1445  loss_cls: 90.2657  loss_bbox: 146.5598  loss_dfl: 112.3191
2024/07/24 14:37:56 - mmengine - INFO - Exp name: step11_add_channelc2f_overall_design-300e_coco_20240724_133030
2024/07/24 14:38:06 - mmengine - INFO - Epoch(train) [300][50/51]  base_lr: 8.0000e-02 lr: 1.3280e-03  eta: 0:00:00  time: 0.1913  data_time: 0.0161  memory: 11119  grad_norm: 103.9817  loss: 342.6492  loss_cls: 87.0834  loss_bbox: 143.3157  loss_dfl: 112.2501
2024/07/24 14:38:06 - mmengine - INFO - Exp name: step11_add_channelc2f_overall_design-300e_coco_20240724_133030
2024/07/24 14:38:06 - mmengine - INFO - Saving checkpoint at 300 epochs
2024/07/24 14:38:09 - mmengine - INFO - Evaluating bbox...
2024/07/24 14:38:35 - mmengine - INFO - bbox_mAP_copypaste: 0.218 0.370 0.218 0.127 0.330 0.435
2024/07/24 14:38:35 - mmengine - INFO - Epoch(val) [300][9/9]    coco/bbox_mAP: 0.2180  coco/bbox_mAP_50: 0.3700  coco/bbox_mAP_75: 0.2180  coco/bbox_mAP_s: 0.1270  coco/bbox_mAP_m: 0.3300  coco/bbox_mAP_l: 0.4350  data_time: 0.0200  time: 0.0543
